1000005001
1000078041421434880
1000122949645586432
1000198128526659584
1000218878
1000230050736701441
1000413742423781376
1000416326194810881
1000417870814351365
1000563587809624065
1000644295890784258
10006492
1000763340866621440
100077645
1000780428188434432
1001016014384128000
1001113010612703232
1001142369792811009
1001170046897524737
1001210742694084608
1001212559448567810
1001266627432792064
1001286160478556161
1001409548832395265
1001477981460664320
1001498767525335040
100150340
100150576
1001563985098035200
1001775960763588608
1001858877921652736
1001859866
100188103
1001903494389944320
1001993047591342080
1002037376
1002156933506392065
1002161334060920833
1002361483169226752
1002369033130401792
1002420947524247552
1002561836204593152
1002586533357072386
1002586812
1002601147901857793
1002613910
1002630999052865536
1002658998078799872
1002681671584567297
1002755560582860802
1002761314199130113
1002859582153207808
1002894078915194880
1002897401001205760
1002912268961529856
1002982041229709314
100301510
1003084294938681344
1003215786427772928
1003232047228432385
100324867
100331858
1003318668326064128
1003423164481728513
100346356
100348291
100348350
1003687695636402176
1003733434957684736
1003753267044597760
1003768132660494343
1003795430482771968
1003809552800731137
1003861874360778752
1003987640427769857
10040082
1004025543614959619
1004047139062755328
1004065528871247872
1004198262
1004256811
1004270117298102273
1004318000584056832
1004339244
1004431718911180800
1004461179702599686
1004467275750141953
1004484314
1004502282736525312
1004681701644091392
1004689374221623297
1004694289
1004697063974633472
1004704254974496768
1004728196665958400
100482942
1004844064389378048
1004856975274885121
1004913473208406019
1004915164963954688
1004927923
100492801
1004946711637159937
1004956382
1005058020
100509703
1005143989253824515
1005237882
1005248964
1005435280948715525
1005443237425942529
100545608
1005496562234118145
1005532919786606597
100561484
1005681134884122624
1005713604
1005799404656365568
1005815296085520384
1005896143
100592511
1006003024492285952
1006011269894328320
1006016239053881344
1006028659
1006047614746234880
1006081536
1006181810177544192
1006223261401800704
1006251576
1006338027076161537
1006485906725859329
100650272
1006549012219092992
1006603797970317312
1006622911598350336
100663115
1006636231273385984
1006670661505507328
100668146
1006779199
1006942222980268033
1006967125754331136
1006992857381474305
1007085018001428481
1007195580
1007246490698301440
1007266297
1007269733316677639
1007396563474309120
1007437166392238080
1007591144
1007637736487038976
1007646909958324224
1007654298862354434
1007655855519514624
100783877
1007910588
1007928821251620865
1007945678000140289
1008000044
1008047417999032320
1008103433822351360
1008292480041799680
1008466020107866113
100847526
1008620713174028288
1008738336
1008760087341514758
1008761901503975425
1008766544644485120
1008787055223214081
1008831630021218304
100887036
1008955495
1009020279190781954
100902907
1009033756399763459
1009076054944829440
1009095043
100911222
1009117985506656256
1009311977544568832
100934451
1009419716962738178
1009501419035119616
1009577803304656896
1009592428117086208
1009631625523712000
1009648763265339392
1009709903634579456
100975395
1009827189410365440
1009864282409000961
101002059
1010061655235940352
101017453
1010234888
1010248172164313088
1010250534350151681
1010320666648645632
101043870
1010623406176235520
1010760022744129538
1010890262434889734
1011013667188436992
1011224009759973377
1011243390044958721
1011282078942617601
1011307903326806017
1011418918567792641
1011454245521051649
1011554833860562945
1011580472709787648
1011777828696625153
1011804409863593984
1011887054345592833
1011905119032696832
101192713
1011967081
1012020753246621696
1012108315000623104
1012157576
1012201853877186562
101222700
1012393916346392576
1012396774751907841
1012426446
1012636248341647360
10126672
1012726768665427968
1012745263671226369
1012763786
1013072491319910401
1013075844011560960
1013095489237995520
1013127258511368193
1013180421432016898
1013182092845428736
1013237847451684865
1013346360
101336969
1013378941
1013399942
1013422131177230336
1013465243635408897
1013561301560320001
1013584655336050688
101363114
1013685108182638594
1013737845192888321
1013784782436790272
1013837215271739392
1013867644506669056
1013867852015677440
1014200943292936192
1014216121275289601
101422940
1014235561677205504
1014261270571372544
1014262556
1014345292819279872
1014464913207590913
1014498961963536384
1014571652913487872
1014627838375362560
1014673393860440064
1014823178
1014899435690741762
1014916556709646336
1014922465
1014940385498431488
1014943690366902272
1015176926665703425
1015267052548788224
1015288783418388481
1015312720789430273
1015399724776640512
1015448038989619201
1015526894
1015655759751806976
1015662891784179712
101567988
1015736342804742146
1015834210328719361
1015928505748606977
101594119
101597075
1015980289
1016009303973617669
1016104724364513280
1016211992
1016220361
1016366929186115584
1016390616190799872
1016408818744528896
1016409968642330626
1016420068651962368
1016613097
1016680837222424577
1016737619894341632
1016886414313603074
1016887304399532032
101693250
1016950676092477440
1016999096220037121
1017039921255624705
1017081510292176896
1017187925182869504
1017192667
101721507
1017263041870745601
1017293379418382336
1017393811402772481
1017420700427214848
1017475931869536256
1017507245226168320
1017517703014346753
1017540973562355712
1017558422408089600
101761562
1017776651806150656
1017815060419407877
1017816919980769280
1017819745880543238
1017827828602232832
1017863539812380673
1017922815255875584
1018113761176178689
1018144154445144064
1018184786
1018340810
1018425398869282817
101848693
1018627848
1018660693
1018697824282656768
1018739064000872449
101885355
101885429
1018868378
101893603
1018990596
1018996249540907008
1019010607603908616
1019025899100909568
1019196435517071360
1019204246397509632
1019271812474171392
101929153
1019311500991791104
1019322814099271682
1019329922270101504
101934940
1019364099505971201
1019375935
1019394213073563648
1019406005824675845
1019413340941115392
1019469630
1019565941015875585
1019623605942882304
1019629232056619008
1019721835691282433
1019743517789310982
1019751185606160385
1019802864
1020014138129616900
1020028662073077760
1020031182560473088
1020038306728357888
1020045226507997184
1020141867525001219
1020213482141044736
102023574
1020263148
1020263690208202753
102027437
1020311076892798978
1020379382983069702
1020418150821744640
1020455224480169984
102054746
1020591393704763393
1020612678912364544
1020651097
1020686148820062209
1020700281464487936
1020715915065856000
1020716396504862721
1020732283811028994
1020781144491593728
1020785021974560769
1020789978639536128
102079046
1020827055724814336
10209292
102098902
1021192197914464257
1021204587154268161
1021208979513454597
1021213055919828993
1021262034749612034
1021295048
1021315897095409664
1021389172295196674
10215212
102157523
102162577
1021726759820115968
1021737944200171525
102178991
102179161
102179167
1021805156453765120
1021850079479713793
1021875830794924034
1021882891834294272
1021903947177644033
1021919009002991616
1022005424004968455
1022060980430413830
1022155770
1022188086283960320
1022257111621926913
1022263688
1022470718649499648
1022517438
1022522684498948096
1022550523
1022602604
1022644813672468481
102268884
1022693675250249729
1022730549645983744
102275856
1022853254273818625
1022902065293451264
1022904427
1022906270427344896
1022959797367447553
1022972435287736320
1022975232850763776
1023045913994919936
1023204465011113984
1023235874098749441
1023247490
102327070
1023286170405371904
1023291443736010752
102334976
1023421856986980352
102344243
102355805
1023566834791006208
1023674520534704131
1023697482419773442
1023747313733443584
1023758060823576576
1023772862912421888
1023819984378552321
1023827180
102391534
1023920330191056896
1023977360432029697
1023998352885735425
1024016521062961152
1024047313017290752
1024088196056010753
1024094570232070149
1024179554
102420077
1024200993398054912
1024213873199656961
1024364772
102439579
102466223
1024706893661589510
102486369
1024874891609165824
1025014964455702529
1025044690083573760
1025198861688758274
1025327454
1025412360658403328
1025522203
1025523039038066688
1025612662158180352
1025638818068590592
1025808675557048321
102581087
1025836099053277186
1025863356102660098
102601102
1026078806522642433
1026118422562779136
1026242238374981632
1026375947455483904
102638431
1026437205789761537
1026461628336926720
1026573458594062336
1026573473014050823
1026576700610621441
1026639332017356800
1026649952
1026655048816885762
1026699823892901888
1026717690931625984
1026803466142969856
1026840772157554688
1026877644
102691451
1027018554
1027098691306278912
1027153470359568384
102716123
102722311
102728963
1027290944524247045
1027348660013563904
1027379881
102738557
1027403448
102746079
1027474080016941056
102748626
1027491494
102751077
1027591390342119424
102787417
1027928327259009026
102793471
1027940737005039616
1027969260
1028008117035040769
102801892
1028064276974583808
1028080317700161541
1028148343602667520
102815335
1028241998648684545
102825384
1028282377615953921
1028304252
102833538
1028359451496075265
1028492346931871745
1028705358586363904
102874115
1028743871965134849
1028770525160660993
1028774565491687425
1028821446
1028833460
1028924318
1028962892039835648
1029041185808109568
1029067752168771585
1029083413
1029157420382056448
10292132
1029478093
1029605676
1029662768809603072
1029693085129666560
1029715067514880001
1029716535605116928
1029750737604173825
1029849348
1029896662855176194
1029929040700993536
1030058592873803777
1030137840976519168
1030141123
10302222
103031465
1030371638678700033
1030416893528530944
1030444205867511810
1030550697157242881
103057111
103059707
103065157
1030848002431361025
1030854131525844994
1030933334
1031004494
1031079522
1031117448395862016
1031192295855538177
1031198860272705536
1031236577878581248
103130939
1031332700324540417
1031347404
1031364102906695681
1031367711987658753
1031459106735972353
1031530278
1031539964088131585
103157233
1031691314536935424
1031701674954510337
1031713479961366534
1031725548958101504
1031804729972740096
1031872658575642624
1031946753510203392
10319542
1032000180566933505
1032031832647323648
1032085958013931520
1032154728505856001
1032200157411127297
1032294636319059970
1032337062333169664
1032356613838000130
1032359096937324544
1032412335351128065
1032449165085892608
103255311
1032621676997963776
1032623657582047232
10326532
1032700763540086784
1032719531515334658
1032744357777039361
103275252
1032833543284637697
1032907487190503425
1032927490338160640
1032980885027602433
1033084441697153024
1033124542535753728
1033152632527892480
1033195357
103333405
1033337786047377410
1033444447042846720
103352407
1033700377
1033739483609481216
1033751995184762880
1033761461699571712
1033832755493257217
1033946313858142208
1033971577858080768
1033994695595065347
1034081039935840257
103410640
1034115340295319552
1034123936953446401
1034207030981140480
1034207941338062849
1034215444138401792
1034250341989208064
1034250501540339712
1034313132225613824
1034560003212861440
1034608210403942400
10346412
1034665434417643520
1034675221452578816
1034707222603939840
1034730215459758080
1034765060906860545
1034823776876351490
1034961008039624704
1034977093728260096
1035016944833966080
103506740
1035101408
1035196275552149505
1035245136790388736
1035304250014875650
1035407102
1035517868996263937
1035573174342012929
10355872
1035660044241498112
1035758959297085440
1035790524974694400
1035857282553114624
1035918633745240066
1035920142843215874
1035961415591489537
1035992038750281729
1036037388
1036115508
103620582
1036269750869995520
1036287094572765184
103629104
1036309014
1036327584945135616
1036336093585715201
103642972
1036480460338024448
1036493048602152961
1036534121688969216
1036574230207504385
1036623396086407170
1036717652994076675
1036779185660993536
1036816881347219457
1037003263206453248
1037174991819759616
10371822
103719373
1037216725178228741
1037219893752545280
1037223984
1037240697492066304
1037285157416443904
103729162
1037376554848923648
1037435749581443072
10375182
1037528489178451968
1037663718686031879
1037741540
1037804044276953088
1037810149539373057
1037909515767820293
1037931781532667904
1038057311988801536
1038091753411293185
1038106141732089857
1038133212776673282
1038135102448926720
1038205620246130688
1038208115525799936
1038279542476091393
103830832
1038345808603750400
1038370197718138880
1038380333710958592
1038481676
1038489845956530182
1038524810236751875
1038531162124238849
1038544331257401344
1038547566277709824
1038620880
103874436
1038809979430612993
1038834123161231361
1038870304792174592
1038980954
103901994
103902751
1039029979646910464
103905161
1039079833567879168
1039122331
1039260079864729601
103927116
103937127
1039407762688684032
103942252
103948050
1039480954899849216
103949235
103959028
1039783006611890177
1039843334381101056
1039864785033150465
1039878498356264960
1039916241702404097
10399382
103999368
1040001835610845185
1040058893907513344
1040117906720215040
104015433
1040246840762028033
1040377079630422017
104040220
104043875
1040456020038901760
104047681
104048714
104050652
1040518649323433985
1040615905196171264
1040807520
104090332
1040954713
1040957608109195264
1040994514280886272
1041030894926983168
1041036034333712384
1041043669145542656
1041072177091567616
1041103911342362624
104120964
104125830
1041332511442231298
1041358557411766272
1041398561345363969
1041412071772979200
104152457
1041660570578038784
1041726196504031232
1041753070500237312
104177324
10418002
104182691
1041866549307424769
1041920198
1041930363810078721
104194584
104194837
104198706
1041994430247591936
1042027709357010944
1042054296190300160
1042077964454703104
1042104381267570688
1042139340032356352
1042148465403297792
1042245536
104233325
1042370935087673344
1042378617634738176
1042520457709142016
1042553954414977032
1042563892239511552
1042564232989040640
104262458
104267405
1042681987272769536
1042768700
1042771598254723072
104277809
104283875
1042853400403009537
1042860496892772352
10429092
104298598
1043069201534119937
1043107927
104314999
1043223073309245440
104324598
1043361644
1043457866244517893
1043463474
104349985
104356406
1043733734
104386030
104389564
1043933080820621312
1043941951228301312
1043987989448118272
1044051162511564801
1044231098006425601
1044283792519827459
1044391890320158720
1044461352
104451299
1044582346400264193
104468316
1044738781171961856
1044744019304173568
1045012356538011648
104501826
1045102255
1045110018
1045136112
1045143196232290304
104517644
1045262213500493824
104532480
1045336314252529664
1045413821404368897
1045436971257139200
1045508859278712833
104557745
1045624693
104569775
1045722891860561921
104585489
104594451
1046259542072397830
1046288407847030784
1046292563651514368
1046374454291570688
1046423225549361153
104643167
1046515571200745473
1046587896
104669949
104671030
1046758942909566977
1046876218367176704
104692585
1046956676304187392
1046988785689485312
1047019220
1047071760389165058
1047075474244063232
1047214253780819968
1047223128303308801
1047390492541874176
1047444853
1047462108986843142
1047522841351127042
1047575803503038464
104758530
1047690552093765633
1047826639734726656
1047829572572602369
1047864092097241089
1047877570740543489
1047898380322701312
1048180379847258112
1048200080958914566
1048205075288653824
1048213193531641858
104824695
1048333373314228224
1048344793053581315
1048346972
1048364452435939329
1048411216110993408
1048486693
104848816
104848875
1048523204875223041
1048593008894128128
104865001
104876459
104879571
1048818249637552128
1048885152
104906507
1049118547585249280
1049163690082258945
1049238073249214464
1049246784126636032
1049299839324966913
104932756
1049365727705288704
1049378815519219712
1049402202857586689
1049567178654011392
1049852318244429824
1049978412
105001809
1050136492012650509
1050196639816671233
1050271254668808194
1050392630922629121
1050406822778101762
1050453218122194946
1050499728339808256
105050227
1050516235178237952
1050572773200809984
1050747529992724480
1050819710969892864
1051032951708889088
1051053836
1051127714
1051181100385689600
1051211194021896192
1051396218
1051425060152627201
1051510299533152256
1051557925
1051767049788280832
1051800941563965440
105181465
1051830276115091457
1051887263683100672
1051891848564940801
105192743
1051986724623212544
1052107886
1052118206750580736
1052246088546222080
105227465
1052283731338092544
1052315395124809728
1052434477908197382
105249413
1052497879
1052548067952664576
1052580160699080704
1052581361264013313
1052812487387537409
1052954429677277184
1052976277173489668
1052990983304966144
1053005284044500992
1053016993111007237
1053076627457040384
1053227306
1053288688132726789
1053293637633740801
1053326643790561283
1053359667995463682
1053425605
1053453690210840576
1053492122
1053557199711232001
105356205
1053709905960546305
105374246
1053771258423398405
1054092388048625664
1054139728981766145
1054250067224289280
1054273783127818240
1054335120205725697
105444423
1054447446036828160
1054460958226157568
105455733
1054577372274483200
1054696758402576384
105475127
1054758560259813377
1054863627029598208
1054881984
105490574
1054944761088339968
1055032318551904256
1055056970313539584
1055067354466541568
1055070224305807361
1055102254808584192
1055126539250020352
1055380561
1055444645549875200
1055456334274088960
1055551244331352064
105557635
1055604538022023168
1055628087025520640
1055647971948212224
1055661402944348163
1055766116952391681
1055833706378788864
1055894724245155841
1055937820282372096
1055950471
1055967291169488898
1055989531579576320
1056023892
1056179778
1056198632834260992
1056242579153543168
1056302292352229376
1056393979355312128
1056433047959158784
1056436008210874368
1056510541060104193
1056595824027721733
1056619524
1056645649335308291
1056681080848334848
1056850669
1056926573541101569
1056977686604726274
1056984474712297472
1056988346835185666
1057021900591955969
1057029255362531330
1057255670
1057271694124072960
105734250
1057355116678991872
1057440066748862464
1057592378037481473
1057696514
1057757097167896576
1057813544878526464
1057819740
1057989207367577600
1058015808
1058086193185853440
1058132392802566144
105814154
1058194224242409472
105832336
1058324167551041536
1058339268790308864
1058384283209936897
1058396743467982848
1058482734023217152
105860731
105871249
1058894575488692224
1058900713
1058901878
1058907761642270721
1058916901437419521
1058920719395012609
1058946018983653376
1058949462
1059031483971715072
1059118899327832065
1059129916141166592
1059163988779548674
1059208358673178624
1059233281
1059273780
1059306256928854017
1059503868323729410
105950816
1059549371899899904
1059554278396911616
1059580074155012097
1059629764884029441
105964692
1059778589988675584
1059793635091218432
1059831698567774214
1060042156092600320
1060068562050605056
1060236365886091264
1060284771870359552
106032538
1060333212738732032
1060370889131352064
1060375401166397440
1060535823173644290
1060545835
1060573081935249409
1060578475
1060605689024929792
1060664640122863616
1060847293228859392
1060877472332480512
1060984350995550208
1060989106602295296
1060995318
1061009601355829255
1061096712
1061101267
106123038
1061281091099729920
106139913
1061436534673543168
1061465069026852865
1061490963766423557
1061514177846624256
1061581355732160513
1061624989
106162639
1061782235362164736
1061804949439299584
1061948858702487552
106203727
1062132419757785089
1062212360109092864
1062276408976830464
1062348800721862656
1062468420120145921
1062476004210421760
1062510213918449664
1062512647076118528
1062541070733635589
1062544835628851200
1062710517821857794
1062738433716686848
1062746406358863883
106278712
1062795891701153792
1062814648163074048
106284796
1063020260
1063065220841639940
1063065543173988352
1063115520067731457
1063218484459565056
1063319761
1063468160127385601
1063470490604503041
1063496888765374469
1063620676534325256
1063639586113380352
1063652262277521408
1063669020874817536
1063672498003181568
1063742394
1063756244496859137
1063779495272955904
1063819312136421376
1063853481855995904
1063897921870069761
1063969093886271489
1063994969092845568
1064151020
1064178785468145664
1064199444512550912
10642562
1064296043855167493
1064312869414678528
1064314753726717953
1064355471430103041
1064363378120962048
106448460
1064586424987643904
106459860
1064610773488599041
1064701732675100672
106485105
1064956263535120384
1065029737599328256
106507775
106515221
1065217978235592704
1065239686078062593
1065245125146755072
1065285630039601152
1065293334170689536
1065296355780960256
1065324363233222656
1065363517
1065395225672134656
106542267
1065498543157325825
1065549563329740800
1065601942838235137
1065638822845841411
106567895
106569151
1065705224445165568
1065771601512316928
1065883424
1066015342340829184
1066023409
1066039780306087936
1066063006805696512
1066087458213961731
1066121675975077888
1066164320147566592
1066191455725662208
1066480265990594560
1066521202519416833
106669711
1066726365074874368
106675614
1066783465323065344
1066828271839404032
106685396
106693103
1066931820
1067084926326063104
1067105220
1067109570231889921
1067157463106052096
10671602
1067222170429005824
1067322877928566784
1067513782044368896
1067524980223721473
1067527675521118208
1067538315161808900
1067541214671577093
1067605347488145408
106764592
1067770279856885762
1067870617523929088
106788885
106795595
1067995648857788416
1068019446638358528
1068039029072031745
1068198620
106819948
1068413605232566273
1068525327511638016
1068564102757285888
106860313
1068609708922163200
1068675447926345728
1068691076
1068701541979185155
1068709528848392192
106878278
10687982
1068862257268965376
1068865816261619712
1068875149
1068935780117110785
1069064006
1069071726
1069186208431923205
1069190017
1069230488
106944240
1069542799421239297
1069636653353000962
1069650231405539330
1069660239576866816
1069697383829651456
106971476
1069941399842377733
1069975247229775872
1069988179174932486
1070083706822438912
1070138237086126080
1070139264157896706
1070220967375499265
107030017
1070334309796626433
1070376952844832769
1070385919
10704922
1070493650
1070530640
1070619009442344961
1070626707319767040
1070631301613527040
1070669930679492609
1070683358773035008
1070692555606687745
107075223
1070779518892290048
1070788012475203584
1070930805441118208
107104449
1071045792440467456
1071069608348708866
1071078436985294848
1071102246
1071148231
107115849
1071300913
1071338649030180864
1071364126960746496
1071406471303303170
1071408436531904512
1071411967846301697
107143385
107161643
1071638719
1071642095331483648
1071705350510952448
107172099
1071784494326263809
1071840474
1071926704409477120
10720622
1072131741022871553
1072134139560620033
1072187272815149057
1072189214542913537
1072191871278084099
107223759
107228463
1072295719845879808
1072358894792523777
1072404907230060544
1072525039
1072573776129392640
107258201
1072606577566183424
1072651078091661312
1072670293603377152
1072672595944730624
1072728805
1072767486448275456
1072781126
1072825271089274880
1072877518326243328
1072882228525457408
1072969323998797825
1073000207049154560
1073111187917725696
1073216558
1073226086257954817
1073242482551480321
1073256091
1073317949262442497
1073380009958608896
1073409827353710592
1073427501815422976
1073440473656844288
107345085
1073487960559898624
1073526242098462720
1073595259
1073606182475087874
1073606435580325889
1073645785911222273
1073712045109985281
1073812360874352640
1073825484729774081
107391815
1074003582
1074111779360378885
1074129612
1074152342390484992
1074169130
107426979
1074319644482105344
107436986
1074375720451768320
107438849
1074407085260070913
1074480192
1074518754
1074535328122171392
1074539968113057792
1074612019649699840
1074716420464959488
1074725678
107476580
107478884
1074826093
1075024622318444545
107511370
107514604
1075147268
1075274860966760448
1075277724
107539035
1075392210
107546283
1075464101650935815
1075500894
1075634873111666689
1075642195221405698
1075844974581813248
1075904377221722113
1075926903930773504
1075987052791881728
1076009689291341826
1076161611033968640
1076165896090120192
1076180036
1076241523
1076325532734709762
107642576
1076611371633135616
107662981
1076684266585485312
1076726631195041792
1076777191
1076799720
1076805612439330817
107680569
1076805718127333376
107681117
1077121945
1077127916331433985
1077214808
1077241089545912321
107727426
10773
107731811
1077330961333972992
1077339504
1077356407567966208
10774652
1077553790755266561
1077563541761052672
1077611545033670656
1077789533473857537
1077845233
1077919783021146115
1078050528
1078138880761700353
1078192319751368707
1078274387449704449
1078302217
1078308289794981888
1078312601027674112
1078322076
1078335226923888641
1078358180223176704
1078365849386250241
1078378734783250432
107840062
1078400852149207040
1078438311083966464
1078459338686164992
1078478716307529728
1078711847631634433
1078771401497161728
1078789611600703489
1078791016377769984
1078838986540384256
1078861712
1079048176462512129
1079050310209937408
1079061579973439488
1079129592084934656
1079132387605266432
1079158134415990785
1079204133314293761
1079218733372067840
1079324637711007744
1079350844712251392
107941862
1079443074
1079498703537389568
107950617
1079566025010700288
1079769536730140672
1079776527678664705
1079802566572236800
1079853966681346048
1079860834883391488
1079861503015243776
1079883402772389894
1079886570671534080
108000529
1080016299739222016
1080074378904289280
1080082736365342721
1080103063472537600
1080169410285973505
1080191866509901826
1080290851
1080306914
1080344615847223296
1080425442388176897
1080427519126528005
1080452666038386688
1080477969116737537
1080509366
1080516116395499522
1080539438508400642
10806282
108080406
1080818751354875904
1080844782
1080886103769374720
1080949758
1080980942796263424
1081121477628293120
1081147284505616385
1081240074946252801
1081303016244944899
1081307250
1081335577331621890
1081347383739461633
1081366426211008512
1081385130407677953
10814042
1081411800870993921
1081444323131080704
1081549387522887680
108165865
108166678
1081823209
1081860739369906178
1081871949670858752
1081878714885890049
1081905916562341888
1081919018427211776
1081964165273546752
1081977542138085376
1081982948
1081996249572638720
1082048954269818880
1082092693
1082176869678624768
1082197856
1082215955214684161
1082246178283155457
1082319203493969920
1082334352711790593
1082446643390103552
1082447301996630018
1082675465909923841
1082727108642779137
1082731965302870023
1082849997622657024
108286674
1082994839740923904
1083017774178492416
1083051676922273792
1083287474229645313
1083334381
1083392236908204032
1083467673667686401
1083472286089396224
1083495635561541632
1083607528850636801
1083612928270430209
1083628690393698305
108365454
1083709084547858432
1083767716031463424
1083842869713137664
1083856700275183616
108386870
1083869779054784517
1083882478895427584
1083920243418755072
1083966590
1084066818300538880
1084143098916233222
1084144617208070144
1084160785
1084215351515082752
1084371131203645440
1084396953612345344
1084497612328366080
1084498322096820224
1084513841172623366
108451537
1084536265020706817
1084553456361369607
1084765070280802304
1084817523378454529
1084818625578627072
1084823923047292929
1084852735621636096
1084864280468639744
1084881662
1084888949678632961
1084925930
1084943113037144064
1084951629374337027
1084975565948534785
1084995477081341953
1085004518150918144
1085074745027121152
1085134428953821184
10851482
1085176583583879172
1085177801580392453
108521672
1085229649
1085244638305419265
1085248153081864192
1085261935518666752
1085263354741080066
1085330304733204482
1085536954727444481
1085557110371434497
1085643505173757953
1085670118271504384
1085671798342066178
1085683407844265984
108568373
1085925580757975040
1085943692005949441
1085964878555373569
1085965340788641792
108598233
1086002258972721152
1086019280557113344
1086072696130002944
1086176969463611392
1086253763311083520
1086274021648359427
1086322031141027840
1086325628536848385
1086358079585832960
1086397159480676352
1086429721636683776
1086549578030215168
1086550588115046400
1086614858
1086696404
1086771544771067904
1086778207939031040
1086823670
1086858751
1086951811716530177
1087001024089464833
1087057732765667328
1087059528594509825
1087073882220064768
108710418
1087124954
1087182504
1087186330600255488
1087192939045027840
1087198778942152704
1087287981650661376
1087315136
1087356719733395456
108738342
1087403007900291075
1087474728061652993
1087497841
1087717031724625920
1087729678977241089
1087735662550401024
1087758648
1087777013597982720
1087777528813707265
1087807587007979521
1087820025908600833
10878852
1087899575149580290
1087907435308711939
1087955177464909824
1087982744347598850
108811478
1088137375669211136
1088204570176540672
1088305891265384448
1088338733366095872
1088357228103385088
1088367199516012544
108837653
1088422554
108845320
1088546066
1088642051942506497
1088776343943372800
1088802310698893313
1088805993906085888
1088812005417512963
1088863390762786822
1088904848316207106
1088951924668297216
1088974961568563200
1089045346242576385
1089196262937759745
1089299285060059138
1089362103805259776
1089385161651875846
1089419890325360641
1089491280386842630
108953268
1089616907970510855
1089627283361542144
1089710229913096194
1089741913996120064
1089830748
108986197
1089865810452070402
1089904558854365186
1089917743275667457
108993692
1089983631357923328
1089985236
1089996150
109011736
1090141226
1090179417056268289
1090333697281126401
1090346259892838400
1090391420291215360
1090406588194717696
1090440723739168768
1090464258452848640
1090600527040208896
109064246
1090660176351424512
1090671406453542913
1090715513586679813
1090825797001244672
1090837633
1090861439919759361
109087375
1090882161077637121
1090886488475213829
109099220
1091004332038750209
1091099554605395968
10911302
1091214198951104512
1091286857009160192
109148054
1091582090523623424
1091673331
109167962
1091756134170574849
1091896222967721984
109191054
1091996470402867201
1092007851411865600
1092037021432897537
1092038901932408837
1092044254250037249
1092068762097016833
1092095300481757186
1092201403861397507
1092302848946331650
1092303600
1092315226320654336
1092331583095300096
1092415169097981952
1092521869
1092579601962975232
1092630001005019137
1092633527227576320
10926872
1092736503556517890
1092744571031703552
109275075
109275445
1093055884014616576
1093103448910901249
1093104451
1093124369012965376
1093130534811828225
1093131149386416129
1093139344469176322
1093166877386424321
1093192565095088130
1093246279
1093254293111668738
1093298252
1093307104872579077
1093308835140235265
1093346750
1093392712156569606
1093555979361415168
1093579367937118208
1093634506739744768
1093642549187829760
1093703102929108992
1093737690078441472
1093744283096702977
1093802639421292545
1093895137896398848
1093971298009653256
109404985
1094109584
1094276372044800000
1094348418657460224
1094436385107275776
109447876
1094510515542343680
109457750
109458204
1094614990760230912
10946412
1094648156309065728
1094721653140082688
1094737373450174466
1094798613958422529
109495593
1094961716172124160
1095004833751486470
1095029448729157632
1095030330774310912
1095104382700605442
1095118144077791234
1095192280053497856
109524559
1095257741470314499
109545674
1095523459877068800
1095595713537355776
1095603830169968641
1095624530
1095659090
1095661621
109571140
1095721072203366400
1095750211312541697
10957732
1095776156824023042
1095781523083743232
1095821340983078913
10959332
1095983634773815296
109601136
1096046107
109606834
1096112182465650688
1096126668752723969
1096170319
1096189821414866944
109624012
1096257540600578048
1096302652563042304
1096364876
1096380968552718337
1096416028114984960
1096426719756632065
109644232
1096443838653218816
1096490655264722944
1096512505462116353
1096523430558658563
1096525934566563840
1096532693125218305
1096561378050093057
1096694608711405568
109669677
1096721324033085440
1096817984
1096821108009951232
1096823747917631488
109685703
1096918650
1096932706041151489
1096967229940338688
1096969617271123969
109702390
1097037050128318464
1097211439159365632
1097228217318961153
10972492
1097307966213160961
1097337516053544960
1097461263444201473
1097656637253406720
1097663613362409473
1097721179924770816
1097758129918492673
1097767884
1097835032
109786548
1097911530392338432
1097911630049038336
1097935344052387847
1097953832707989505
1098034127088033792
1098097114205294592
1098198745810984960
1098256329070788615
1098271769226563584
1098281410576744448
1098294927774048256
1098333864420765696
1098464244
1098529681723322368
1098569960
1098613274256371714
1098615836
1098622561775169539
1098664748374204418
109880244
1098968765755207683
1098994585815171073
1099010778961567744
1099014800225591296
109905675
1099105397779030017
1099145939107880961
1099174305311551488
1099199839
1099233499821809664
1099317211137744896
1099390247534759938
1099390692172988417
1099448552743407619
1099484150745231361
1099492879792189440
1099572121808842754
1099579684981944320
1099610996
1099736870
1099799414
1099882567652667392
1099928235477950466
1100018578953248769
1100125724332171264
1100144753633570817
1100148399146520576
1100172156460093440
1100175324116070401
1100235892873199622
1100253368
1100306309012963328
1100319965226373120
11003812
1100399166
1100525378043604992
110066714
1100808382137753601
110082852
1100835872570671104
1100848025616838656
1100914403380203520
1100946745914155008
1101132416
1101212720
1101237231187046401
1101260126
1101297343742263300
1101311739151503361
1101335816
1101387768385556480
1101449816989728769
1101565393947238400
1101632707
1101700656958791681
1101812641
1101852233933770754
1101913766
1101920934699589632
1101923371544133639
1101944612833259521
110199502
1101998606
1102073672
1102111826001707008
1102198223605764096
1102199030120148993
1102252680150421504
1102257360096026624
110226763
1102322320134279169
1102368558
110237180
1102381163614793728
1102381474228056064
1102397552211582976
1102407601533448192
1102433335970738176
1102447409177608192
1102449222
1102513229715161088
1102684497986887680
1102698988938113025
110270387
1102761847885783040
110278300
1102800164
1102861225111752705
1102894585011933184
1102921718715351040
1102968375284776965
1103001381114429440
1103018554813833216
1103102087976624128
1103120495103303681
1103251405
110326494
1103290092226076674
1103334016126803969
1103395389347168257
1103645228416860161
110365072
1103795084502302720
1103850667
1103891777541423105
1103980577978494976
1104008187630497792
1104045001321926656
1104143832973602817
1104189659914162176
1104232825111232512
1104237533032964096
1104272751223889920
1104302719
1104327972
110437588
110440650
1104470190031540225
110448981
1104499794301542401
1104508926832332800
1104513550943424513
110453483
1104598346730135553
1104604604447129602
1104656425526181888
110466097
1104681857893859328
1104773419403497472
1104797212528267265
11048362
1104915536243089408
1104972165135454209
1104974252221050880
1105019764685107200
1105043155030695937
1105071364992450560
1105071376375967752
1105076135241633797
1105127135168073731
1105161646077591553
1105229537799892992
1105240314846068736
1105254908780052480
110525656
1105398650803535872
1105475465882595328
110547639
1105502811800915968
1105523128577548289
1105528722935943173
1105554050911735812
1105566152741216256
1105621106487058434
1105638331495309314
1105639378666192896
1105668831043715072
1105827328482000896
1105861563494199296
110589701
1105897598337122306
1105919055595167744
1105939755370467330
1106005224664285185
1106028427738472448
1106068465
1106090736276004864
1106091275114012672
1106128820816490496
1106174438607740928
1106238403778088960
1106262646272069633
1106278060570103809
1106282862251331584
1106298175898320897
1106341238586908673
1106394530432147456
1106430416951656449
1106446058
110646821
1106610379323523076
1106624677
1106683021372067840
1106709478051848192
1106726165429927937
1106739631557472256
1106803026
1106842124
1106842418555412482
1106888451771654145
1106924043784126464
1106935778666409985
1106976519308668928
1107020544422105088
110705570
1107081169
1107173705564725248
1107178256
1107270713092661249
1107317650814889984
1107340297493798914
1107350119228325888
1107362702463299591
1107365240
1107483560943013888
1107550790120546304
1107625558689624067
1107710071071563776
1107769230181621762
1107769752707952640
1107830431091748864
110793156
1107972497914449920
1107975575682105345
1107992792528289792
1107994230360891394
1108027439589007360
1108048836013031424
1108064884623736832
110808992
1108104595
110832158
1108369559403159552
1108388773040193536
1108409631334793216
1108427071716417536
1108447003154022401
1108450312870875137
1108486729428799495
1108512312602906624
1108531525925199872
1108556325640757250
1108634942618034176
1108696120652382208
1108754001644929024
1108782815523622918
1108811383163027459
110899711
1109080642711703552
1109092282299494400
110911913
1109128342580670465
1109260350824681472
110926079
1109367768212824065
1109455321003687938
1109504386550513664
1109525647586541568
110955422
1109557953621680128
1109580892081737728
1109668262
110971001
110975254
1109801413331292161
1109813098637082624
1109833952183894017
1109849150055686144
1109888746047053824
1109896806010376194
110998074
1110006344
111005623
1110105054
1110125866779066368
111013724
1110193484332437505
1110212124473782273
111029453
111037335
1110376639769333760
1110389035174948864
1110405448425836544
1110430578699128832
1110556124774727681
1110565576592646149
111057734
1110610446564900864
111070368
1110711639064698880
1110713294652915713
1110728904
1110738546422398976
1110908848502726656
1110937143730417664
1110977095822397442
1110978658330501121
1111063253554069504
111106446
1111094288467800064
1111206984458665984
1111221525045227521
1111222837656895490
111128466
1111301730
111131599
1111324098477596673
1111326876642000896
1111339958852308994
1111367115657736192
1111384195895607296
1111475694301663232
1111484519763181568
111164401
1111644826959859718
1111649257
1111660029374017536
1111661180605657088
1111662651870973952
111166747
1111671003699130368
1111679504991350785
1111739659116269568
1111770035494760448
111181519
1111949939494580224
111216929
1112183338926661632
111221301
1112261256377851904
1112357712
1112456017835626496
111257932
1112600360848252928
1112625436427776000
1112625897176293378
1112643447557681152
1112653616
1112676857370034176
1112714156887543808
1112728874670931969
1112730480355487744
1112770306593226752
1112803927265853441
1112875661138579456
1112922307629080576
1113000718841991168
1113011705980817414
1113014239529070593
1113085700126244864
111310036
111313891
1113142610196131840
1113145661485137920
1113280985880236032
1113380618778214400
1113407577105293313
111342458
1113433838183690246
1113468619793608704
1113470384253341702
1113482654354235392
1113518458623262720
1113528667483852802
111354912
1113553350383947776
1113588328958447616
111359139
1113601199817650176
111362459
1113650483711733761
1113835229498740737
1113883387356487683
1113956399833333761
111399124
111400999
1114011416942469120
1114034211701313536
1114077626992332801
111417068
1114182090629758977
1114186807988584449
1114224044038074368
1114238720293724160
1114420581955452929
1114440226334703616
1114473042258698240
1114474235949277186
1114524020
111463253
1114675538
1114681081
1114688935
1114874216439013376
111490230
111492406
1114942996657647616
111504976
11150882
1115148079
1115191038
1115224998665494528
1115283291672915970
1115289406355722242
1115355895
1115390154
1115395532225171458
1115415036867035138
1115417442
1115420364220145664
11154512
1115467082
1115475778467127296
111556423
1115565221379231744
111556576
1115695756843683840
1115723971654107136
1115755622929059840
1115881760
1115939377513996289
1116018402030759936
1116057697030418432
1116129122
1116199424307261440
111621227
1116213423266648064
1116292141351936000
1116310275961970688
1116311501856489473
1116331404219113472
1116335261988925440
1116391391255506944
111641335
1116456360294658048
1116471293082124288
111651834
1116544898
1116598276612968448
1116704971620323329
11167502
1116803891293827074
1117096616492662786
1117104681002721288
1117134141299023874
1117137760081580033
1117189670859788288
1117235272499048449
1117244238247280640
1117353805690081280
1117442297203953664
1117539527202148352
1117571415652409345
1117583238
1117689749932838912
1117704370630455296
1117711476863594496
1117859800014938113
11178672
1117874513008627722
111789103
1117909038
1117963792464302080
1117984119869202432
1118046964518506496
1118143783
1118178141363683329
1118194759787536384
1118215247192645634
1118253363899064320
1118277172060459009
1118324398761574401
111836525
1118405751343669248
1118451
1118500484589989888
1118546706323398656
111854704
1118563362663747592
1118570640393379840
1118571262668935168
1118727437301555202
1118900898246406146
1118921725666889728
1118964780495142912
1119271828726407168
1119288517438443521
1119403122311430144
1119446123339370496
1119472753
1119513776
1119519943
1119653968848674816
1119662388809224192
1119761888
1119944204
1119975510719598593
1120067796
1120186334
1120360901310386176
1120467401168965633
1120544117996412928
1120549073898082306
1120580091463991301
1120609844271169536
1120734147385929730
1120819174476062722
1120826803675783169
1120873240472293376
1120932799509229568
1121114158907428866
1121121724714536960
1121156117697003521
1121294848261144576
1121335627335618561
1121439273432043522
1121455921
1121492192235806721
1121532032406831104
1121550587416522759
1121579965923778560
1121633995
1121678071759638528
1121679773804064769
1121762069559357440
112177253
1121789470171258880
1121804148377362432
1121843323
1121856389268242437
1122021587950063617
112204003
1122125872318648320
1122275804694622209
112228031
1122303350240727041
1122389378054025216
1122396663811837952
1122486594110312450
112250307
112251520
1122623265673891840
1122679579
1122689696
1122803016082628609
112284203
1122875432
1122903313
1122945794674499585
1122964726072451077
1122996650967011342
1123040784624828417
1123138730066235392
1123281612232450049
1123295441821544448
1123338786673430529
1123400778
1123486341826797569
1123518748701470721
1123606100413014016
1123659793145716736
1123671477327355904
1123680822064754688
1123685491390468101
1123712497
1123732133334351872
1123828470
1123946073880518656
1123956818663944193
112400302
1124005009627258881
1124022135335325696
1124136055668535296
1124158047570599936
1124191900334837760
1124275885329330176
1124294874923028481
1124338544540045312
1124347778472214528
1124367455831375872
1124375143
1124396327046041600
1124402628459409411
1124402814879399936
1124446534706188288
112445008
112447060
1124510259198951424
1124615241021710336
1124674135169404928
1124738871252492288
112475924
112477030
1124771667753017344
1124870105756721153
1124884567981084672
1124907304933969920
1125025995461804032
1125044084907892737
1125046503662395392
1125151435979509760
1125173356108681216
112522157
112526774
1125270972297142272
112531537
112540334
1125408812310122496
112543656
1125438016137375744
1125443593085358082
1125516882751164423
1125640353086877696
1125687015956262917
1125715120561315840
1125727337134329858
1125806146315542531
1125841354716696576
112585097
1125925575586131968
1126080594692202496
1126103455028916224
1126147607489851392
1126288210886385666
112628982
1126314147371671552
1126325006802325504
1126388831966515200
1126418855860088833
1126428688587853825
1126467972350930949
1126468494
1126507924795170818
11265142
1126534227040903168
112653500
1126603580788609025
112684779
1126875006
1126889058138054656
1126889396547010564
1126901316180164608
1126981581850202114
1127043616805797888
1127118781
1127176752109723651
1127188676507832321
1127261726544736261
1127318551511961600
1127692737489227776
1127768293836709894
1127820455874662400
1127881357928144897
1127919957814079490
1128028218538233857
112803176
112807276
1128128926683766784
1128132122798063617
1128147829606600706
112815157
112820683
1128221882455601152
1128224212349382656
11282582
1128334987143467011
1128370474617057281
1128469004681715712
1128538846130401285
1128569200400785408
1128631023044939776
1128644950181023744
1128703026489774080
1128707845589876736
112873659
1128829957923205120
112899475
1129107453474267136
1129121352
1129266749948358656
1129341362783039489
1129349964650278913
1129422990570082304
1129503081970880512
112955252
1129664768753709056
112967516
1129718312466812930
1129738090820427776
1129752696402132992
112984487
1129901605443317760
1129903761336356864
112991903
1129955386088415232
1130017406997344256
1130042420
1130080391241580544
113008098
1130105045557698561
1130275662
1130316590652592128
1130411220333355009
1130472293921169408
1130492071196758017
1130497381538127872
1130512337063034880
1130562898311483392
1130606639474593793
113073760
1130893345075716096
1130928940946743296
113092916
1130946164
1130960116482633728
1130991752
1130995524
113105677
1131136517328576513
113120090
1131201264740655104
1131237004593778693
1131244119416819712
1131264983432597504
1131265925817229314
1131278516
1131319327205003272
1131352246573195264
1131481041686765569
1131634638
1131654730579554306
1131699652061990912
1131711230
1131735110183739394
1131865526609825794
1131893401220190208
113196677
1131973732715573249
1132012546637090816
1132019866502877185
113208276
1132166737
1132230860
1132258990140907524
1132394686902091782
1132460072775249926
1132485474
1132511225852469249
1132776708912877568
1132788192
1132842514807967745
113286385
1132981568207613953
1133016751799771138
1133039661109129218
1133049839074385920
1133110038330073092
1133233299554545665
1133305785910550528
1133342758121476096
1133342801176006656
1133363964
1133368253336756224
1133390829190561793
1133397541591093248
1133439409280278528
1133439515886940160
1133456232268914688
1133466603750875137
1133499735963258880
1133559494972100608
113364160
1133661070244155392
1133701
1133721026158825479
1133722808318607360
1133735345147797510
1133769330011889666
1133843659135365120
1133846768
1133941580866498560
1133957254091292672
1134006527289954304
1134071456357388288
1134100329396613121
113414972
113418252
113424792
1134262608
1134298731203792898
1134423305790795776
1134460388
1134546351956615168
1134575743504179202
1134633205
1134753740
1134800067645321217
1134843327164178433
1134868008281804801
1134874228673658880
113491603
113494390
1134948067638173698
11350892
1135141640
1135185526036688898
1135192855
1135201390404542464
1135280804161081345
1135288119874543621
113532606
1135380527995858945
1135431668
1135482849551835138
1135590812430086146
1135632615359340544
1135642696154898436
1135707841879085059
1135910720015650821
1135926625802104832
1135975952507396096
1135982100581158912
1135997501759262720
1136022585983033345
1136057011550842881
1136128644
1136186057492316160
1136317802
1136364676252672000
113646161
1136578029923082240
1136595556535558144
1136664542656770048
1136667717317091328
1136697863000514560
1136757030822305792
1136825225818124288
1136853240987828230
1136929287011880961
1136934645747073024
1136943936256110592
1136996138
1137003637882925056
1137038394503114753
1137087410997800961
1137172681495842819
1137233693548748800
1137273540
113729414
1137314605422657537
1137325104
113743207
113746263
1137480539907198976
113751890
1137590754
1137615708551032832
1137700339
113780259
113780858
1137809111020703744
113786557
1137886028
1137933763952947201
1137971018230722560
1137992526646956033
113799543
1138027136277569536
1138100232
1138120410233360384
1138143881382510595
1138165226556317697
1138170967778373632
1138172427505192961
113826230
1138322409860227072
113833182
113834253
1138399302
1138405248941338625
1138435113463799809
1138471129004175360
1138471422
1138478156
1138483258990190593
1138486153861095426
1138518047684272129
1138519199289085952
1138521241
1138636192629420032
1138647711090126848
1138734331759927296
1138743766083391489
1138860186372673536
1138894770699472896
1138934632114733056
1138937252673753088
113897988
1139017108338032641
1139027779
1139029234163245056
1139111245
1139189085241794562
11392102
1139217161275101184
1139260071966400512
1139274052818886664
1139284036776529921
1139452674556997632
1139574829802090496
1139646318983426049
1139825188617555968
1139878380315136000
113998303
1140048960624578560
1140064706620723200
114007914
114023433
1140329914547220480
114040486
1140407307727253508
1140437481621508096
1140438675001503747
1140528368745635842
1140571513692798976
1140575482854948864
1140620623665868800
1140687301921705984
1140690314971275264
1140693366583308290
1140720227577139200
1140737995
1140740397267914752
1140877919381680128
1140985432227876864
1141007096835649537
1141091364974678016
1141172486530187269
1141292923
1141308715
114132739
1141329295576567808
1141443003686498305
1141653385
1141736774315597824
1141752838487445504
1141786310790844416
1141798515389149185
1141845466906148864
1141886020281085953
1142072065521901568
1142094116165160961
1142338092277235712
1142508297724944384
1142536813292261377
1142627097397145600
1142627778
1142752683415220225
1142795716311638017
1142851690305130497
1142978138646777856
1143105379418759168
1143160141
1143166303747919872
114328269
1143337804765814784
1143389635709526016
1143443280941551616
1143466394748690432
1143605166454792194
1143727797162168321
11437802
1143782666522640384
1143785390114930688
114381777
1143835416954580992
1143848268
1143917923544834048
1143930945466187782
1143938719688396801
1143945760343494657
114401398
1144067375790059523
1144297043864772610
1144319308895596545
1144500707174653952
1144534969450209280
1144557529390862338
1144578472326705152
1144609509949624321
1144677196205830144
1144688149228064768
1144763809225203712
1144799004972257287
1144834749065760768
1145001497215717376
114505454
1145067323683954690
114518552
1145318182770659328
1145389601479188480
1145412681173807105
1145414074030874624
1145488842713182214
1145583386737676289
1145676137177239552
1145749051696193537
1145777421582385152
114578652
1145788681657167875
1145864122090680321
1145871067338047488
1145909961974616065
114591398
1146024742035623936
1146077925352955904
1146148748495589377
1146177969280495617
1146287018844049408
1146304497343275008
1146461945882664961
1146517684655230977
1146548192
1146574357734416385
1146597605868052480
1146655489419284480
1146752221532557314
1146825967
1146834985766150144
1146914193376854016
1146951537911988224
1147012715589726208
1147152166320295937
1147170768415010816
1147266098238300161
1147308808944771072
1147331532798881792
1147350741998157824
114740648
1147413010182373376
114744833
1147609969740697601
1147618162516594688
114765654
1147677914986471424
1147680736113094656
1147735391728017408
1147797815919165440
1147824332430827520
1147850601725878273
1147863630815346688
1147872736812785664
114793126
1147954842
1148015493984530432
1148028992
1148034082367926272
1148120993803595776
1148272318755594242
1148301201030692866
1148358246677114881
1148385722
114840227
114844202
1148442735734677504
114848825
1148530429143736320
1148538950
114857987
1148609220998324225
1148657307192107009
1148672970501623808
1148701339
114873829
114878082
1148836272661848064
1148875922
1148888396200337409
1148894433380900864
1148895881783103493
11489052
1149047763482611715
1149052044302438400
1149121842562527233
1149218984346230784
1149434684
1149445446433218563
1149456840
1149521353990688768
1149682771
1149704408768364544
1149736385475207169
1149800057560064001
1149827598
1149840540814454784
1150005798
1150056047324860416
1150087704593387520
1150208645168320515
1150378384540819457
1150382621030940672
1150391181085487105
1150476870
115055091
115060723
1150640970658131969
1150739538526056448
115074676
1150836383746912260
1150942022297149440
1151002475597455360
1151025570341220352
1151045448418783233
115105973
1151064213156245504
1151103162951979008
1151139508127092737
1151153768165076992
115116666
1151208112717783048
1151226079
1151232104052736000
1151270124432822280
1151306932139024384
1151358766077448192
1151417062012653568
1151504814397960194
1151550197002113024
1151604963304493057
1151661594562191360
1151674143278084096
1151726070
115176303
1151822814846029824
1151829397017628673
1151865259
1151898744532676608
1151898938934550529
1151913018936053760
1151957394663981056
1152206581968384001
1152305884502142983
1152318861066285056
1152551751414759424
115255900
1152568187097100288
1152622220881084416
115262452
1152626533845966848
1152706347059884032
1152968884208590848
1153028042622676992
1153044116
1153085418591727617
1153113132
1153205741370499075
1153261714613387264
1153370330628382720
1153419492
1153454221343301634
1153463059182161925
1153573257867436034
1153710247820898304
1153796151650541568
1153954328
1154057739213135873
1154060781622898691
1154144815862431746
1154155010608861184
1154191426000809985
1154292071601266693
1154303137290657792
1154308866496008192
115434851
1154413598925631489
1154440424494379008
1154464548209987586
1154477156958949376
1154477958574137344
115458769
115463768
1154653065053691904
1154668601179332608
115466984
1154711153215336449
1154881175959289856
1154949576857534464
1155056924
1155254087681761287
1155257477090254848
115531737
115536854
115537434
1155394262839771136
1155461912
1155470031225884675
115547016
1155562876880470017
1155566344848519168
1155599863
1155632521
1155639311305465856
1155671034760065025
115573578
1155845777039810560
1155877197263048706
1155971767376199680
1156038524682035200
1156271812289761280
115628224
115643776
1156520853519028225
1156537447364333568
1156610981604155392
1156646110384943104
1156784420
1156935562756014080
1156975454
1156993057734168581
115701616
1157212625618518016
1157327641088790528
1157414114039173121
1157427183046070274
1157456490191626240
1157474356005523456
115749048
115752455
1157541927731859457
1157608327628677122
1157610616296636417
1157651133306986496
1157672265602875394
1157734974
1157737070972035074
1157743999769120768
1157788270513786880
1158014769405681664
1158028706633281538
1158044317685936128
1158048623470493696
1158063115562627077
1158130641768202241
1158175658
115823765
1158287801722388480
1158386060008800256
1158392218329243650
1158397522269880320
1158423331806306304
1158444941560942592
1158452096414490629
1158468882945970177
1158511819
1158540383510335488
1158548696331476992
1158554996071456768
1158564890967236609
115870273
115872973
1158760089316032512
1158762982647586816
1158778012478967813
1158780511084580865
1158793344325054465
1158831558356295687
1158874866264621057
11589192
1158929633405894656
115902452
1159068685216157696
115908206
1159117321
1159166889601445888
1159461133654396932
1159603554392387584
1159640670430257152
1159716226727206912
1159719433306345473
115974612
115976711
115979444
1159830972826656770
1159881870
1160012203761647616
1160150106018070528
1160218082096427008
1160237269799833600
116028519
1160368528475734016
1160392214
116042387
116042984
1160463755387424768
116048117
1160558791135510528
1160577888980209667
1160607350170017793
116063434
1160670002481115136
1160788270797561858
1160926384761401345
1160928561202651141
1161316570859261954
1161363858113667073
116137413
1161391219848732678
116141566
1161445893666553861
1161606975945433088
1161672369343225856
1161693727833960448
1161724340582408198
1162043530094743553
1162111357
1162124457768566784
1162159724730564608
1162210101198909440
116228328
1162339085693775872
116241582
1162427200597049346
1162561004833665024
1162626433325256705
1162633627567628289
1162653743474774017
1162705823057022978
1162715006926041088
116288313
116296011
1162974083119820800
1163268540
1163268888924176389
1163314903236485122
1163427092
1163465784091394048
1163468033588957184
1163493603093688321
1163498774674546688
1163524694273941504
1163529757692170241
1163540018054533120
1163549906243588097
1163579842899709953
1163583109352370176
1163714585695703040
1163804689
1163825868529004544
1163826483485454337
1163840001433460736
116385296
1164056020999524352
1164171896226603008
1164193416902631424
1164195658552791040
1164205049989537792
1164264042443268097
1164279004121092096
1164293173654511619
1164420202991194113
1164494431275425797
1164507841803292672
1164522610006405128
1164530237646020608
1164582150685044737
1164618737099534336
1164622276563615744
116462329
1164652906991247360
1164684089657626626
1164702999999963136
1164760658992177155
1164781991721439235
1164848066
1164956926653992961
1165050299712589825
116505994
1165178599193726976
1165235953096691713
116529514
116530638
1165320312860368896
1165536416861810689
116556223
1165565124490383362
1165696518512357377
1165767786150285312
1165860680731226113
116589820
1165901965789777920
1165968829299793922
1165995841364140032
1166045304266862600
1166045954149163008
1166060489283133440
1166078490388639749
1166180660740075521
1166246597258174464
1166357921611096065
1166362804993101824
1166381062248783874
1166383164148895751
1166394898800529408
1166436482137112576
1166445657336377344
116651975
1166605251358711808
1166649625073324033
1166695948308942848
1166714635535302656
1166723458144841729
1166799265806503936
1166813365093765120
1166902078570151936
1166975125129814022
116698020
1166994691327442945
1167066526412918784
1167120000286523392
1167148091142787077
1167150751426043904
1167153177818361856
1167156714921222145
1167159986037936129
1167205595780435979
1167220466597138432
1167226003820896256
1167250842585587712
1167311380107558913
1167332892881694720
1167364924974272513
1167373634593349633
1167397582663929857
1167434045552283651
1167455885528129542
1167475675667804160
1167479515
11674932
1167523892
1167537735718068224
1167578957723471872
116762587
1167648974
116768508
1167734151648354305
1167775229109837825
1167821155161583616
1167931030608592898
1167976752532119552
1167976830407782400
116799581
1168003797714489345
116806870
1168144951655272450
1168167671151628290
1168320867056488449
1168329348182528000
1168331618357936129
116837959
116838019
1168394933280968705
116845797
1168475760
1168476117159829505
1168503090045181954
116850607
1168513974763171840
11685592
1168604023894761472
1168797866170540032
1168802776975052800
1168814407884910593
1168817207356383233
1168836651348611072
1168879052624711681
1168880456
1168939012071055360
1168944396257116161
1168957317355888645
1168962252214587392
1169037426750304257
1169109041894715392
1169145552166182914
1169207637252157440
1169233927
1169257805993455616
116928096
1169286853301813248
1169301962233405441
1169311568
1169317197799464961
1169368079714934784
1169384469427576834
1169387731832602625
116939663
1169442093292511232
1169446685279424512
116945502
1169509456700465153
1169542639
11695472
11695602
1169562583449444353
1169589971776352257
1169610548679532544
1169621364493488129
1169702192
1169784675876913155
1169785529468104706
1169793310241755137
1169892745
1169950811486674944
1169988013935534080
1170005964
1170046041321873411
1170066120
1170074724124119040
1170083368215764997
1170091314450485253
1170105161995309056
1170116020687687680
1170129955558047745
1170190346132828161
1170203690
1170221293
1170256471
117029568
1170304086497005568
1170357682802429955
1170385962821660678
1170432178012008450
1170480176
1170481740353343488
1170523762812313601
1170643681923207173
1170680389783846912
1170696679147868162
1170726286978965506
1170789729115283456
117087523
117088433
1171010757275918339
1171084592
1171143213056319488
1171144131311276032
1171150024983470080
1171155332917321730
1171159631571410945
117118416
117118893
1171268778
1171273342852063233
1171334091637235714
117134762
1171473138
1171506828338819074
1171600144481038336
1171603972681064448
1171722553380888576
1171794027907342336
1171806592272097280
1171816616369315841
117183559
117189498
1172024300347547650
1172083576797618176
1172100507227361282
1172193654112509952
117220541
1172210759457214465
1172226978478510081
1172231263115206659
1172237450485424128
1172295738681786368
117244673
1172535926209298432
1172555629778612226
1172592211147444224
1172668281699782656
1172762722402017280
117282003
1172862188001878016
1172868023734218756
117288030
117290181
1173006836
1173016266
117303982
117315665
1173414181304852480
1173464773
1173465506155782144
1173501470345445376
1173511684142579713
1173565070334251009
1173573692003012609
1173657171592196097
117365942
1173811119028240385
1173882011007643648
1173894455260307456
1173949610290757633
1173966397908668416
1174090579589812225
1174142983496773636
1174172575439708161
1174208269642076160
1174222645082165249
1174276237084069888
1174292764613316608
1174384316689895424
1174385412258836485
1174411360819732481
1174426398435373056
117445602
1174473087863201792
1174530923800518656
117460584
117468486
1174697102284349441
1174813642954399745
117484983
117489939
1174968799772102656
117501995
1175033005636587521
1175051766255247362
1175070207007760385
1175093707202154496
1175100258919038977
1175103566123388928
1175133757231325184
1175164547746844672
1175221
1175329039214665728
1175329879937748992
117535296
1175377309676781568
1175382141447876608
1175383472627576832
1175393730054017024
1175395767000764416
1175454173611143168
1175478438
1175485070972526593
1175492433888632833
1175556130585620488
1175571661296492545
1175573460334055424
1175649882004021248
1175773902234148866
1175798203918290944
1175807279192363008
1175828017991639040
1175906905778266115
11759072
1175937169040576513
1176062120221298688
117609281
1176122295556829194
1176156588991766528
1176170581353533440
1176182794038456321
1176185298344120321
1176196834672427008
1176205717876797440
1176260773271744513
1176317005605023744
1176474996400693249
1176507955
117652722
1176541306954424322
1176546658886332416
1176562121976492033
1176571536809046016
1176657429355827200
1176737629842198528
1176752754833838081
1176829693200191488
1176864521199243265
1176938958070009856
117694221
1176957779434770432
1177070903651209217
1177130437572997120
1177181061173956609
1177207826961379328
1177271576787595265
1177289729030725634
1177293914673471489
1177333364228907008
1177368727152521217
1177393783668793345
1177412853919182849
1177447852915609600
1177479681265651713
1177526153407414272
1177555529826217985
1177627642939338752
1177669135897186304
117767974
1177718582
117773253
117780256
1177813675702288384
1177839518159921153
1177848526597808128
1177851356553650177
1177975417824825344
1178010874688102400
1178014041245196289
1178045593089822720
11781162
1178192307062882304
117828640
1178391734763577344
117844973
1178543935410409472
117859226
1178625170828906496
1178628852815400960
1178718443744452609
117873637
1178751449507024900
1178820950793441280
1178839180241031169
1178857591734198272
117886401
1178908716
1178989675
1178995373320425473
1179048675122782249
1179061066363527168
1179084547474051073
1179103579606413312
1179159495760601088
1179198973
1179233381126529025
1179277470538686464
1179416455600889864
1179450571473981440
1179499998062551042
1179554578267684864
1179583452443627522
1179620975320678403
1179634181371875329
1179653760664195072
1179702516881203200
1179737909500489729
1179749277742108672
1179763586262093824
1179774022067851264
1179808736401072128
1179822582960279552
1179844973509906433
1179892477714718721
1179911303760097280
1179960921277509632
1179970714964647941
118003687
1180112468053504000
1180144006585573378
1180194389689274369
1180229675815038977
1180317255189446661
1180327168339042305
1180336174084149248
1180379185
1180480529826754561
1180602806153154560
1180658973726298112
118074508
1180754432
1180776073698652160
1180780145860370433
1180818595
1180898200489746435
1180913797646684165
1181004025698881536
1181021485
1181058490774642688
1181146506063036417
1181215198201298945
1181230465954582529
1181240549841334272
1181305388
1181308152467341313
1181394962337808384
1181501586847059968
1181512859420954627
1181528211001401347
1181565794997751808
1181623999152963584
1181650621872537600
1181701254
1181715146625957888
1181764354707841024
1181866022850060288
118188884
1181931694212964352
1181936905820266496
1181953435522011136
1182132980342562816
1182163123844726784
1182167224934526982
1182315041800019969
1182439476397662208
1182511453326036993
1182519250780450816
1182531611121684480
118262893
1182670977605472257
118268606
1182697866650771462
1182724223015538693
1182807762
1182851849126154241
1182875031484764160
1182925254
1182978553
1183047073580703744
1183158347266064384
1183297252800024576
1183329327125020672
1183366715897344000
1183418538285027329
1183444071244881920
1183458771588263936
1183588818
118359373
1183617614
1183617836339449857
1183635941795086336
1183662773919735808
1183684336647884800
1183694592433983489
1183875753626222593
1183892491352674305
1183977441762729984
1184034628929241088
1184085522248949760
1184103289
1184108619186356226
1184114178958725126
1184231486075092992
1184232077933383682
1184243495055179778
1184305854784380933
1184342000
1184435921011261440
1184485416533221376
1184536772933492736
1184537212303630336
1184572779913457664
1184682247506612225
1184825174123798528
1184834508039831553
1184876267012673536
1184898738168332288
1184962155122216960
1185032815429079040
1185080592880193536
1185128127367962624
1185169435163652096
1185213401850621952
1185222369234825216
11853262
1185333636620529670
1185335249879756800
1185370577583906816
1185402087137398784
1185588451665530880
1185635560884490240
1185666439199559680
1185673518
1185688757674135554
11856932
1185701854736351232
1185709993242189826
1185810812914618368
1185813984034746368
1185934078375268352
118593544
1186038164269481985
1186118798497271810
1186144637012074497
1186242608600944640
1186304057381720067
1186316400995921921
1186329031295356935
1186341921909694464
1186353366
1186382611431723014
1186422300955959296
1186565706030170113
118664483
1186803601600966656
1187027671
1187032325751746562
1187048308889534464
1187075381725220869
118707563
1187086641640296448
1187144042
1187282765412261889
1187286319678050305
118732053
1187369486208233472
1187372311604858882
1187384102351200256
1187432560479088641
118743846
1187445749262348288
1187464371397488641
118747545
1187524774194364417
1187764291245658112
1187835922118787073
1188011299113824256
1188105982921998344
1188136954296262657
1188193381
1188196245606518785
1188440222817832960
1188477031228596224
118851809
1188539930231934976
1188546430442586112
1188554352476200960
118859648
1188742230602850304
1188783195468251138
118881896
1188820251833704449
1188872593140584453
1189030416
1189112392812130304
1189169987715387392
1189182635932708868
1189218676353818627
1189233070601396226
1189247628569174018
1189259837840023552
1189293292686630912
1189303034322374656
1189419529794805760
1189438597734244352
1189484980159897600
1189663367830618113
1189734452559151105
1189769998400708608
1189808362793439237
1189870353172123648
1189888568363274242
118999126
1190276649645940736
1190356933460582406
1190361679999197184
1190365229894553601
1190382529758597120
1190491625526448130
119049214
1190566603034972160
1190592307336302592
1190600597424070656
1190605038
1190795199754252288
1190802045630070784
1190817940351832065
1190821999536422912
1190890795513122816
1190933596921638912
1191011862328041472
1191017748484116480
1191051962088919040
119106683
1191090452830789635
1191160675894251523
1191192507398414336
1191224048
11912362
1191278580
1191346348873961472
1191358541296263169
1191365049983459329
119145730
1191478378538385408
1191604604196122626
119166791
1191682125222858752
1191689222773567493
119180827
1191815070751309824
119182046
1191838405568729093
1191839241870958592
1191847292648787968
1191859024989310976
1191913751714250752
1192053012648341505
1192088451275010048
1192095135829577734
1192096620663496704
1192100563170844672
119211745
1192121159288012801
1192128957392412672
1192148906
1192218936097546240
1192237076336398336
1192263291243909120
1192452680
1192498176294440960
119252795
1192561027415568384
1192576532473999360
1192601297066713090
1192685133540642816
1192767757697404930
1192856888607563776
1192911732823482370
119292764
1193026771047739392
1193079517134409728
1193109572015329280
1193109694287667200
1193110366533902337
1193206740394946561
1193209364775100418
1193219600915353600
119322785
1193301726834520064
1193317251111247872
119349331
1193550648815620097
1193552187038818306
119358191
1193596075862573061
1193596540121571328
1193603880120025088
1193613424783249409
119363458
1193726066029973504
1193738287187410944
1193836402003206144
119384544
119388975
1193955517774913543
1194077572046438400
119408571
119421760
1194244593170231296
1194258868278300677
1194276599316791297
119434486
119439660
1194415761357340673
1194425508
1194493809763213312
1194516133455351810
1194561152
1194592642765611010
1194609031068835842
1194627927272542209
1194645169666220033
1194703027225141248
1194709438919143424
1194732713338691585
1194770389634895873
1194779643095769089
1194811067727327233
1194849391397478401
1194905197493051393
1194939334278995971
119494792
1194962714
1195004662962745344
1195010768342863873
1195032280915480577
1195066157654577152
1195086926367383552
1195099791983857665
1195105827042078725
1195108893145341953
1195126426959319040
1195134500356968454
1195271853931151361
1195335702822522884
119533922
1195364883778412546
1195420620
1195456421116043270
119552781
1195590300485337089
1195674578
1195723611811790848
1195726076023959552
1195752995763445766
1195757659334545414
119576067
1195802609006727168
1195867054273900547
1195881222787874816
1195997447090126850
1196024266271023105
1196110431980597253
1196167262887141376
1196230915766263808
1196233544
1196312115188924416
1196316920829661184
1196441152486072320
1196497996822634496
1196500341833043972
1196506051467763712
1196524402000703495
1196558509
1196589794953809921
1196608777803485184
1196649208369025024
1196815898981605377
1196822845
1196828176858669058
1196840213718478848
1196923949084377088
1197004939358162944
1197017532365803520
119702560
119706371
1197140788364423168
119717486
1197174995144912896
1197230562332700672
1197236465849315328
1197274452872052736
119756545
1197567176548454400
1197567573572718592
1197696245537460225
1197698587272065024
119774912
1197817005316943872
1197909778074345472
1197939911472619523
1197966974644449280
1198048825086291970
119806126
1198157844
119818129
1198204100556607489
1198205528566108162
1198259000531247106
1198311534864171008
119837685
1198423608256802816
1198424886
1198443897346592768
1198447426392059905
1198448952032415744
1198474533570662401
1198501530
11985982
1198601249031106561
1198645763334692869
1198719684
1198731805479731201
1198769023313420288
1198801911035490306
1198805892
1198809847
1198972533636304897
1198983120009089024
1199000687184531456
1199003517278654465
1199101727703744512
1199134073307856896
1199220170322927616
1199330714
1199346455476985857
1199352590145708033
1199395009767890944
1199455900802535424
1199530843594608640
1199546679763976193
1199602644316119040
1199626939679379456
1199680326806786048
1199748376692215808
1199768132832776193
1199825388177739776
1199923135845404672
1199923435
1199940734520049664
1200073448653021185
120008528
1200167485137440770
1200214398
1200351695127109632
1200362783323369472
120040317
1200438346809565186
120044749
1200479007382364162
1200487118159654912
1200490709213597702
1200519147085385733
1200616796295847936
1200630889501413376
1200670028179357696
1201104537336991744
1201110476886888448
1201112972
1201134688288432128
1201200830889840640
120123407
1201310564091228165
1201338636656136193
1201427034754318337
1201453310349324288
120150558
1201535478
1201551790744965127
120156455
1201595808564600834
1201611417197129728
1201633579324841985
120166744
1201670995435646976
1201798297091837953
1201800572988473344
1201865375689912321
1201877661414576129
1201878060900999174
1201885760
1201892631275589634
1201932775106007041
1201940662511378432
1201953845267578881
1201995227285864449
1202057041885507584
120206023
1202064361507831808
1202086182382972928
1202088618522750976
1202110965992607744
120216237
1202175130031538176
1202182519
1202224169355792384
1202231653285806080
1202232890
1202273905
1202335894738554881
1202411821
1202422683432095745
120244309
1202523648059486208
1202554184605806592
120257330
1202697541869068288
1202724642542080000
1202767345862815744
1202820564727058432
1202884139587788800
1202929546275753984
1202996894147829760
1203021810003955712
1203051584835538946
1203054237598539777
1203058004783968256
1203162253601755141
1203165679291109378
1203230227
1203328694472839175
1203331222602055680
1203383368248942593
120342217
12034642
1203492591230021632
1203501231282565120
1203534361171234816
1203641
1203728576614486016
120384730
1203952730856808448
1204036111946993664
1204359760814002176
1204379795737513984
12044602
1204507644666548237
1204516592010137600
1204646340191371264
1204711549946015745
1204711876980027392
1204760737454837760
1204792596016570368
1204798193084424192
1204802087692963847
1204843976702013441
1204857125241012225
1204907629580972033
1204990638548107266
1204995099022757889
1205060077113135106
1205090943222857729
1205164116815400960
1205189388587675649
1205213550
1205219106
1205233383405694985
1205242805360222208
1205246685569540097
1205329591851720704
120534606
1205383633365848064
1205429039185432577
1205432575889686528
1205439711545835520
1205440318486827009
1205459555523674112
1205481073
1205544391508742146
1205548500714500097
12055602
1205581227761307649
1205581929283817477
1205591757083303936
1205592382223323137
1205638720457715713
1205644173883453440
1205657587
1205688729496641536
1205714598621589509
1205723899
1205726997604782080
1205733589716852738
1205755362822901760
1205769293939515392
1205932138505363457
1205963854976450561
1205999939987349504
12061032
1206195035160694784
1206197112
1206216214357274625
1206227149
1206315368941334529
1206352950534311936
1206363241099608064
1206366751
1206465173772546050
1206472297336324097
1206559631427981313
1206607383843262464
1206628233766158341
1206647430361632769
1206747285356310528
1206790547559596032
1206852367
120686088
1206894058976743424
120697788
1207029735160786945
1207040342484307970
1207074726931288065
1207199394
1207308181329694720
1207357773681451009
1207409404984868864
1207558778842947584
1207599834
1207602871
1207620479340752896
1207671612952186883
1207701880018632706
1207851995798786050
120797984
1208022575869255680
1208101661048217602
1208128464492146688
1208320402726031361
1208411233537400833
1208438124512190465
1208492606835085319
1208523831649787904
1208607203285843968
1208652810
120867457
1208748480589484032
1208861694736379904
1208870952898985985
1208930908251680773
1208943761926938626
12089642
1209190903333699590
1209241064479117315
1209300160653582337
1209363237541576704
120937075
120945326
1209506694495113217
1209616542956023813
1209618494632820736
1209618741929152512
1209646632746323968
1209670077127286784
1209672390
1209807844129878016
1209936918
120998735
1209997674
121004223
1210124834497163264
1210223678
1210283899047337984
1210293541714485250
1210379403332423680
1210398164878024704
1210526775425548288
1210539173897216001
1210589790
12106712
1210888086051147777
1210894642465501184
1210978395867078657
1211242163314409473
1211268679951769603
121127090
1211295202972880897
1211299208851947520
121130943
1211316027021123586
1211338436797329408
1211398414673383425
1211398895718191104
1211462301229797376
12116412
1211648324840767490
121171051
1211723205687136256
1211740765992321024
1211798212253601792
1211852769348374530
1211871590
1211892441529241601
121191859
1212025788872065031
1212025856257753090
1212026103268696065
1212040497729921025
1212050510984777728
1212056618789044225
1212113723847925760
1212167752569327616
121216906
1212177261018808325
121224595
1212268604365795328
1212275657780027393
121227951
1212287173321297922
1212318407569240065
1212371718213267456
1212372072254455808
1212387740639121409
1212405166311239680
1212423446442823680
1212458251465318401
121254571
1212579006
1212669571041124352
1212729872
1212741681092546560
1212743222797074433
1212792420456288256
1212806053907185664
1212821545803902977
121289417
1212929650608861184
1212992363624194049
1213115716641026048
1213137537524322304
1213149453948817408
1213201225702760448
1213233837393604608
1213240561982791683
1213300587531395073
1213354153637892097
1213393680607789057
1213402251655438336
1213421979597848576
121344175
121345213
1213466196105822208
1213623457
1213630628349927426
1213661843543060481
1213664083146244096
1213713681512464385
121371792
121372044
1213729196930789376
1213739751443845120
1213746898151993344
1213789030363492352
1213946993598271488
1213953152
1213960012755656704
1214014188730798080
1214025631
121402638
1214058808600756224
1214085469736075264
1214090350781853696
1214168366501351424
121417367
1214192959
1214193808755187713
1214207026609278978
1214240053175582720
1214253171435954176
1214259358499889153
1214290567842000896
1214297100214620160
1214404600310034432
1214489977762959362
1214547632573550593
121456898
121457796
121462492
1214654748978081792
1214739329211232261
1214740777022062592
1214829974
1214853372731383809
1214867909064953857
1214879835375448064
121493492
1214980930756067329
1214996717914988545
1215009989238153218
1215073017602170880
121514648
1215174987281129473
1215187094290620416
1215319069
1215353151483793408
1215420500563898373
1215422045225398272
1215434171461578757
121545137
1215467169623891968
1215493072332771329
1215526870331973632
121562681
1215630046070824960
121568833
1215698394372431872
1215737471167877121
121576092
1215927840
1215941255261085696
121594232
1215942459751972865
121595197
121596062
1215970337785110529
1215971123210440705
1216021034643705856
1216141730950631425
1216299419617742848
1216376326531297282
1216435313490505729
1216500397218717704
12165222
1216593670692069376
1216641666603417600
1216754839931248647
1216781292991324162
1216808446974136320
1216809146600824832
1216813913150500866
1216851052042932224
1216914136669360128
1216920529938059264
1216944308399546369
1217025026077200385
1217033150
1217052037705125888
1217062496802091008
1217198127591186437
1217199734982692866
1217213360846069760
1217265422006915072
121732143
1217380813458853888
1217445884272705536
1217460418903519232
1217545519511326720
1217601646521270272
1217604847
1217623905063575553
121762421
1217627035
1217650399055925248
1217698909239140352
1217786733540118528
1217894123295977472
1217899781760200705
1217907965530984449
1217939176701616128
1218006198735208453
1218012177661034498
1218019439741767685
1218118918948052992
1218125484413702144
1218142222098599938
1218143665769500673
1218192102405951490
1218211832193802241
1218213729554190338
1218292996191539206
1218352597
1218382317242277888
1218571396525236224
1218587292585144321
1218652709072424961
1218657174139932685
121869155
1218696301602197505
1218711269017935872
121881752
1218883993124425730
1218923503484690432
1218932240413007873
121901430
1219192791118622720
1219213114895302656
1219214266521096193
1219222929743007744
1219229626054139904
1219244873301266432
1219283935865266178
1219296690118651905
1219316331788374016
1219349363299844096
121935586
1219386272822677505
1219397875479740418
1219463066150064128
1219566773298532352
1219594392807165953
1219611316819722240
1219611341142532096
1219676953
1219694667694006273
1219716577278427136
1219719960693334016
1219745366960230400
1219766843549704193
1219778557246763013
1219836531449290753
1219891500
1219967534
1220002905060593664
1220005896601899009
1220069297889927168
1220104759178297345
1220135485680619524
1220155694181044224
1220172092999720961
1220198925346529282
1220226416794570754
1220227577056387072
1220308368855834624
1220356311361052672
1220366102401835009
1220395312629436416
1220405423804764167
1220491285355728897
1220500099
1220652146649128963
1220710210974601217
1220720837239676928
1220852803876409344
1220913662128353282
1220945254100209664
1220952247212834817
1221016504067592193
1221030296323125249
122103460
1221050287819055106
1221104948349370370
122111410
1221114803495849985
1221183476017385472
122130797
1221346053691269120
1221377785
1221392618283663361
1221401212819582976
1221401602118049793
1221408601371078656
1221422424455090176
1221470043168485381
1221589815298351109
1221613770545385472
1221649643190341632
1221724974882394113
1221730253057470465
122174004
1221836494538670081
1221842001571864578
1221909783567110148
1221943044116643840
1221958648227909632
1221976375
1221999975040614400
1222157494656688129
1222168465449947136
1222196905947680768
1222209841906757638
1222211659856535557
1222233112417132548
1222263013
1222265121335939074
1222343766
1222371206684266496
1222405470826065920
1222442095643783168
1222482817680072704
1222500194333417472
1222506533692440577
1222539520308105223
1222611689595637760
1222617670891331584
1222701834386726917
1222716350
1222733786854461440
1222766612593250305
1222770466726862852
1222830685083193345
1222924488783945730
1222942592943513600
1222963500856807426
1222969922977968128
1222969925695762432
1222979722948165632
1222981963
1223043025745645568
1223073696627036161
1223101
1223185723
1223186176535859200
1223213895860531200
1223216668878438400
1223235543858851840
1223244383203536898
1223259468131160065
1223262413681823744
1223297836151975937
1223307925579542528
1223312252
1223327460210511872
1223335854468468738
1223341190747062273
1223344643330510848
1223384444633067521
1223424429524258816
1223440073330429952
1223514530
1223549755
1223600300126240768
1223600774
1223635418387795968
1223684195257589760
1223687932395118592
1223709926
1223715558778118144
1223745435761770497
1223790451846733825
122392884
1223997798108008450
1224058313521778689
1224060013645303811
1224143260073054210
1224174431989186561
1224198638009753600
1224277540036104192
1224325601349124097
1224389532339949568
1224409230444322816
1224440074215051264
122445177
1224455202025152512
122448174
1224512934291722240
122453931
122465006
122465452
1224716521383104513
1224720593095811072
1224746385863364608
1224760384927735808
1224765654680719360
1224855797018103809
1224862199258087425
1224882954670731264
1224888563847913472
1224910336643325954
1224920845044404224
1224960974102368257
1224969650728886273
1225113276822016000
1225117456072630272
1225129612084047872
1225143639812100097
1225147380284018688
1225196063944036353
1225197028831047680
1225249614434951168
122530324
1225313731904712704
1225381948748697606
1225416815695802368
1225536275182014464
1225641367830876161
1225719611976552448
1225801856129081344
1225807476400050178
1225812032634675200
1225827728605241345
1225923741189689345
1226088089489199106
1226126755716632580
1226188897811460097
1226198251189276673
122628474
1226311881045897216
1226364937
1226443172697391106
1226479670121635840
1226490900639027201
1226623617422757895
122667487
1226762131191713792
12267642
1226826354353508355
1226846026562060288
1226992607169040386
1227004190
1227051638969569283
1227216135160041473
1227248092082249728
1227295530608283648
1227328613877506048
1227536283519668225
1227559532882223105
1227571742903803904
1227611320339619840
122761619
1227646501150588928
1227660051101310976
1227663208694996992
1227678946550001664
1227684288
1227690497633849345
1227695090753081344
1227705260963246082
122771093
1227817914549407746
1227890263
1227952928767512584
1227965903758864384
1227971488961069057
1228049846013222920
1228104082512105473
1228119507463548928
1228206078
1228240920027508736
1228256088748961793
1228274850822840320
1228288849798930434
1228327280
1228374216766107654
1228388034921533440
1228467832687677440
122848394
1228519951654277120
1228532196
1228621698683023360
1228814113440256001
1228844676465274880
1228852166497988608
1228930686
1228941923773288449
1229014788539174912
122902242
1229113764848558080
1229140011641122824
1229143017128370178
1229265027665780736
122927740
1229307874083516416
1229418577528262658
1229423643257720833
1229451731668434945
1229494493730177024
1229513702
1229519702852096001
1229551983314509826
1229553439883059200
12296312
1229684183913713664
1229807729545564173
1229823969668161536
1229852519569985537
1229873243374444550
1229920211228295168
122999949
1230011019390382080
1230020167158992896
1230079133662605312
1230110206178332674
1230157020335988736
1230177455496806400
1230214754079133696
1230257613172039691
1230261558250483713
1230317592658763776
1230337647488446464
1230350636
123035831
123040155
1230410241596174338
1230431996163178497
1230489467514998789
1230500671373201413
1230620996052430848
1230650552712753153
1230658561979617285
1230666911685328897
1230700680131665920
1230704941456474113
1230733532474949633
123077677
1230787433467404289
1230841304977985539
1230893549543096322
123093566
1230937635125751809
1230981220021960705
1231000714014609413
1231082520084545536
123109597
1231170118845116416
1231189221450403841
1231246519644221440
1231274668822106112
1231338040594796544
1231433890595622913
1231469793271664641
123147859
1231576390631411715
1231593576276152320
1231671523561205760
1231786002034851840
1231835444
1231854057972740096
1231878704743223296
1231970220048363520
1232061287301074945
1232068669997494274
1232103756642295815
1232138269
1232153517898575874
1232184638
1232246369177473024
1232274574940790784
1232293135910178818
123231225
1232360804004945921
1232384600946683904
1232419245138436097
1232420335590551552
1232444581461078016
1232500941796016128
1232653578055147522
1232701340817776640
1232738002759278592
123279913
1232839037221777408
1232874779058655232
123287597
1232884642363006976
123289066
1232891802497105921
1232981686222192642
1233011583430856704
1233011987333947392
1233052695637975040
1233076435528622081
1233204595394072577
1233276322803138561
1233431315091009541
1233432561361281024
1233487790945513483
1233489407832772609
123349432
1233614503792775168
1233660354498088962
1233664839324585985
1233774219940519936
1233837923000373248
1233864281004937217
1233865187167436802
1233874507116380160
123389114
1233929232432205827
1233993813955358721
1234001791345250304
1234155612600139776
123417995
1234282542984876032
1234351884791619584
1234452169614675968
1234493743769751554
1234522998595473416
1234530709
1234542381715709954
1234590752019230725
1234607702212395008
1234669033959510022
1234756872533495808
1234758947623636992
1234825597194579968
123485371
1234879375734181888
1234894951575519237
1234907061185585157
1234908992528363521
1234979053217681408
1234983420888961024
123499123
1235013253836804096
1235083152
1235171834871664641
1235244517307166725
1235272151730712577
1235361997115412480
1235396982446772224
1235451726
12354832
1235496079447060482
1235605946597928961
1235641604154609664
1235663601215705088
1235664321344090119
123566785
1235721448066408448
1235753586983747585
1235787038785507328
1235789287473459200
1235955986810232833
1235970884113850368
1235988756462780416
1236004526886395912
1236040872896204807
1236041887640936449
1236155093847666689
12361942
1236226454670790661
1236243850609463297
1236264832921243648
1236314695805493255
1236324668640047105
1236327104440139776
1236390162696998912
1236421971107348480
1236693050367389698
1236778363915776001
1236783794050326528
1236885335168004096
1236927015338401802
1237073130079862785
1237093200487202816
1237133227195805697
1237135711201042434
1237214520012967936
1237216408947363841
1237275672894214149
1237286823879159808
1237302552699510784
1237369389403365376
1237459100
1237481410765692936
1237504229964537857
1237526605108518913
1237534493726081024
1237578874424344576
1237669553255006209
1237681237
1237731418647621633
1237765662476570624
1237784449611231232
1237806377852010496
123791065
1238083741991518208
1238089350027587584
1238094279760687104
1238097773108629507
1238099169849610240
1238112161664241664
1238130904943472643
1238143321517817858
1238149439975456769
1238152418384318467
1238164626388500482
1238210327591993344
1238300101686116352
1238419622011043840
1238423319809945600
1238445300672614402
1238457664029560832
1238510458409230339
123852589
123857999
1238593813188243458
1238616201879638016
1238701949823766530
1238712829798203393
1238723488229228544
1238812026895466498
1238819398271541251
1238848104968810497
1238854666471067650
1238898572810223616
1238915522537938944
1238981961823248384
1239004332206546949
1239033656900849664
1239035120008359936
123907907
1239097441
12391232
1239196084616003584
1239200801140215810
1239206834193326085
123921581
1239228960787046401
1239243940412473345
1239267002046439425
1239315181882224640
1239315261603414018
1239319995097780224
1239332371507396609
1239346535378440193
123936035
1239408727431643137
1239481179499311104
1239492605462958081
1239503998211645441
1239508234718904320
123953357
1239536275893489664
1239644065160986636
1239646831677759489
1239656978495856641
1239665425287270400
123973821
1239744773331636225
1239745990078300161
1239772280395194368
123979373
1239858901962629120
1239874700551114752
1239875674028101632
1239895217693691905
1239895551019085826
1239913111458545666
1239947878740656130
1239965136728641538
1240003184220876801
1240013681603330049
124003770
124007237
1240099915101081600
1240108368
1240140130431700993
1240150399547576320
124019416
1240234880
1240238567781171200
1240244926543167490
1240271013121789953
1240273808
1240318188191191040
1240327953952768011
1240335265346072577
1240340813739110400
1240355899
1240365269953978370
1240366826720235523
1240440545559949313
1240471171226718211
1240472761019088896
1240476553
1240551690853478400
1240565092661563392
1240594985805680641
1240601936216428544
1240614789837193216
1240627844868268033
1240661452157059072
1240682348120866816
1240691908428644352
1240713285357494276
1240751653143248896
1240784658301890561
1240801003181690884
1240817397205999616
124085246
1240860947826311169
1240873203054063616
1240910189986844672
1240932982707204097
1240949281680502785
1241015871159635968
1241052301592272904
1241126546066284544
1241177018785574913
12412802
1241341747885740034
1241342610574389256
1241478099708985344
1241489167936303106
1241505798422843393
12415722
1241584003410345984
1241645810854453250
1241659262255890434
1241675600399564800
1241687139701542912
124172052
1241752855561867265
1241759116189671424
1241760253
1241776858028539906
1241814811740114952
1241859777304702976
1241864249606942721
1241906223005470720
1241929766208524289
1241939110287335431
1241943431590465537
124194687
1242015728
1242019427672936448
124203266
1242039077840404482
1242051854659252224
1242053103505063937
1242078545356238852
1242080493694341127
1242110720507932672
1242142822532292608
1242155093711036416
1242157193035644929
1242232049626484739
1242257494686089216
1242278431624028160
124233667
124234724
1242363960650633216
124237063
1242382125476671488
1242393046769192961
1242488032231653377
1242509970467323905
1242514607547330563
1242525850555183105
1242527155
1242561559248986119
1242628099138715649
1242631568
1242639382978400258
1242682332009705472
124269769
124270074
1242753380444975104
1242766207503106049
1242836088579915779
1242850543791374337
1242853404658954242
1242860471415459840
1242883952152588290
1242918470427295751
1242945369560014850
1243030106257403904
1243159189133971458
1243182447459586049
1243264807840542721
1243264959993315328
1243278447511769103
1243299116924493830
1243312061016350720
1243473357003091969
1243475956213268482
1243510763794378752
1243510973844959232
1243564090624061441
1243590650857246729
1243616208160796677
1243638924175650818
1243650041077784576
1243674178714132480
1243697810966376449
1243775057077379072
1243795623175958528
124383342
1243836105184743424
1243846257367568384
124385632
1243898697060093952
1243902714
1243940932287787008
1243943921878794240
1243963812396613632
1243975013155430402
1243975547094536194
1244075939946016769
1244104702788165635
1244159959333388288
1244256378
1244268621033017344
1244306606441070594
1244310909721300992
1244394579173855233
1244417539486240774
1244593885268959233
1244646119176638464
1244652761498759168
1244661559948787713
1244698678146863111
1244709247327363072
1244716174404976649
1244735460414537730
1244750886716329984
1244761670569922560
1244762008127451138
1244786155675099138
1244811
124482050
1244852472037937153
1244873289111080960
1244963958
1244964674602438658
1245033248507469870
1245069205298446337
1245071389100511232
1245086943492206592
1245123530334916608
1245158768003796992
1245328536082075649
1245344783465353217
1245376938870476801
1245378985883828225
1245398248321355777
1245425135323975680
1245450013813223424
1245485014751408130
1245498957083508736
1245567912
1245593491356282886
1245611854396706816
1245669999068557313
1245732073345671168
1245746393349787654
1245769396431306753
1245784084405579778
1245824128927420416
1245840830
1245858799535165441
1245859701541056513
1245890478794518531
1245973196
1245974226
1245978537292640256
1246011365254291457
1246056814082510851
1246069541353881603
1246072988400644106
1246118622306631682
1246128247290683392
1246130480749182979
1246145966647865344
1246147069124825088
1246172150827864064
1246212541
1246229129428598785
1246263711976873987
1246359778386948097
1246384583496601600
1246437202793504769
1246450660507336704
1246455562276966400
124645854
1246471371087122432
1246488109212196864
1246501952818724865
1246590459520180224
1246634087349194752
124666453
1246714195388891137
1246787492965232640
1246839493220618241
1246844619322728451
1246874746249080832
1246903329642471430
1247010558865362944
1247015378972061702
1247025364137693185
1247103608732053504
1247124744694050816
1247171778704744448
1247188089618874370
1247197065169567745
1247249678829334529
1247260723480231939
124728443
1247295078822842368
1247295628780208132
1247298726554521601
124734476
124734585
1247370534
1247474442
1247478108
1247486220
1247542635352469504
1247567083468214281
1247577165220241413
1247580336739016704
1247582911282503680
1247583234
1247590938274230272
1247605656024166404
1247612029
1247701249
1247704293693509633
1247776604484333568
1247777896732577792
124784533
1247859933753888768
1247892559315128321
1247918450489597956
1247919419818487811
1247930406848073728
1247930407
1247948377544744961
1247966089532903425
1247984431
1247989173866225664
1248018093428916224
1248171637096288258
1248186570622017536
1248262323887841282
1248273756545572866
1248312083919273985
1248368605193854976
1248395071
1248448659538071552
1248454434180349952
1248589908983328768
1248627749201285127
1248715650794749954
1248717054271787008
1248742705695543297
1248893497400229888
1249059804762562562
1249120106845818880
1249162932203765760
1249165917205889024
1249189978233425920
1249192318797639680
124922921
1249279315
1249288414945513473
1249362057339834373
1249366249387307008
1249399318890635266
1249406752694644736
1249418279304622081
1249419027920773120
124944787
1249485439288741888
1249499540341710850
1249588897547300864
1249601030502756353
1249625622839582722
1249632494
1249654177300701186
1249676965
1249698573421359105
1249711304
1249736672494878732
1249757725761966080
1249765580531331074
1249776086570893312
1249858166
1249881152
1249897536799887361
1249937545
1249987495464505344
124999935
1250022091
1250047514021171201
1250047828807696387
1250058301620043782
1250103970850275328
1250108976
1250141014662287366
1250154805294587904
125016547
1250331934242123776
1250409664111448064
1250463170780520448
1250496182213885955
1250528764154568704
1250532105689485314
1250564804353224704
1250565426230300674
1250570398971953152
1250614619422330880
1250631480516083712
1250645727719628800
1250800573416460289
1250852627614760962
1250923495174922243
1250936872458690568
1250966834
1251007683395751938
1251015896396468224
1251062843002228736
1251070734669090817
1251153520989892608
125117830
1251272368728805377
1251291683183923200
12513132
125145899
1251495996506464257
1251516905808187392
1251537544031813632
125156539
1251569878542188545
1251577622703648774
1251728969814151169
1251752192417071104
1251760871463948288
1251761794974015491
1251763045
1251801300745977856
1251859574266757129
1251899513410924544
1251927661993062400
1251939014879457283
1251947750272442372
1252071683961356289
1252088339135488000
1252125650036510721
1252145383079215104
125215990
1252190241240297473
1252251742101663744
1252255337547210752
1252397622163275776
125243454
125248144
1252572999066189829
1252582969644113926
1252658170184585216
1252659529793314816
1252670427211628546
1252679420
1252680883666067456
1252766881968160774
1252887714
1252943029
1252960367149412354
1253000323
1253025027928264709
1253030180723007491
1253031017469763584
1253053937667670016
1253054040554065928
1253110160324587520
1253118644
1253160048362225665
1253194883717828609
125319989
1253202549454274561
1253239602011189249
1253249515
125326826
1253303427058282498
1253324254457638915
1253336706486427648
1253352017919184898
1253359191734935552
1253368461176311814
1253370733549555712
1253373093319327744
1253387594
1253464993238056963
1253472408314327040
1253524040821510146
1253534509384921088
125359870
125362283
1253633237584277504
125370749
1253748674900955138
1253758288862285824
1253776930525966336
1253783059863928834
1253798056652353539
1253805575449784321
1253863450792476672
1253892943544381440
1254010405657219073
125403342
1254065057664819200
1254077828481630208
1254095167402934272
1254095272185126913
1254213767791075330
1254339486659555329
1254359264036114433
1254403937676996608
1254430636259135490
1254435666273767425
1254457502021935111
1254459935544483842
1254461636418711552
1254484981684015104
125450387
1254522239460016128
1254522874200821765
1254546211161268224
1254568490419265536
1254574879027806209
1254649434874535936
1254705571443474435
1254734148960497664
1254740575137312769
1254742867102371840
1254748327024955395
1254762088557248513
1254781178944487426
1254884775296409602
1254907995324125184
1254999326125780992
125507032
1255090269789143043
1255091950115606530
1255148422077673472
1255151332530556929
1255161552
1255176009764294656
1255188563936804865
1255194082982404102
1255255034335506434
1255375328769454080
1255393579507351554
1255461746799714304
1255482927795834883
1255505396288061449
1255521222282133505
1255561430
1255587259828637698
1255620794421399552
1255663599881801731
1255683271503069185
1255697131681153024
1255755022647754753
1255766874127728640
1255794925
1255837805231693824
1255875914048720901
1255892670129602561
1255896697
1255925880020504576
1255942372380180486
1255950337418149888
1255972999846486017
1255994104133177345
1256012946792239108
125606318
1256102507241181190
12561082
1256179796209516544
1256208450012545024
1256228568847302657
1256241590416412672
1256252656261246976
1256267262446764032
125646342
1256465403620057088
1256473151313043457
1256724024241119234
1256761233367281666
1256879575897763840
1256895281502629892
1256895569001435136
1256925276530974721
1256938275018665984
1256957952189034498
1256992603373010944
1257109172547534848
125713545
1257202819578441734
1257244752904249344
125730512
1257354957121978368
1257376150696931331
1257409752587517952
1257522666
1257596262649561089
1257597632450457600
1257608808123203584
1257614049719787520
1257640188
1257677269440565253
1257692347187552257
1257700137700212736
1257701119888932864
1257719485
1257745098219171840
1257745806
1257761012704579590
1257808704608460800
1257817370229460993
1257838105
1257878321901137920
1257948790046232576
1257958683042078720
1257970011395756034
1257998445589041153
1258035950724067330
1258136573159358469
1258209108651581441
1258343680634748928
1258412098419335168
1258457163724275712
1258460634146115584
1258463336959578112
1258472629687799809
1258474163464835072
1258480348951916548
1258496896710012930
1258519156238016513
1258538731054739456
1258575463
1258607170494648320
1258670574571671553
1258726789679140865
1258750235318390785
1258768693766520832
1258860115115024384
1258872380937691146
1258899000238972930
1258930049702453248
1258940065419419648
1259042108817670144
1259111661144879104
1259161086
1259233197423984641
1259279420780613632
125928028
1259405905659146240
1259408909690757120
1259415739150356480
1259439863071338496
125965061
125966823
1259687836262924288
1259727498876563457
1259748632833785856
1259754020404514816
1259789343851458560
125981192
125988399
1259890204644696064
1259902140
1259936270232543235
1259958590959423492
125995973
1259961004227801090
1259965918450528256
1259977788
1260093664837152768
1260112178490814464
1260148261886795776
1260152928410775552
1260167430
1260172386
1260177343
1260237051645104130
1260270387587239936
1260279809420267527
1260300789911871489
1260305429135048705
1260315286080835584
126032227
1260345928151638022
1260362983844151300
1260487950606966784
1260630354492141571
1260639517
1260658819618799616
1260743345237786627
1260764666789158913
1260773792902610950
1260881050005315586
1260885935383666688
1260892052784508931
1260910203832328192
1260924251323822080
1260946135797190656
1260965916940079105
126098589
1261011935434141696
1261056168706945025
1261219380
1261233083094896640
1261277569476890625
1261338980567613441
1261368302187810816
1261415359
1261517755561410560
1261539939856060417
1261571838980874242
1261645162939330560
1261651240615723008
1261652861022330884
1261684151780081664
1261740727735685120
1261766175324848129
1261766549544804352
1261774627497553920
1261806630141923329
1261808262
1261817950631124993
1261850191507963905
126189319
1261969709894860801
1262017122
1262020138682941440
1262039214293766145
1262097497687650304
1262136947155316737
1262148210941968394
1262153627898122241
1262182550656757768
1262189067799859201
1262226849540780032
1262299754840551425
1262303788800438272
126231246
1262402966
1262411644543528960
1262436544889184262
1262436790503432193
1262437903344467970
1262457744
1262511200451117059
1262551802983018497
1262573344274046976
1262646857286602752
1262676730864644097
12626962
1262698658409005057
126278285
1262785068302503942
1262836830623457282
1262865794800791558
1262882468165832710
1262895012439830528
126291413
1262923881100177410
1262925947877167107
1262931615451242497
1263065370371526656
1263097516553375744
1263101347722702850
1263108382564769792
1263116741351280642
1263180810141798400
1263181140162158595
1263193141512814592
1263268346415312897
1263295830930276352
126333702
1263361370994757632
1263418879344177152
1263470973057204226
1263503345945243648
126352940
1263539629
1263547144402866177
126355412
1263603952286908419
1263691104211234816
1263706735
1263744767776772098
1263875946240671745
1263884615133073408
1263885150980620296
1263895193784184832
1263951608330715139
1263960926
1263964601500270592
1263967568013991936
1263976607041171459
1264028491
1264044208387547137
1264067029440647168
126407431
1264110186655911936
1264118859507757057
1264202814236098562
1264203919447769094
1264228100583428100
126424795
126433535
1264343369150377984
1264350074814951424
1264384590954876928
1264421345539977216
1264433760
1264454585181024256
1264490210890571783
1264518234
1264583479
1264585574947618816
1264589105113042952
1264625243093700608
1264701057730588677
1264754767177318400
1264830733379465216
1264867750142500869
1264892998761852929
1264921927812091904
1264939684964306946
1264958870373318656
1264970826
1264974162105376775
126500061
1265004267066331149
1265012067783901184
1265026172
1265052957382332416
1265067229512679425
1265101873029222400
1265102582625767424
1265172359020834817
126519825
1265313270367485954
126535711
1265358812
1265369646
12653722
1265382749570990081
1265394060270825472
1265425666477928449
1265453530418237441
1265471702
1265507258231853057
1265517373387411456
126556399
1265643149000654849
1265662189630902285
1265690636302180357
1265699655628795904
1265703008538632194
1265704029583179782
1265790040787034113
1265827187493666823
1265835600923357185
1265836242559737864
1265838094286073858
1265895577
1265975128103550976
1266022591
1266023737
1266038659
1266191466659033088
1266206127458566144
1266213324481593347
1266235300042268675
1266243258
1266380854550462464
1266436911104700416
1266448344773283847
1266452263343554560
12664582
1266463248003534848
126646669
1266470850770984963
126652615
1266527089
1266551713202425857
1266574152036544512
1266580057675509760
1266592343966142465
1266608901346209793
1266630841024655361
1266633564269031425
1266769158890557440
1266840037229867008
126689232
1266988434
1267020943551090689
1267040660
12670592
1267069662082277378
1267071694570651649
1267087955505500160
1267127618454814720
1267147596969246721
1267148203171803137
1267176713613643778
1267177464964493312
1267221600023334914
1267317410
1267318573707472897
1267333062955683841
1267354407404003328
1267371810670198784
1267374897224806407
1267387024656531458
1267445331454820353
1267473460617515009
1267479062542340097
1267499092944404480
1267560695496953857
1267586027260084226
1267649650682523648
1267659607024910337
1267746088762650625
1267797033143984128
1267805273005015042
1267813769268215811
1267822557153030145
1267822628670042116
1267845921452236801
1267887043
1267894216568516611
1267901216
1267902829638926338
1267908746807775236
1267909249549639680
126791829
1267920587911049216
1267945259675250688
1267982563
1268023502344384513
1268038576039555075
1268096912147779586
1268133037415583744
1268163864505573378
1268231052046327808
1268337206424473600
1268346734868078593
1268360998789844992
1268419745012789248
1268466039370608640
1268486489387794432
1268489817668702209
1268575635238256641
1268586415207653376
1268655968
1268666648522883072
1268671085635080195
1268720790100377600
1268865486172966913
1268976545386946567
1268986479918886914
1269002679935733760
1269018935371771904
1269023126660059136
1269073092506247168
1269088604078260229
1269143109113393152
1269195387262418944
1269217886058549248
1269228362205028352
1269245234430574592
1269288027228123136
1269471695401742336
1269496784344117249
1269507494595813376
1269595594676297728
1269620159934803970
1269637206844588033
1269649283952893955
1269651521370808322
1269656234367442944
1269797847987298307
1269842057704570881
1269851843909185537
1269857361214074880
1269864312329261057
1269894425414471681
1269999682782146565
1270042073069056003
1270073272286076929
1270076940867649536
1270078797967011841
12701412
12701712
1270217997190340610
1270238612
1270342595621687296
1270357296573485056
127036157
1270387181027233806
1270407073159802880
1270423040598241287
1270426374
1270440554686558210
1270450003920781314
1270462722191364096
1270519607846109184
1270521971848118272
1270537052702928896
1270547122996142081
1270557418896986115
1270624139124961281
1270632396640129024
1270678909
1270686766337490945
1270691642970906624
1270695518948200448
1270709401192718337
1270795509645664257
1270801439506542592
1270823585419079684
1270865085641011200
1270881496992227330
1270885882355085312
1270917763830296577
1270966416
1270982342677495808
1270998235348434946
1271025590
1271068150193369088
1271084812296761344
1271102488410800128
1271120808082132993
127115974
1271163370717265927
1271175519774609409
1271207118079655941
1271236735951757312
1271246905469800449
1271348821
1271380967710773250
1271405810346799104
1271489698612084736
1271505378371670016
1271542138203975682
1271769042802614272
1271827515892326402
1271892787244367872
127191134
1271940352849727489
1271975834031620096
1271976652579442688
1271979907174858758
1272011994430754816
1272077711415148544
1272157242276474881
1272182395840729088
1272183652408057859
1272204864999677952
1272215750229610497
12722182
1272260220862058496
127226173
12723002
1272330881894670341
1272339251070468096
1272382111211610113
1272559122022629376
1272590818981941250
1272609181728681986
1272631113668845570
1272643162306207746
1272742964691755009
1272877391170334720
1272956793497534465
1272966763467231233
127297608
1272984661250187266
1273019664
1273034509143822336
1273045249179426816
1273110322841296897
1273173584396070913
1273213574
1273219227898589185
1273226804564762624
1273259915893669888
1273261304682250242
1273268959211663363
1273283270
1273285864970469378
1273290202694455302
1273307581801541633
1273312304201900036
127347158
1273473561177571328
1273480417644023809
1273530824609144832
127354130
1273613327353118722
1273676364160176130
1273678333683748869
1273680060042498050
1273705837173764099
1273778771804540928
1273786837383946240
1273798159429365760
1273887964070907904
1273896635802636288
1273910622
1273929308051038208
1273931579782463490
1273978432213389315
1273984547852398598
1274018522906189830
1274028988176855040
1274038376845520896
1274098258084876292
1274325846631878671
1274487749500784640
1274504620153470977
1274549142883205120
1274615546118635520
1274661611010220033
1274674638350454784
1274739790294863873
1274786836754264064
1274803192203579392
1274816065248387074
127483019
1274958806565425152
1274973680460681217
127504239
1275050146615746561
1275057825203367938
1275064136544575488
1275082205233111040
1275136292
1275221447221415937
1275250844816904193
1275307229466423297
1275414672
1275451708294918151
1275564990
1275643918567313409
1275662379058167809
1275677715048341509
1275717155540041732
1275736248619986944
1275783120273342465
1275791143758901248
1275821631978569729
1275838454
1275852545878040576
1275967987451752448
1275975765738356740
1275986207437213696
1276001348274647041
127605667
1276283712074899456
1276290261233152000
1276353334480269314
1276416069461110784
1276426094242127874
127644260
1276465528459210752
1276537362760323073
1276549292
1276614352687247360
1276617223491268613
1276620122845659136
1276622841476194308
1276680681066807298
1276685830543851520
1276826554740293632
1276860003467563008
1276868004622544901
1276928106
1276941255143034880
1276950027433197568
12769722
1276982464217579521
1276983841979281409
1276999064056463363
1277010036330573825
1277102885361205248
1277116148
1277137382
1277145421341585408
1277236151343087617
1277256953887182848
1277275248400969731
1277282233703903237
1277288422281932800
1277298128996241408
1277324748301766658
1277353918146772992
1277386151100248064
1277414658324873216
1277453652924366848
1277460075376861184
1277481104765673472
1277533601744199683
1277614348769415168
127763121
1277649303159418882
1277653859301801984
1277689617794445313
1277734157670584321
1277750941639475200
1277770504045133824
1277777788016177153
1277915326542483456
1277917121754914817
1277921136983113728
1277923759358464000
1278111157472178180
127817024
1278185988691378177
1278204065332301824
1278205040381931521
1278216922509611008
1278236816936710144
1278265000612765696
1278313560893018112
1278317797827850245
1278345404
1278419255537668096
127842358
1278491143
1278513305494196227
1278520953912193024
1278582259
1278616438937464833
1278653174371487747
1278753844978020352
1278852057009659905
1278879962595045377
1278949504809668608
1278953916
1278970209731313665
1279004752857059330
1279127035751862272
1279137018
1279186758
1279191047696941057
1279242870478630913
1279376681820663809
1279382166745440257
127938785
1279390611531915265
1279445773932023809
1279456954625093633
1279512071873409024
1279581944867459072
1279601919745560576
1279700148063330304
1279796438109761536
1279843415342100481
1279861073995280386
1279878431463931904
1279885975
1279910844932009996
1279955236778631170
1279961339302154240
1279975350961795074
1280127124746252288
1280129000111779843
1280190378700877824
1280191325359312901
1280192917
1280219650429726731
128022083
1280230785816113152
1280268460996489216
1280333501603053574
128039857
1280435187986264065
1280481818702163968
1280497598957314049
1280508541875470336
1280540497
1280561249030373376
1280565300719759360
1280647392342282240
1280830046110875649
1280844971478827009
1280861891624079361
1280885680831332353
1280896570142138368
1280905673304420357
1280917447428771840
128108354
1281174625011920896
1281190389941035009
1281240262291984386
1281242511844016130
1281275301457248257
1281290168612327424
1281303947857113088
1281309079038840834
1281366433843171329
1281384165250867201
128149759
1281528052925726720
1281540660038778883
1281562067602989058
1281582724583755783
1281589329039630336
1281604312427376640
1281614577793368067
1281628082978254852
1281675031207194630
1281708070683529217
1281743653409439744
1281786153390112768
128180355
1281804521539174401
1281847082
1281882297344524289
1281910777360928768
1281926718329171968
1281952143168200704
1281952274185691136
128195806
1281968044953280518
1282049597318324230
1282056235211124736
1282068836
1282072061301620736
1282151993654407168
1282190791
1282205623
1282256131335700480
128227935
1282291240327884800
1282336174472933379
1282371248039878656
1282483021191565312
1282505534915121154
1282550353
1282704287332741121
1282744810324013056
1282760058
1282788499129864194
1282800661017399296
1282841131252842497
1282861515859652608
1282909786992865280
128291664
1282928156484071424
1282959786930106368
1282993019210403843
1282997894463840256
1283156197944619008
1283178036859408384
1283178906997186562
1283303281960329216
1283319060114149376
1283352716
1283359081
1283359889163603969
1283390187679014913
1283428247963828226
1283465406531936256
1283471070280986629
1283539024410480640
1283545372019658752
1283561981514055686
128365685
1283666204998107137
1283671661397458945
1283753604034244609
1283785397542281216
1283801835468402689
1283802863253282816
1283820330247692288
1283838835
1283867959979630596
1283877243173965824
1283952596877807618
1283977500314329088
1284011834
1284037838066061313
1284041137808969729
1284090078
1284099535308906500
1284121016
1284146730
1284214694979481605
1284237524370587649
1284292485468971008
1284294575599742977
1284315096
1284474476176998402
1284479083171188736
1284523148906385410
1284595855073464325
1284618557641252864
1284690625191972864
1284827312102313985
1284927536745480192
1284939407494205443
1284976632357195776
1285048332
1285113658620747778
1285117221505622020
1285174183
1285198249238896641
1285203679910539264
1285204110359310338
1285227437433946114
1285243859102953472
1285254070786297857
1285325527717486593
128536799
1285368591169142784
1285389233973112832
1285427447039700993
128544009
1285489951270993920
1285549582399746053
1285587841
128559718
128564355
1285687851514986498
128569463
1285698235
1285707100321128449
1285725618198347776
1285729513
1285744351658663936
1285783067970306049
1285788791119069184
1285789489978388481
1285821615499104256
1285901302279680000
1285948338848894976
1285954032813649923
1285957974377271298
1285963002928340992
1285997976335249408
1286002467227017217
1286006294264991746
1286008716442112002
1286013999063203840
1286031774
1286084038596464642
1286125493411078144
1286210772087926784
1286263439715971072
1286270045245472768
1286308232273821697
1286312880
1286344671254388736
1286346586973515777
1286356556741828608
1286363886288023552
1286370545651548161
1286377157363748864
1286394139626672130
1286408306488012800
1286498580409147392
1286534365112082433
128657259
1286587861857312768
1286609960118423552
1286641148421967872
1286653963505410050
1286659214803435526
1286661127
1286957493512527872
1286997642011082754
128702411
1287026721393270785
1287081309794455554
1287098672132567046
1287118441007259649
1287157477172224001
1287332807686131712
1287351925181038592
1287407173
1287429696452538368
1287444778108428288
12876
1287607358
128763579
1287695550435950592
1287706999
1287839991754903555
1287870527525330945
1287901176
128790234
1287912063285653504
1287966325
1288026732671512577
1288042799267381248
1288044751
1288180873
1288181225392308225
1288192735111811072
1288196344285339648
128820282
1288305396621299712
1288320264015499264
1288332910098092033
1288369706961973250
1288401855010283521
1288417690059788292
1288499538811146242
1288508455133667329
1288572182444961793
1288575015701680130
1288648953442054147
1288653700349571072
1288678070417674241
1288682855892017156
12886922
1288710201240178688
1288714376510418944
1288744062590173184
128877911
1288791149272915974
1288848042792226817
1288883745781616643
1288912644
1288915556154986501
1288924545613692934
1288925430926307329
1289061062
1289161730216660992
1289202375526436866
1289215954564653059
1289220776240058368
1289246655745798144
1289303903444635653
1289327550041382912
1289363483444699137
1289568967
1289634447327928320
128968687
1289713620
1289728363
1289746621140353029
1289748052643897345
1289773268702908417
1289874671979171840
1289917746
1289939894001967104
1289957362514702342
128997918
1289990815796928520
1289991425036345346
1289992305064259585
1290038429586198529
1290045335906078720
1290107701326823424
1290114104
1290175371841802242
1290232189615894531
1290247555
1290257357075750916
1290282715682451458
1290290872819515393
1290306458123411457
1290325055398961156
1290330031667937280
1290332482374598658
1290359262
1290390627218108416
1290525493477990400
1290572123191365633
1290592438965415936
1290593002751012865
1290681141834313728
1290692810748952576
1290777707295514627
1290778158254428168
1290836806213046272
1290845777393324032
1290848802966917121
1290997715430789122
1291014612729630720
1291032276546080768
1291066464800133121
1291095482798940160
1291113930505498624
1291132799886462976
1291139322003853313
1291180976505098242
129121211
1291243382128304133
1291257183758254081
1291349781638344705
1291356198873292800
1291372926906691584
1291456715343396865
1291502143342510082
1291531633657487360
1291573616878841856
1291576166017572866
1291625831178080257
129163821
1291666967779110914
1291742969603805185
1291777987
1291784615838076931
1291824452536160256
1291849874313420800
1291859452119748608
1291895091158810624
129193125
1291957106787135488
1292079973939982336
1292085047244345344
1292115460062838785
129219792
1292202008078716929
1292206554
1292235489202728960
1292264385465868288
12923812
1292388470695002113
1292389969361682433
1292604609442140160
1292614158656184320
1292712731112439809
1292807880241041408
1292849327107448835
1292892841824452609
1292996359927279617
1293024676524982272
1293032353611124738
1293157241625939969
1293158845062184962
1293199744332959750
1293210796336373762
1293211965825974272
129321245
1293225557568770049
1293228146603503616
1293229064191434753
1293248560494858240
1293255065873022977
1293256549
1293291050342154242
1293309851297288195
129332286
1293334514
1293342576766889984
1293356938156290057
1293373552402378753
1293453439
1293605897566949376
1293608794581282818
1293625027
1293652983129964545
1293820323368808448
1293837794771496963
1293842953601982466
1293866483181854720
1293889266536382466
1293897127
1293967360911486979
1294001001570152449
1294009072400785408
1294027221166895104
1294094366969978881
1294116419802525699
1294170239865946113
1294199102930968576
1294199740985376770
1294213940457734144
1294300023107321857
1294321716622172163
1294338975809916929
1294343538256351238
1294346193653207040
1294365078096027649
1294373481744936971
1294405690270920705
1294449695603884033
1294450501203816448
1294493360757985283
1294518870489706498
1294521992813707264
1294531
1294613752743165952
1294621811158769665
1294641898322305025
1294719310632452098
1294760241083699202
1294763833769299969
1294775138030882818
1294800628343025665
1294812238646312963
1294860842572292098
1294930322505625601
1295003940547895298
1295048204111753218
1295049234312581121
1295053944373170176
129506826
1295075863218647040
1295243021324152834
1295245984549744640
1295288900273963008
1295364308755525632
1295437063286927362
1295516917
1295610350512099328
1295657022948429824
1295669902808842243
1295795535580807168
1295830169802940416
1295844657876930565
1295845447202988032
1295874584122552320
1295946128710664192
1295954426679758849
1296035989
12960572
1296103570366959616
1296141838684950530
1296175421927587841
1296267480361578496
1296352696484548608
1296353033488670721
1296378159521304576
1296467393305145344
1296467447596421121
1296495520677076992
1296527516476284937
1296542987850113024
1296543921284288528
129662828
1296819400289529863
1296941128424591360
1297066320513597440
1297068146482913283
1297095206567731201
1297137223087751169
1297137944906670081
1297206554
1297222305802792960
1297259656398745602
1297261386943336456
1297268444383940609
1297296473743400960
1297453451807346688
1297454966760775680
1297468523204292611
1297471014389944322
1297478851505790976
1297496299999301632
1297547814428442626
1297553046478753792
1297555145857945605
1297557100936286220
1297611610362712065
1297611986730065920
1297624894474092544
1297725221789675520
1297796880995295232
129788409
1297887541421637635
1297940049099722752
1297978958705651712
1298001423792082945
1298027183928033280
1298075550095826944
1298129679795150848
1298143218324783105
1298181408066646017
1298231720165224448
1298289468894597120
1298341687811543040
1298369938776891392
1298370617511616512
1298372735383605249
1298470383356608515
1298481700763312128
129856682
1298615065017569281
1298616549213863936
1298636596783321088
129863993
1298643202958745600
1298648659362373632
1298688448593711105
1298691633295368192
1298738824013643777
1298739028062175234
1298765656175702016
129877411
1298778137279565824
1298797234058743808
1298801323371003906
1298804776558362624
1298828160050458632
1298871382734905345
1298992605070364680
1299010787772694528
1299017696416272385
1299129409480388608
1299143241770708992
1299149281698312192
1299162599183982592
1299302634461868032
1299376732571484160
1299409144588505088
1299418255937998854
129943834
1299448963653939201
1299453168
1299461155312857088
1299519544583573505
129963753
1299681675488555009
1299686030875004928
1299691027104542725
129977417
1299774818850689024
1299777727147409409
1299837101270274059
1299930054965616641
1300009654169280517
1300065258904616961
1300100951743881216
13001192
1300233654707261440
1300273238698672130
1300293152
1300315495258677248
1300316983
1300318173280043008
130034862
1300371127127085057
1300430203714494469
1300434478955991041
1300449339584778247
1300518960249462785
1300616347517440000
1300637070499524608
1300651957565231109
130065700
1300693565354328065
1300751671845289985
1300780495781978112
1300794540136321026
1300832369113432066
1300934264263827457
1300982078318624769
1301010103
130108575
1301105292726468609
1301125132052766720
1301230032170504194
130123715
1301258188642299905
1301258210045698052
1301304955957997573
1301342205953470464
1301352799960145924
1301353764671156226
1301385347838992385
1301394695495454720
1301413594995847168
1301427711978737664
1301456297720713218
130147956
1301482247560847360
1301521497723490306
1301541599252557825
1301569482800992256
1301586368611590144
130159333
1301621843879759874
1301691554944425985
130170795
1301752010195103744
1301757135584256005
1301888576951476226
130193367
1301945723831963650
1301959719729467393
1301972661560631297
1301994475892477958
1302004025202823172
1302065426961174530
1302150288132968448
1302224381419028482
1302238156251693057
130227647
1302345099305799682
1302369208072835072
1302415003497226240
130242316
1302478937549762561
130251368
1302599496803651585
130261638
1302632635588468737
1302654379401633794
1302703925515243520
1302754320274907142
1302966940324048897
1303009894283452417
1303012853138558976
1303055322119114752
1303067575748685824
1303070352365424640
1303080508587474951
1303162091579334656
130320277
1303224428176777217
1303285402674098176
1303324888963231744
1303337519560273922
1303342812277211136
1303349962856595461
1303360753592938496
1303368359980027905
1303391120878166017
1303428110046695425
130344472
130352142
1303616326360072192
1303675633323708419
1303709822416818177
1303713480
1303741215519780867
1303760999200313356
1303761587749228546
1303800646462828544
1303819290567684097
1303830897376899072
1303852337337958400
1303866478249340930
1303962471552749575
1304097714817425408
1304144602031468544
1304158776434491392
1304222424167329804
1304236363399618560
1304241085032681472
130426058
1304319774906814464
1304387011999129602
1304409712763514881
1304456997258121216
1304477280958377987
1304495207107440640
1304542248642711553
1304589818
1304720553119490050
1304732771236098049
1304834958423404544
1304848601600987136
1304899477648609281
130491060
130496027
130499946
1305139827705180160
130520787
1305229238
1305246744
1305282123834642432
1305405934164824064
1305409038
1305481604
130549887
1305501905431523329
1305518531849539584
1305523968137457664
130555328
130557518
1305618986583826432
1305637704856743939
1305642117595836416
130568721
1305690987054936065
1305699534765342720
1305727802839187457
1305775283115405312
1305795361336770560
1305808747093061633
1305817131234267136
1305830804875079681
1305834523310071809
130585626
1305857054100381698
1305858844363431937
1305864312221773826
1305865621880569856
1305943610010079232
13059532
130605003
1306129981
1306145693753421824
1306152383601192961
1306209757762588672
1306312784
1306344123306323970
1306347674929684482
130640704
1306424830863040512
1306476487931953155
130651720
1306520493575622657
1306551472423751681
1306598468199149575
1306776013406261248
130680144
1306842187813081088
1306888092876378113
1306992556602003458
1307004816976211970
1307027256133345280
1307046679770738688
1307058758237917184
130707313
1307081474672336896
1307213540634230784
1307324263297413130
130735292
1307390559301120014
1307398008712105987
1307427891731410946
1307454207805370369
1307465293078253568
1307504127417540608
1307542681678213121
1307571622992211968
1307596205002719232
1307632831284166656
1307653142264385537
1307690532215435264
1307707475039154176
1307731013611794432
130785519
130790174
1307924204856242178
1307930782753726466
1307933329556205568
1308101960134844416
1308105104843665409
1308116975651106822
1308203587189837824
1308253814
1308267623327518725
1308285107476803584
1308358704454987777
1308414068114546688
1308478871268925441
1308591876983775233
1308658880168292354
1308666120585572352
1308690201321943040
1308696496183926787
1308697225497772033
1308758393373458437
1308846185101185025
1308928746083119104
1308937544130756610
1308959575
1308967102330609664
1309040708079226880
1309176726023536644
130918844
1309194594190532610
1309203267491180549
1309214417100386304
1309226503767560197
1309244500733169665
1309255122
1309307106282086400
1309393753459879937
1309407958409805824
1309423286846132226
1309480383264829442
1309664785680670720
130971502
1309722302561607680
1309777350825897987
1309788706899779584
1309814523075923968
1309935484404146177
1309960784785465344
131000223
1310007035778523138
1310093337198620672
1310105306064592896
1310219550
1310226009761947649
1310277746422165504
1310285012755980291
1310287009525702663
1310336568704425984
1310377614784294912
1310484609730142208
1310552252193660929
1310607251506249729
1310623146618359809
1310661970442498048
1310695660858093569
1310812375914749954
131094666
1310955494106968065
1310993859258834944
1311020003714576384
1311053894
1311058848053112833
1311101575192961024
131119176
1311281354374553600
1311305544326623232
1311410025991208961
1311412456611217408
1311489581468934148
1311528099083939843
1311629881894002688
1311654057782767618
1311662718856781825
1311675338896936962
1311701064517787659
1311714648622870529
1311840031275921414
1311907241029595138
1311971648
1311983152643137537
1311989257
1312049857163677696
1312056419429093376
1312057832804626438
13120642
1312068424294596614
131207665
13121172
1312139751584038913
1312166469891813376
1312221741184360448
1312267633757052928
1312302974002135040
1312367497
1312367672
1312458981697294337
1312459851226898433
131248798
1312490972530569229
1312604823431200769
1312635419247308800
1312678591440838657
1312730334757351424
131274654
1312777949624623106
131279432
1312828309667893250
131285450
1312867260189626369
1312895255633567744
1312922017226612736
1312982073125208066
1313027083480829952
1313040838830645249
1313046523136147456
1313128625680592896
1313132605987074048
1313141799368773633
1313147736
1313193191185756174
131322022
1313284951752597504
1313316883324698627
1313331278737858562
1313371029230690304
1313424080436170758
1313435495314206720
1313436459349807104
1313446421991915520
1313481485186404354
1313553209013673984
1313561075971842048
1313589116
1313633960526852096
1313640510268022788
1313678049183850501
1313741645536518147
1313780845618970627
1313798719867936770
1313816155715379201
1313842249717952514
1313924435854856192
1313940974121504769
131394856
131401138
1314013649011462144
1314031077363769345
1314043654390996993
1314050124474130432
1314082358077857793
1314140729048928256
1314267528831602688
1314295214966665217
1314346745086709760
1314349862100574211
1314361747
1314418040965001216
1314462768372670464
1314469589301035010
1314511501
131456205
1314571096193200134
1314604885
1314623933123948547
1314629114888884224
1314638459613655040
131466176
1314677245500297216
1314684751622488064
1314747257397211137
1314765631867084800
1314783795594301445
1314805908317392897
1314824026800312325
1314830750533865472
1314876637301874690
1314883953686347776
1314942738442452995
1314962015945854976
131497030
1315014076032937984
1315120114241593344
1315183408822145029
1315211363145351173
1315256032076214275
1315273376
1315291854993346560
1315299577864495104
1315545511752069120
1315549350504824837
1315648635581853699
1315666551404544005
1315741771649953796
1315765638229487616
1315771527816769536
1315802854284763137
1315897109246246912
1315900032365793281
1315972154517794822
1316028475958992897
1316037446963003394
1316048451684237320
1316070398304440320
1316089615305109506
1316097228453404672
1316102723947778048
1316109266042916870
1316119503680536576
1316148861761708034
1316262501017964544
1316270147754225665
1316374345141362688
1316398228569546755
1316420527079055360
1316440690700808197
1316444655341449217
1316632272007651329
1316712815458045952
1316715522302517248
1316757892243087361
1316784587578781697
1316785396156690440
1316900282098475008
1316957121066409985
1316977126868799488
1316998029707280384
1317022438727757824
1317075222206566403
1317135070906384391
1317137924241149952
1317220261050056704
1317309004457119746
131739640
1317438233203011584
1317491426544947201
1317502320943484928
1317599456821276672
1317629672
1317697028873281538
1317708046307504128
1317764322345484289
1317766703854485505
1317809438535811076
1317833493976526848
1317841228575145986
131789595
1317903924
1317910974372995072
1317975383191416832
1318008523939319808
1318056911439187968
1318082829197168640
1318120489185759232
1318277915629400064
1318333892265324545
1318376979930914816
1318380296274812928
131841202
1318451646477832192
1318513329971752961
1318525328273428481
1318629342700777473
1318671397560979456
1318735753904611332
1318753441
1318762349189353477
1318835413
1318872596537016320
1318951209491959809
1318985240
1318987505488719872
1318992190627078145
1319001143649992707
1319103997060411393
1319213710452379648
1319254336577351683
1319255653383192577
1319267879326367744
131929779
1319314044378140673
1319333422502871040
1319342138002493443
1319366024286830600
1319373112857808896
1319391512308764672
1319392990939340800
1319416912623722496
1319490399187206145
1319523522
1319543282326753285
1319556242386407424
1319561166
1319573309336539137
1319587093908250624
1319660552738770945
1319773183646568448
1319857968
1319872645496598529
1319916075476262914
1319931642039967745
1319965903031836675
1319982907050450946
132000754
1320009973095632897
1320050125050421258
1320068278656684032
1320104036
1320104862193979412
1320112880
1320117010232205312
1320122192877813761
1320149630642909184
1320240672
1320250946916651015
132030131
1320318229936590849
1320387278225563649
1320417772258676737
1320450788867661824
1320503314753056770
1320560690558427136
1320661201672548353
1320679496861831168
1320706702082125826
1320750822829993987
1320774886176878594
1320827651095814146
1320855585659736071
1320887348
1320901963362553863
1320919986056081409
1321047528922619904
1321101045083316246
1321126961855352833
1321143204
1321168284583038976
1321177152381947906
1321188545633996800
1321216221933490176
1321218431849533440
1321403863815974912
1321427316
1321435801708716032
1321513685081149441
1321525375504187396
1321550271563128834
1321573556
1321573664073093125
1321613693419950084
1321629717276041216
1321666042784043008
1321686391504347139
132183460
1321891504344899584
1321896390096756738
1321935792416149505
1321974105726349312
1321984320446353408
1322006203644350465
1322025240
1322060230813863936
1322084120189689857
132210581
13222462
1322260614362898433
1322261817880649739
1322270071763316736
1322516601376141314
1322624026045534209
1322625654156873728
1322717506218459137
1322738017363140611
1322772199669858306
132280166
1322830159947456513
1322863687699472384
1322947365783904257
1322986809693859841
1323038508995563520
1323043381816172544
1323084170
1323209465986953218
1323248243493527553
1323296387279118337
1323296731505790976
1323339607774273539
13233782
1323383262
1323402716606025730
132340954
1323470921517076483
1323495003604226048
1323550716456218624
1323589429378777094
1323597245456044034
1323620014298157056
1323634389050339328
1323672745213890568
1323701089271775234
1323711113108869125
1323726218739412992
1323735485357858816
1323756483398508550
1323885527058231297
13239562
1323963144570433537
1323985065563557889
1324045046904139777
1324085534512304129
1324094873553772548
1324201686
1324208764627550208
1324247850591703041
1324260874257723392
1324281314783027201
1324316049701888000
1324327133750198280
1324343046
1324376534900043776
132437883
1324416111241318403
1324420358
1324455864
1324475702490492929
1324532828
1324544019020480512
1324565142806298624
132468437
1324696584291033088
1324698582495203330
1324732545930457089
132476107
1324767524874059780
1324791396
1324926274888888320
1324929630743113728
1324987497252679680
1325097875215409155
1325125985491095559
132513054
1325134245598277633
1325164832799264768
132517061
1325181584509726720
1325181747978526722
1325188311242186752
1325195004298420225
1325249282199445505
1325255227247767552
1325263344639463425
1325265709
1325268498432450561
1325274987368869888
1325382265744945153
1325393021857357826
1325399345995374592
1325405866212945922
1325436170755481601
1325478090831761408
1325548775742509064
1325550130985017344
1325557111988785152
1325560298888073218
1325590071781814272
1325606898608037888
1325615740368560130
1325615999492689927
1325643310107594752
1325654316540071936
1325668938391429120
1325670302
1325699407573114881
1325722178369835008
1325722668
1325818482739597312
1325838302205911041
1325853171361705989
1325860264407916549
1325875493929947137
1325889136872611843
1325897417800216579
1325939323
1325940681538498560
1325948850
1326037871988408321
1326058227264466945
1326071846
1326088264747544576
1326242535715565568
1326256245007790080
1326272512808857641
1326289375194456064
1326305299632967680
1326389646
1326411669896048642
1326478641719615488
1326483818220544000
1326580621691514880
1326653898
1326655991342108673
1326812585103134720
1326834906287144961
1326865447250169856
1326867091333537793
1326873186596777985
1326875665
1326887986856939520
1326994379119058944
1327044121429622785
1327100829111762945
1327114056
1327114195
1327169450
1327171534918615040
1327221116
1327242039658909696
1327271529181274114
1327283366195044358
1327291488426868737
1327357902424666112
1327358835418337280
1327360316716371969
1327378469542563842
1327391698708664320
1327401415518588929
1327539789005017088
132755086
1327575950016598018
1327604206296047618
1327614508584591360
1327631394286297091
1327661868115177476
1327663383345291265
1327679800455127043
1327753543093202944
132780540
1327818818492784640
1327825939846164481
1327926495562526720
1327967943515312129
1327979547883696129
1328099484119732224
1328139730320580608
132817716
132824896
1328250870887223296
1328333970
1328346338682040325
1328357847432916995
1328390016045748226
1328413802052763649
1328417102819188746
1328436358503936001
132847723
1328478217657782272
1328481029972250624
1328525867501428736
1328697528825618432
1328699022
1328765520171200513
1328773304258338817
1328788482353934340
1328825747893530624
1328843162484346882
1328848012206981126
1328897358
1328920583220891649
1329039319458340864
1329084861273960449
1329089224272842754
1329095208617844736
1329106574082641920
1329120146158362629
1329210489151377408
1329241852772495361
1329248459191410688
1329327146125430784
132939449
1329461574
1329464237551398912
1329536963356090369
1329690712091340801
1329771661
132978534
1329809585192964097
1329922445403443202
1330008315628294146
1330016698661965824
1330023845277831168
1330038435722260490
133009674
1330140705369583616
1330142416930738176
1330172754490953732
1330219782621319168
1330240855089827841
1330274087218851852
1330279916324196367
1330349107
1330503051103367173
1330521007250165768
1330547766565629952
1330575030263164929
1330586255722229762
133062056
1330644600801865728
1330727989
1330761111281561601
1330761364873359360
1330794449455124480
1330847582222999554
1330859882040463362
1330866162272440329
1330911446440554496
1330915356785995780
1330923292904087553
1330958433751756800
1330962841332047876
1330982654850772994
1331027267028475904
1331056514
1331063728670838784
133122139
1331285132427214849
1331292048658460673
1331304905739530240
1331320349405962241
1331383419184553984
1331438758416314368
1331441949174231042
1331499110231404544
1331519357273460737
1331593189271146496
1331682991861620738
1331739283
1331913396783026179
1331926730580213763
1331957269760782337
1331990789988122625
1332006197701074948
1332008826997002246
1332008990906179586
1332016740579094529
1332036675783024642
1332045544663953410
1332121
1332174596800466945
1332340474846167040
1332346334674751488
1332401065
1332491711218675712
1332535159
1332615910574723072
1332643658504560640
1332673426180419585
1332714745871421443
1332743085718200322
1332768779449761793
1332768934383263745
1332809596885405702
1332878802460938243
133291244
1333001758679949317
1333006089013633025
1333051915874181123
1333066556432146434
1333101333617008648
1333160043416588289
1333192627471011840
1333218962264363008
1333391663725641730
1333425274734616576
1333458228882141187
1333470614284283916
13334762
1333541322561523712
1333545556514398209
1333587820531777536
133372599
133373863
1333830140917288960
1333833954512629761
1333859121272156166
1333896497256075268
133393141
1333946808385507329
1333955320759132160
1333981816802435072
1334001204
1334015370932461569
1334118275358179329
1334199874166906884
1334323014981144577
133434802
1334473795864825856
1334486905778388992
1334512037926498309
1334521756556664839
1334549684
1334603446817751040
1334640686285598724
1334673797710897152
1334681074660589568
1334696264185724930
1334814328084688896
1334848789362970624
1334892386191740928
1334895599339134978
1334896004437512196
1334898144413442052
1334961710529204227
1334977454222487555
1334979338173865996
1334989092128346118
1335014051861180416
1335046102886834176
1335053487894310913
1335067554008735744
1335088473951383552
1335097202184577026
1335097541478785024
1335273258254471170
1335275127584546818
1335313148815892480
1335320615562014721
1335322591440101379
1335332634159878145
1335357526901133313
1335368702141849601
1335392190894313473
1335413170572128259
1335452089804316672
1335604322265083904
1335695569331826689
1335710134618636288
1335965333102989322
1335983975613939712
1336000502593540098
1336028197
1336045027861008384
1336066240113242112
1336131705984274432
1336194495520661505
1336200685696634880
1336209514165518336
1336214853153738752
1336237430589042688
1336298683705516032
1336300776520499200
1336329584178909187
1336350191184703489
1336436898596876288
1336440053615251456
1336470808206725124
133648800
1336527483135528960
1336614045101641728
1336655484481392642
1336671139611938817
1336677975543193602
1336687270124867584
133670031
1336769564
1336792818690486274
1336851094698418178
1336874614891421697
1337008410974425088
1337035927311560706
1337056323792408577
1337057533647859718
1337069994430128129
1337085834
1337146611885957121
133723974
13373332
1337412362052091907
1337423634403487744
133742686
1337523674107138049
1337582243829723137
1337614777518985216
133761838
1337666808
133769431
1337726291328585728
1337728946536919042
1337780902680809474
1337783955488182274
1337825566502903808
133784606
1337874870189875210
1337882448278016001
1337883275797393408
1337917378907295749
1337956334
1338029714448015361
1338153338832039938
1338180048352915458
1338307733573943296
133832644
1338350035361292291
1338422966166515712
1338428520251449344
1338510042543190016
1338534581155328000
1338535086241800197
1338601486427820034
1338626952
133863042
1338656185
133884740
1338867965001789440
1338870877816025089
1338891401984094208
133900882
1339032784417947648
1339106999674544128
1339139738851102723
133915376
1339160690175537155
1339166129110065152
1339244165155217410
1339266131161313281
1339269054641676294
1339357320
1339515560
1339535230026313728
1339652261840965632
1339758860
1339821457
1339846260
1339881508056739843
1339925030
13399432
1340034436683972608
1340136209490833408
1340210559313010688
1340272345655566336
134029409
1340341362504429574
1340355806651289600
1340395445298847746
1340428902
13404292
1340508181168943111
1340515590
1340518853302861824
1340558799430709248
1340665162831945729
1340694200770154496
1340716504573198351
1340719182
1340758126081921024
1340766737218887684
1340833953771601921
1340881361142464513
1340977417
13410
1341028031629062145
1341047951486009347
1341083914677456898
1341119649220603904
1341124283666329600
1341157525429882886
1341184788414296065
1341239819767189504
1341240294952603649
134135559
1341359978683240448
1341409510288723970
1341436583950561285
1341481000648409089
1341545351501766658
1341622867813953537
1341631945
1341717985522802689
1341782398187540480
1341815446908100612
1341862330251042822
1341941333955473408
134194950
134198093
1342029592622739456
1342042250654740485
1342055838849114112
134218591
1342208414940712960
1342216976467427329
1342246177689878528
1342266940560125953
1342454887683121152
1342469347198062596
1342633461694279680
1342642201843666947
1342650843628113921
1342850068521635841
1342935986293137411
1343020698474840064
1343151145074663429
1343191351979106305
1343214011467374593
1343223294254694432
1343269334513143808
1343410921314504705
1343578440977494018
1343603158854086662
1343606291445506053
134360868
1343615910
1343645053
1343646545955213312
1343674715097821184
1343710166387220480
1343746356243009536
1343797712580390913
1343811074164981761
1343843450
134392824
1343955256640733184
1343958083530321922
1343958320076320768
1343968646050283522
1343977190262620160
1344009981289496578
1344023474654867457
1344025377547673601
1344031636640288768
1344052376
1344110970709438464
134413443
134415293
1344220975399923712
1344228505
1344228741656969216
1344251027101507585
1344306675931602944
1344341579864141826
1344356576786866176
1344363370519146503
1344439824762208256
1344461223174266882
1344502039213031428
134451586
1344531848869806080
1344556224851959808
1344597000709414915
1344597899880103938
1344630253705068544
1344651471858630656
1344675587298897926
1344786121385861121
1344847675355631616
1344859383033806849
1344869226729922561
1344880997742030848
1344951
1344952102406090753
1344976812
1344988441461878785
1345019626770620417
134502719
1345070540969701376
1345086510408851456
1345097368912461826
134511335
1345113356244381696
1345143734854242305
1345147845926670337
1345153515811819520
1345170605952286720
1345206382312775680
134523320
1345282771
1345341707500437505
1345358847087620100
1345419030157529088
1345434355498409984
1345457513450373123
1345461797361504259
134552828
1345564777
1345611684950532096
1345623488980254725
134567530
1345677728138334208
1345760250113228804
1345775371074068483
1345784700254576640
1345786086279311360
1345806149501784066
1345835118137647104
1345915053472509953
1345917157981396994
1345931581
1346000114486181889
1346032045
1346035044012367872
1346043379172265985
1346060456805470209
1346065989784330240
1346072194800111619
1346088956
1346100904882286601
1346192827588300800
1346231614242603010
1346250799920328704
1346268799
1346275724878098434
1346310167995052038
1346366944144883713
1346372943509598214
1346389181510127616
1346420016950829058
134642162
1346461619396767745
1346479360237137921
1346488425143279617
1346493308
1346525624538714112
1346544323093905409
1346563126074998794
1346591995549151232
1346614692
1346680229205520385
1346703655899197440
1346717251165069312
1346828149775093761
1346843568908988417
1346880996529106945
1346920690868318209
1346929597766627328
1346965923404652545
1346984953200865282
1346990605142949898
1346995093396357122
1347035660687958017
1347153799690006529
1347158943429259280
1347167923593502723
1347195101928427522
1347244716438466561
1347265946117939201
1347313520073994241
1347334149741309952
1347379934373662721
1347397562987290628
1347416513721069569
1347497517894627329
1347573198532059137
1347579145228742658
13475802
1347588192241938432
1347589331569967109
1347631142292381700
1347649667123867650
1347734733237706752
1347766208481918977
1347788247422922753
1347789514505220097
1347876454554603520
1347928274471686146
134793154
1347958373480853504
1347965221822861312
1348016888056606720
1348034733591171075
1348044558827835393
1348190548218228738
13482552
1348308673
1348391121546838016
1348419506792632320
1348434454918930438
1348444825725636614
1348501738140024833
1348520788995887105
1348553560838041603
1348609910515200000
1348617713535524865
1348645021466177537
1348683154815655940
1348683180572860416
1348683385837920259
1348686692639653888
1348691356059897861
1348717714160939011
1348769969484541953
1348825921105633282
1348831236123480064
1348862650697056256
1348891523224465410
1349006436894978050
1349087859974795264
134910622
1349131671392673792
1349136910510395392
1349150508125192192
1349155426907156480
1349169991724093440
1349170292564905988
1349175483989188608
1349205859109396483
1349254853042716678
1349271707777966080
1349287390930632709
134934361
1349365322772480003
1349429759487463424
1349438753622863878
1349464421282820102
1349485139252928518
1349487116200325127
1349499435886272513
1349500369706119168
1349523281854881793
1349523474893705216
1349669078
1349679186064060417
1349713790296797184
1349729704505446400
1349799393151610884
1349801489456361474
1349803174316679176
1349806306912317440
1349824558614777856
1349837395211014145
1349909704173002753
1349914586
1349915293628436482
1349962529020272640
1349969371473571841
1349972284891512834
1350029109418729472
1350077020768620546
1350088085346914309
1350111630307299331
1350135775627657217
1350149851506503682
1350158856660242433
1350171506
1350189436819017728
1350197681575096324
1350270662078853122
1350318786008686593
135038428
1350441093834412033
1350471412335652866
1350494918612045833
1350513055
1350549067647098881
1350608970361274368
135060958
1350615134620839938
1350627182717100032
1350685161793310722
1350690351787421702
1350715515312848898
1350817036356747264
1350840172703866881
1350844359168688131
1350852603819786243
1350864680533827588
1350871940702023681
1350895943302991872
1351017097044910083
1351023272306081793
1351065523933556736
1351103204793208832
1351113039647563779
1351184302722199560
1351206186784325632
1351238845266853888
1351249931164655617
1351262335336292352
1351302423273472012
1351316616521408519
1351377257886068737
1351399380767674369
1351436889316683778
1351533298477133827
1351542886966435840
1351561520430411788
1351563301206044674
1351602976092262402
1351610277536489472
1351652131942576130
1351715184172101632
1351728853987815426
1351745995403632642
1351759713982050306
1351871516795924481
1351873712031719426
1351956895
135198678
1352005736205856779
1352028208519110656
1352034526483128322
1352079059568664577
1352092306090897414
1352121116362375168
1352121768660578304
1352161442594746371
1352186794868174854
1352275061479129089
1352296851995652097
135238337
1352423892468473865
1352433338523537410
1352445491250782208
1352449323687153666
1352452544
1352474226314235905
1352475523776196608
1352478815713435649
1352496479428984844
13525132
1352585675384745985
1352587736075563008
1352601536858361856
1352616747606691840
1352642953
1352654972303900674
1352664771233894400
1352672457983856640
1352703942107381760
1352774357924388864
1352783521090310145
1352790271155609601
1352852705790750720
1352962327
1353092621875351552
1353120427174989830
1353147986683981824
1353202619292946432
1353275163798872064
1353329879639588864
1353348083745247234
1353384573435056128
1353399281089204226
1353418674208722949
1353539332792082434
1353586555089252352
1353596188730134529
1353597149238333440
135361899
1353653370280529921
1353680790417244160
1353767603462938624
1353812914025721857
1353823426692177920
1353827812684296192
1353851848923488257
1353852392
1353872252823953408
1353876946132758528
1354026827803742208
1354081629187276802
1354086911355314186
1354095598903951360
1354114589886205953
1354116172678103042
1354134859053232128
1354186723685707776
1354247400085278722
1354274869765054471
1354291786932314112
1354349985320599553
1354366281387016192
135444317
1354461528506966020
1354465378030788608
1354490593733435395
1354491522201354251
1354498647686328320
1354528224676630533
1354529158471315468
1354531278184448002
1354532795847073796
1354542510
1354551453260591108
1354587477894377472
1354589742
1354597607717314560
1354631371604414468
1354653799042965504
1354697491392966656
1354745053
1354745192239140868
1354780456714174467
1354781680943431681
1354790211138551810
1354816600457703431
1354833262431133696
1354889440603238402
1354896461721333762
1354949786
1354961586025238543
1355068232860721152
1355096933241659394
1355097382757797889
1355187008352739331
1355207080785809408
135521565
1355216969570660357
1355247968178335749
1355285146803560453
1355321121738899458
1355321922360385536
1355332870328475658
1355397768
1355482729651953664
1355511416720076804
1355520790981210115
1355553109959962628
1355592691
1355629855388348417
1355638445041987585
1355670182
1355670212926959624
1355698353569325056
1355714624105005056
1355715160762163202
1355730918
1355828513132187649
1355852172026667014
135588647
1355894346114064386
1355899593150500866
1355917827052457987
1355938448016887808
135601098
1356026726212489218
1356032332872867842
1356080808
1356084775526703105
1356089269740204036
1356270921473011713
1356277136131178504
1356280889261617154
1356291445364318210
135629930
1356312664029470724
1356341538335420424
1356480360599621632
1356534240351932416
1356542785709555712
1356545833894776832
1356576587240660992
1356577931989037057
1356586842770956288
1356627793568751616
1356664314497744898
1356683194158833664
1356692264349655041
135669941
1356719558548144129
1356730696983748610
1356733245296160774
1356748629000740869
1356852587006480384
13568912
1356898081
1356906502347517952
135691326
1356925149581242370
1356947848307363840
1356964231640322048
1356972811525492736
1356995082126307331
1357000266151821314
1357009253697871874
1357083175999127557
1357128691365470209
1357171972082438144
1357188181368705024
1357226588954189826
1357241280913432577
1357244882121760769
1357256417946779655
1357279927519748105
1357289328
1357319289599119360
1357333281797267458
1357363424787902464
1357363725423046658
1357388642138882049
1357413270429270021
1357421704780394502
1357424188697501696
1357445768408428547
1357449044553916419
1357481818077995009
1357485211081089026
1357531597499678720
1357551713629077505
1357593859769868288
1357602944531636227
1357607984566734851
1357608414516375554
1357642911098171392
1357648499077091328
1357652216375480322
1357691406383517703
1357733251008385030
1357830824842977281
1357853904541786115
1357862537904218118
1357885428993454080
1357887606
1357918674271670274
1357975226
135808291
1358103926353010695
1358108396478676993
1358117090268446721
1358205106320195584
1358272773630484481
135837338
1358408162609680384
1358446204452040709
1358450884427079683
1358457918526545923
1358478405654749186
1358491158989709321
1358498377353334786
1358508608753917956
1358513198136233989
135857034
1358579099460116480
1358631298806415362
1358663378168778752
1358666549691777025
135876077
1358819872545857546
1358838821517983752
1358849198947528705
1358877704385400837
1358908918408224770
1358915795242393600
1359009358940626951
1359027002171224065
1359038756
1359093421
135912841
1359138590186344455
1359147859724107776
1359157327933431808
1359166851117420547
1359180436853960704
1359229111789568004
1359288132
135929111
1359293410847383558
1359303861870223361
135943669
1359465206821355533
1359530051407077380
1359558718296317955
1359597250977140743
1359744029810954243
1359786528076161024
1359796402394714112
1359830212154781701
1359835065258303497
1359846074656018432
1359865718649597956
1359886897426890753
1359950788861325320
1359952496140156933
1359982179825061888
1360001356858232832
1360031289663840263
1360031692967219203
1360038753805467649
1360061870800044032
1360063519
1360064509067591680
1360096774761906178
1360162597102907394
1360177278416678912
136019527
1360248984137125889
1360257278260240384
1360283512532660229
1360292790
1360331852
1360339189011800067
1360383414231203844
1360420091746164739
1360454615192514560
1360523570
1360554389094739973
1360580648096829442
1360639012684374021
1360659939102965762
136066495
1360702411392880642
1360721081036918787
1360724952
1360747111386554374
1360804620155695106
1360838234
1360841945954721797
1360872542
1360923389280542722
1360981649031372805
1360988889817645058
1361007944297406465
1361021400950185988
1361034135817621509
1361145222881832960
1361176586251210755
1361278392260194304
1361313774028816391
1361322671112347650
1361329989665325059
136136326
136139839
1361406665980051457
1361444018710851585
1361454330423959559
1361456329685049344
1361466473571487747
1361496222301757444
1361520398525865987
1361521105249312770
1361660246683361281
1361692256848216071
1361704632284684290
1361745120983355392
1361768369100181506
1361778202612432896
136178955
1361806677855657984
1361903306923106304
1361934820360654849
1361958227374669825
1362011846488784897
1362012533884870657
1362024662104956933
1362065051226681345
1362070220647657475
1362082079257755651
1362091701347745800
1362103305715900416
1362104073772617728
1362122588403679232
1362125412327825408
1362138302355304452
1362185375171551232
1362187966353825793
1362189966734811140
1362213312855875588
1362218079019626497
1362223649571430406
1362276307875155968
1362289791379898370
1362314466646499328
1362329038501539843
136238340
1362393996882939904
1362427402501160961
1362432705561042945
1362436389997072389
1362460111323725826
13625042
1362551897639571456
1362563068891308032
1362580927512145922
1362601476
1362602033560182789
1362636256602058758
1362707490
1362856799502745605
1362922837728784386
1362986229260820482
1363016089928523778
1363097778327613441
136310943
1363157660007239680
1363174494299430914
1363180915208421381
1363192270355369984
1363210598641790979
1363218261731663873
1363235634190704642
1363236861402112002
1363254901837553664
1363282704368734208
1363312239353106435
1363353205
1363367940595146755
1363405712
1363451211890876416
136346954
1363501445971140609
1363518607
1363523274
1363558112498749441
1363572652607217667
1363648089848864771
1363682447695765510
1363706695
1363708208666144768
1363729013282250757
1363754584137555970
1363797242436493317
1363879830777966594
1363918699430776833
1363933358284181505
1363946359418728451
1363948304845971459
1363967395069652992
1363974283156946948
1363979768954257410
1364024993508716545
1364038043074588675
1364046001472868352
1364134094599192580
1364242785914793986
1364259892299767810
1364275650513747974
1364296688609984520
1364332024929148932
1364378809
1364441356211380225
1364451270191288326
1364459776524963842
1364464867810283521
136449869
1364568384587898882
1364614696645574661
1364648393910480897
1364679694201679872
1364740040
1364767339028361221
1364805642469351430
1364827507967492096
1364860988571283456
1364874243557752833
1365001306843267073
1365003273820901381
1365017618516750336
1365031653056278531
1365033934086680585
1365034216484929546
1365069902403555330
1365083743904538624
1365130525673811972
136513751
13651672
1365173797
1365222526310301703
1365273449241980928
1365322635740078080
1365331332931457032
1365378891821506569
1365391703771930628
1365399279750295556
1365407320331743234
1365459165158678529
1365460075
1365466351154913282
1365486221204586496
1365584010081050626
1365610250204827648
1365637645037166593
1365656280463859718
1365681175281479683
1365685008283938819
1365703865413361668
1365715699771998220
1365786984334172161
1365789456213622792
1365804942
13658252
1365876874027663363
1365913791355965447
1365914045618917380
1365942986127773696
1365995484200984576
1366141194544156676
1366178407147581443
1366212650934407168
1366242662630629380
1366276559171170305
1366321131226079234
1366322442
1366341380772147202
1366387371550404609
1366396533479006211
1366425083061948421
1366476524099092492
1366498691230539777
1366544837860872193
1366587763290562564
1366631125817454596
1366631860650930182
1366666229029556225
1366671433389121536
1366762118029058054
1366766484
1366845678018846726
1366880201574121474
1366988449392193537
1367057427787579398
1367069553675694081
1367141499113242627
1367144654769164288
1367188841912754179
1367191079896969217
1367206038093656068
1367209847008165888
1367216146630340610
1367287082662518792
1367288666175930370
1367348957958012930
1367361786039648257
1367406394878660608
1367406872135790593
1367460241487523844
136747488
1367478574060552197
1367483178693365764
1367503353106882564
1367538652054761478
1367553355044782088
136762607
1367656296
1367763617601384448
1367801897252360194
1367842325444104197
1367845635437834244
1367853648
1367862552491941889
1367863221374255107
1367880084435185665
1367886103513022466
1367915182152769539
1367960202302066688
1367970594
1367983436238045187
1368062572122021888
1368099000
1368100356
1368119649854914562
1368159903852814338
1368215793952055304
1368226965426208769
1368236179900932100
1368245759779381250
1368301592831660033
1368305728444891140
1368307033
1368359589469650948
13683952
1368451156918210565
1368501795769622530
1368520952603115520
1368557587394744325
1368607785773113345
136862815
1368750817646440450
1368804669368102916
1368817211440197635
1368849320
1368858184786579458
1368885696
1368920067942080515
1368988163688067075
1368996054016925698
1369015446771544067
1369019115818606597
1369020026754318338
1369040645109800972
1369088440474689537
1369089762
13691782
1369194323565191172
1369260881897521153
1369266596447875080
136929904
1369343440534855681
1369576148540157954
1369582219434594305
1369583598102319105
1369689450004025349
1369722586993725440
1369798064257523719
1369845385938821120
1369871515383001091
1369880235064258571
1369897506725761024
1369947132027830274
1369998441531727879
1370027703923998724
13700542
1370080218153680905
1370086073091637253
1370096408838164490
1370105391330299909
1370114021442129921
1370134924838244356
1370200440047083520
1370269173436317697
1370287607666544641
1370336955083452419
1370413998554947584
1370464703567253511
1370467969818636292
137053627
137057787
1370582184726204418
1370639125708038144
1370652693430116355
1370656763964444674
1370681318007209988
1370752795
1370781362
1370791013556584454
1370799734277947403
1370804336679215104
1370815105785466883
1370832897834377226
1370879836797947907
1370932230
1370985779099484164
1371013846815670273
1371044154
1371069489035554816
1371121092895547394
1371130224595898373
1371135963469123590
1371147649836068868
1371154399293214722
1371156629807316997
1371170351128924165
137117565
1371190947594170368
1371241578346524682
1371250744494596097
13712792
1371313988785475590
1371314776236826627
1371332808111579138
1371336959864537093
1371356952626819075
1371369946177892355
1371386582020800512
1371389369274146818
1371419858336944130
1371428357913645063
1371434380145651714
1371460917850955777
1371465858111975425
1371568856808968192
1371569830910861313
1371593989795684354
137164031
1371643898188140545
137172556
1371822565
1371829496278618114
1371849651457044485
1371926113052672000
1371954211685011457
1371960909703360516
1372022275101270016
1372027572
1372084191374888961
1372087051
137209778
137214895
1372200466021486595
1372215218772795393
1372233296416022528
137223549
1372253837558419462
1372261752457543686
1372272008025677824
1372275666859663361
1372322357168144386
1372343187327492097
1372372886975963138
1372426416
1372449297493528578
1372467789009670145
1372476417477345284
1372600957666783232
1372609982009593857
1372648324063506435
1372648895331897347
1372743955444498433
1372747538550300672
1372856023283814403
137290405
1372993650632851462
1373016955
1373026375880294404
1373068530
1373159299027992578
1373209705024196608
1373226594253279238
1373230515608768512
137326569
1373287207235153923
1373289371143577602
1373451
1373465206958002182
1373572431277883394
1373604620027580418
1373623302036594691
1373626934656126979
1373650759439556609
1373674388793425924
137369407
1373742868783894528
1373760848448131073
1373764776917098496
1373807348054130689
1373841438
1373890801
1373939672456388613
1373992471689105409
137399442
137405952
1374118157862903808
1374125979321307143
137413599
1374144540
1374179851
137422200
1374412019177123854
1374433647969726473
1374440721197895681
1374555039528669184
137468275
1374777157298364418
1374780947439161344
1374782488032153601
1374822267163717633
13748912
1374917882937634816
1374946302
1374949576193441794
1374965816798576641
1375027407527292939
1375061186
1375109222908694529
1375137178762633217
1375162931835326465
1375289149
1375304527532859397
137534246
1375397182350692353
1375401442127736833
1375497451310825478
1375501827463028736
1375538234168635395
1375574479
1375763438257967107
1375776526101282819
1375783214
1375793564626513930
137581346
1375869763772153856
1375870692101656581
13758942
1375925630857019392
1375935981992300546
1375954852312977413
1375977096
1375996974894346243
1376034349468901378
1376060440115965953
1376155177208721412
1376183613012738062
1376233171596021762
1376316625
137633087
1376357875778379780
1376376224734384130
137645230
1376507462828834816
1376534073557016582
1376623513591631873
1376745616856862728
1376877666226335745
1376889340505231360
1376921126471892993
1376934217
1376944019561971713
1376956066131550213
1376981081845420033
1376996877779009537
1377029426060361733
1377039334495371270
1377055796563832834
1377092966284619789
1377100747146362881
1377107724
1377129199215910915
1377149381380435969
137718722
137723479
1377239026432888832
1377243607334150147
1377269138
1377383228756082692
1377415242691534855
1377416459194757120
1377433902
1377460599836139521
1377463761058074624
1377487166427701248
1377488084
1377534531763384322
1377619867713601546
137763313
1377653182118174727
137766540
1377697274
1377737704822038537
1377780391
1377782581018689541
1377789266823016448
1377879672596357122
1377886994
137794015
1377946322347626505
1377962392060112906
1378019405557161987
1378039222754537476
1378059066400968706
1378062919942934532
1378069882265169920
1378082839862804480
1378101076566667267
1378101159370530818
1378154488645656576
1378166713
1378180666655842305
1378194329492094977
1378229997270360067
1378255389829951491
1378268459059056640
1378359132139487235
1378437235884822533
1378466454257819650
1378569131390332928
137862496
13786802
1378716588489199617
1378733309992312832
1378747912314707969
1378762265856507904
1378828397942480898
1378863269042126850
1378905871497850882
1378947769184976896
1378969380655095810
1378990604516880389
1379013583074394112
1379014762131030021
1379066754
137909028
1379097592575877121
1379113906048790529
1379130924000964609
1379144882095280128
1379165909370032128
1379176485416697856
1379177459476750340
1379177895797481473
1379198331533062145
1379203201749114888
1379219373844361216
1379290563535466497
1379292077813424131
1379292876
1379330855303217155
1379385025
1379390092284940288
1379425624729776130
1379443054667530241
1379448921282469895
1379506821367484416
1379522270
1379544565074567169
1379572669167771650
1379583630423420929
1379609213534674944
1379638549
1379663864317419520
1379669921278218240
1379715893522006016
1379837266814730245
1379846070277087232
1379870239467450370
1379892029442826243
1379972530463776770
1379978944334675968
1380083068753473543
1380097137124503553
1380105042989101061
1380114757722771460
1380226591
1380276264599220229
1380309938770079746
1380320379445579779
138037459
138038823
1380503183395446792
1380601986
1380615210612969477
1380671213471551488
1380726661990203396
1380871357035028484
1380888282855317507
1380904061495508998
1380917096473796609
1380918328034615298
1380930397
1380949455780859909
1380969420
1381015116
1381054891808882691
1381068411984314370
1381138598649454596
1381171598577766400
1381254014692646915
138128898
1381345094163443717
1381417575016448000
1381517948842483712
1381715133706162176
1381717490124816386
1381771469408059393
1381782598389743617
1381801675
1381802818831454208
138182116
1381836553467613186
1381851262451294209
1381854660106010626
1381903062
1381924443086278659
1381968641172807682
1382074413886054400
1382090331001393154
1382115916087889920
1382174309360181257
1382186233175105538
1382255939777134594
1382267563506233349
1382350310190895110
1382400331955441667
1382432473892683782
1382444945655488516
1382451023659274247
1382462149109415938
1382560477666889731
1382621628358664195
1382641285782200323
1382698508793344010
1382700903619309572
1382723867366584320
1382733493294219268
1382793386
1382797671908397061
1382837302968324099
1382861762823811072
1382947997026291713
13829492
1382955991755493379
1382989524754599938
1382998827704184834
1383002406699601921
138304042
1383079379798921222
1383109666910183427
1383136381602562050
138314856
1383148966783557652
1383156096093843456
1383201371361579011
1383272101
1383372367552909315
1383377382824837130
1383404685189545985
1383405398288338950
1383586795
1383623240220745733
138363206
1383691524211298305
1383759190313738246
1383816773292597254
1383839177305821185
1383845263303798784
1383855424017817606
1383931341482332162
1383966392479715336
1384053916690571264
1384128335765151747
1384129589190938626
1384153489849290763
1384161217522982916
138418895
1384216389959880706
138426378
138427246
13842992
1384363497681793025
1384573120070045697
1384611618655506437
138474707
138481375
1384829005
1384891314689380352
1384904172462436355
1384906994016997379
1384944504596217858
138498185
1385014840419258369
1385057536949329934
1385062902311309312
138507318
1385089788
1385113010696429570
1385116702090797057
1385123521303654400
1385142120
1385152193607651329
1385165436770144263
1385190228474793985
138519639
1385225760
1385300836671234050
1385303147044814855
1385329401382965260
1385379452721369089
1385478276
1385541764518322178
138555235
1385565627562307584
1385588643155304451
1385590996097028101
1385593526
1385904760872587265
1385978249243623429
1386017558952759298
1386023967916445696
1386031525280378882
1386080262941990920
1386085340822179842
1386134403219218438
1386149533
1386236414891892740
1386315838857248772
1386401428860592137
1386577249474957312
1386692882363404308
1386803540
1386813541
1386814310
1386874986602930176
1386875057524387844
1386910446142119938
1386964028237492226
1386993685519347715
1387077021193363457
1387085895078133760
1387133354512953350
1387151187837808641
1387171888665960453
1387224749315698690
138727289
1387314750883831810
1387375330432802819
138744646
1387457269130956800
1387464128755912706
138749160
1387495432587251713
1387510699333672962
1387570959448608771
1387628638489640964
1387628754608918528
1387674053389873152
1387688371049349122
1387710573673009154
1387717681269325829
138775500
1387788513534427140
1387803066615963648
1387822910275006468
1387823359573073930
1387836231937970186
1387890769
1387960656
1387970733381275651
1388021271741468672
1388074837571035137
1388092600717033477
1388112506820907011
1388140191156633603
1388190325269794823
1388204006904840200
138823266
1388302402944708618
1388337031
1388370208323096576
138839349
1388426754394628097
1388453968888619009
1388457825756762115
1388478924
1388503778
1388540697192579075
1388577826824196099
1388594526441332742
1388601563330002952
13886322
138871209
1388715557558521856
1388759677140291587
1388776716076605442
1388861617031548928
138893670
1388979073259556866
1389053334221250562
1389112715172622340
1389185196625326087
1389197328276496388
1389210254991400960
1389229688783097863
1389283146106032132
1389304034029449229
1389306780
1389349521646407681
1389371111842881545
1389417008438169603
1389454176413908993
1389498948109352963
1389522880933896194
1389527241202225154
1389543191788015621
1389545721586667520
1389564745154367493
138956534
1389615198009364482
1389619592130088976
1389636047596838912
1389658977563185156
1389677949733978117
1389690905297399809
1389725469449261058
1389742456585953280
1389783242283175939
1389790668227178503
1389813398989197315
1389813691546312705
1389847715983634436
1389876718047875073
1389938625245220869
1389956884996648961
1389962345540046852
1389989852456828931
1390005192
1390045353261551628
1390077099516567554
1390139120018763788
1390175701433688067
1390224447022501889
1390236409462591488
1390319579625369600
1390321458140778499
1390340660482347010
139034765
1390362381788737539
1390388617030295555
1390437282
1390469411396542470
1390514720008851458
1390528022562840579
1390558489915842567
1390577588
1390595853669203968
1390626465125998592
1390653252903919619
1390671734454489090
1390728190356639745
1390730468279164928
1390793165645377537
139086365
1391072734193590273
1391133436782469122
1391140648565321731
1391168043087060996
1391176855789576193
1391196271856209920
1391223515236376576
1391246642238480387
1391374197876744199
1391377339833929730
1391534510827790337
1391537561584115715
1391547968101130243
1391559283385458690
1391560454594568197
1391589074834759682
1391591878642987008
1391606537500585988
1391615707142447109
139162440
1391630138366910468
1391645372452245509
1391666533223395335
1391709797146365954
1391714455390670851
1391742263097708544
1391813292369264644
1391853856842149888
1391865161447841795
139189823
1391901843291262976
1391948159979376642
1392040970431074309
1392063913781604356
13920982
1392110254628933651
1392171098523979776
1392172923473981441
1392177971134439424
1392214392561938438
1392256773483073537
1392257724914802692
139230276
1392314787099553793
1392321319971303424
1392369347247710218
1392396949098156034
1392401137697902592
1392491106202390532
1392504751078748163
1392541555270070272
1392589871449993216
1392639061198782467
1392734124121657345
1392766903064698883
1392771319222177794
1392772938462547968
1392786200147251200
1392788720315633670
1392805249937674240
1392806478524911620
1392816260
1392826207838801927
1392831444616101888
1392862922930589701
1392915952719826944
1392934384047575046
1392950168
1392965984579854339
139298413
1393004707216494595
1393011773402451974
1393194390181474305
1393218298922377218
1393322510
1393346239488462849
1393413047075627010
1393414974492471296
1393554593112600579
1393594366870974466
1393620586580963333
1393634673100738563
1393645745547448327
1393673340104200198
1393691544893394944
1393711435209867264
1393729133973184515
1393770648
1393864007883366401
1393894375869067266
139389485
1393913236517384195
1394041366032764929
1394086635994681345
1394118185469677574
1394129848310763520
1394157044
1394243434077200385
1394253605620887554
1394291538121928705
1394292916927991810
1394307027338289155
1394320690052882436
1394328556570882056
139438186
1394399378916331523
1394407193915633668
1394480077631631371
1394532630482374657
1394551588384092160
1394589254131519490
1394625284
1394628330872348682
1394640119035047937
1394648394270973959
1394653790314409984
1394662992
1394687241386033152
1394696173542252545
1394698428161028100
1394729569236647936
1394734430611144705
1394759320496218112
1394862569584689154
1394875741
1394926733925699585
1394937737401282560
1394971681144246274
1395015194208727046
1395023733534822400
1395024173215350787
1395114425502158849
1395182004958687232
1395207993877319684
1395317226291539971
1395361861630050304
1395416589537660930
1395424600004075522
1395513567533744132
1395524040
139553849
1395580662
1395767918781214728
1395787465257099272
1395823771295027203
1395849601471717382
1395978430550888449
1396003354380324864
1396094911573811201
139610697
139611988
1396127798478221314
1396267908
1396331841318121477
1396398373561794562
1396447829107879938
1396470558204829697
1396548314095517696
1396558526386954248
1396559542452883456
1396572698
139658033
1396628184322297856
1396635928584671237
1396677633476227073
1396707655956135936
1396712004
1396715824983969793
1396733065
1396760361571860482
1396848284606550019
1396865898674335758
1396878276765929474
1396882223064915972
1396977186
1396997667612512262
1397087281585049602
139721173
1397240360338956292
1397278381973123083
1397346278925799428
1397356054770376709
1397462995094102016
1397514348818538496
1397596128435187716
1397605183790661635
1397630402
1397636427211366407
1397659385258647554
1397692832
1397724205106405380
1397806482
13978142
1397900011690594309
1397902611961958401
1397903494313648131
1397952490532868099
1398020089
1398122857
139817579
1398234331135500292
1398275840
1398284015031918593
1398288465385738242
1398302922098843650
1398339782653054977
1398357397547192322
139841847
1398539727922421761
1398579500368154630
1398629364
1398684049754005509
1398724298198638592
1398939638
1398942334859956230
1398991730175774724
1399046984
1399169619198283776
1399194367961702404
1399260730784817153
1399278494190874628
1399280872491266049
1399281890838917121
1399314148400500741
1399342506471354371
1399356292016140288
1399370873249820673
1399400001734942724
1399487853441204229
1399508947447562241
1399547419658919937
139954853
1399582543993729027
139959528
1399601018464358401
1399627348991827968
139972914
1399798426817150977
1399885818735468547
1399977799662792704
1399992201610936325
1400046660
1400090930166775809
140010098
1400124244449660928
140013897
140018227
1400190038806257666
1400199555291942920
1400277328916275206
1400344586841575425
1400376769404981250
1400418231144173568
1400449908591644681
140047913
1400560460
1400570466893549573
1400580861150613506
1400749589095878661
1400750454443851776
1400783012
1400827358114942977
140085170
1400853589761957888
1400875652
1400963473237057536
1400974677678362624
1400974786126225409
1401043355233050626
1401152238060462084
1401230195248537603
1401251521820516354
140137815
1401534422520844292
1401655903133134855
140165935
1401679863673606152
1401685698739015680
1401778080545312768
1401816391120998400
1401920264242348041
1401929421116743682
1401967299452715008
1402072207694589954
1402073026561122306
1402255829638782976
1402258139609710601
1402287886368653314
1402291878989553666
1402293099016114184
1402297562024054786
1402301465130012672
1402320194316509191
1402322869602996228
1402331174979129346
1402346952617046022
1402347775216476167
1402365494213189638
1402384477049995267
1402444870464200704
1402467956919996417
1402473758166761476
1402478342692089859
1402506919005212672
1402524812501680136
1402600455042220041
1402607941174403074
1402677510
1402683050362871810
1402789345044533251
140291563
1402934161900441601
1402946038911098881
1402990827098415109
1403003454465863686
1403032631860682754
1403089795908313090
140317619
1403201252910059522
1403224639
1403305350795694084
1403313485505712129
1403349748153819145
1403405766648868874
1403406600115793921
1403459077
1403461457388396547
140346903
1403477163920084992
1403525305893982210
1403537423905169412
1403539728280997891
1403624130167984131
1403655691773022208
1403673012621152257
1403713091972571136
1403738851286261764
1403763145072590857
1403784319122907136
1403805857821851648
1403861754808049666
1403894566764244996
140389853
1403909678975778820
1404056098219384836
1404071228613222401
1404082142842392576
1404095517232189442
1404100158221176836
140410244
1404107024
1404198121
1404256569156521987
140426707
1404280936175308810
1404282478450380800
1404387584164339713
140441160
1404489467390464012
1404538344575483906
1404574279811878913
1404584532179779586
1404756208444088321
1404797639040843784
14048094
1404867952403529729
1404873143664082946
14048767
140487956
1404882986777157639
1405110288484012033
140519774
1405200004982116357
140520306
14052133
140521745
1405218918965288960
1405250494168195081
1405250964278284291
1405277131094036480
1405309777
14053716
1405453639615844357
1405466205335531525
14055301
1405620828125863936
1405621289516257280
1405638010331275265
1405651069749796864
1405654694614081540
1405716639040036867
140575876
1405773316284059648
14057736
1405827127
1405866883
1405939805435924489
1405947147997044743
140596096
1405975624762548226
1406053039237210113
14061876
1406233508851376131
1406244055210627073
1406256966566096899
1406275106
1406296016857362435
1406330408174854146
14063426
1406346913885130754
14064119
1406436594475798531
1406471937748963328
1406572537207795713
1406627080297660422
1406690420382445569
14067246
1406842672749236225
1406861660128567297
1406993144156143619
1406998987429892096
1407032708270673920
1407054545402974208
1407213251516043264
1407227994708529155
1407277149531353088
1407339970013061124
1407346207291228162
1407415590726225920
1407424026495143936
1407429501802487811
140743052
1407457493043789834
1407528284011778048
1407568320346279936
1407571398210560005
14075928
140761770
1407624783576014851
14076329
1407672576
1407673634232090627
1407751015974195203
140775135
1407822289
14079203
1408054637282824199
1408055077
1408079889899540480
1408099865708548097
1408345316777156611
1408355069787992065
1408389368230957064
14083947
1408409826133262338
1408421851408355332
1408424393500418049
1408499485571907587
14085070
1408620996752556033
1408634312648531972
1408672901205676032
14087270
1408737872
1408773088339054598
140878115
1408813123834810370
1408893643939794946
14089195
1408953316566966277
140899109
1408994419366268928
14091208
1409126088593317889
1409216521621155847
1409279314563108867
1409295918839500806
1409306462
1409354800165122054
1409384364752973826
1409464559329415171
140946482
1409494902531100682
1409508086230908933
1409523261436829709
1409531617773723650
1409587910
1409699152099827715
1409708297876381696
1409755109572046850
1409830165006499845
1409880929816952839
1409885170925199383
1409905651862679555
1409916629215940614
1409922116976201733
1409945578008678411
1409960857367416839
1409974158679691266
1409988799417962496
1410016262428762115
1410033706127986698
1410166019629277193
1410193083178881026
1410277980723716101
1410278967710568448
1410284714942943232
14102882
1410303362994741250
141037610
1410406774398672899
1410416192863584257
1410525316687278080
1410540669173743619
1410560025550942210
1410590874
14106266
1410691026495356930
1410714097759535105
1410728397957967872
1410732488440221697
1410734901670944768
1410754232
1410758745311780869
141076452
141080858
141085629
1410892173160108039
14109075
1410927319569551363
1411025216025792514
1411070176653549574
1411141465065984002
1411143676739428352
1411219694
1411273373238403074
1411325922515451906
1411347382290182149
1411411461147082755
1411413203200974848
14114324
1411433856255905800
1411554997288935430
1411623368
1411638515826368513
14116906
14116985
14117534
14117843
1411786654495481859
1411790357256364042
1411803509616427008
1411807552082374657
1411874468322967555
1411986275750477832
14119916
1412015253324402689
1412039308731727873
14121434
1412148049158225926
1412196164808630273
1412267989362089990
1412275207
14123181
1412337935131852800
1412338696242618369
1412341900963627012
14123751
1412380815086944261
1412386857397145607
1412433273729556490
1412515099768758274
1412572478
14125938
1412608847831724036
1412685835158253574
1412695119367602178
1412838710803107840
141286022
1412916452101820417
1412945612522283009
1412957580121546757
1412961327421681673
1413001204804636677
14130052
141301448
1413077007970209795
1413085080
14131275
1413137033095118852
1413156535174369285
1413164944271552520
1413170504563896325
1413216619
1413240213875433473
14132591
14133447
141334845
141337990
14133964
1413428282989563911
141348311
1413547891671519239
141358405
1413615214734491649
1413615280442552325
1413628042698797059
1413644828517322755
1413669159485902848
1413670734535135239
1413685279097905157
1413729411350753285
1413772376
1413806300
1413850781413875720
1413876321625776128
1413898218841071627
1413933454224416768
1414119660887306241
14141281
1414160884176330756
1414254374256316416
1414266706831237123
1414286103096483843
1414307224529346560
1414405753385852928
1414411932958822405
1414431690903093256
1414442147961401351
14145121
141453810
1414559009991020549
1414560433516650503
1414607072
1414619413404209152
1414620597745766405
1414638256248004609
1414656419861864452
1414658647184052232
1414705850069897240
1414711877406449666
1414743169292505089
1414747938862080000
1414797775942811648
1414830195660394499
1414866497294544927
141493973
1414952044063043594
1415014851190079495
1415017398827094023
141502393
1415065907882303491
141510151
1415138997731532804
1415146313176526848
1415187773498302465
1415239940519055360
1415274422
1415317641854652416
1415386915
1415466060552232960
1415466536119062532
1415547382427623424
1415598171401510914
1415622404966060032
1415667644
1415734146027118597
1415744607560871939
1415804998013923334
14158067
1415810778167398401
1415820219101204488
1415847007776743426
141584822
1415860424
1415873571730214915
14159943
1416015466498338833
1416046528247083009
1416051025
1416057433076781063
1416081102666706949
1416115375150813185
1416133418065137665
1416133895880204288
1416150057485848587
1416160458655080449
1416189599060217860
1416212566557200389
1416234159463350276
141627220
141631649
1416323394929299461
1416465442454048770
1416481964316561414
1416522409021161473
1416527210
1416529387114176519
1416537743711211520
14165476
1416574558006505479
1416647861551382531
1416674101
1416714961171095555
14167388
1416794387233783812
1416821204053286912
1416897094292492288
1416906497045508096
1416968098712784902
1416974431986008066
1417117057783586823
1417127326211526658
14171401
1417141817355771906
1417143415809187842
1417182701346504706
14171837
1417195946459353113
141721603
1417228738538835986
1417232248462532614
1417284946868150290
1417291166224207872
141735808
1417414352999796743
1417451716417626126
1417460533607940100
1417584457138253831
1417651057
1417654160871202816
14176770
1417705674528759808
1417707132753903618
1417728201552506884
1417729202196041729
14177553
1417783537047068673
14177942
1417885852236095492
1417895107915702272
1417942053988749315
1417944725068386309
14180138
14181214
1418123605209014273
141814580
14181512
1418169381545259008
1418261216556879872
1418262936699637761
1418270437767798791
1418322480192704520
1418363817331994627
1418381832123387905
1418385516693626881
1418400451628879873
1418556589099806727
1418572168611475459
1418589202162331648
14186089
1418653261536563204
1418792758987218947
1418806832869646349
1418822639058104324
1418850495695839239
1419062302763102211
1419074643277885444
14190922
1419098861591744516
14191961
14192000
1419219320341737473
141925914
1419273343635763202
1419333738794610695
1419346299225206789
1419376572516143108
1419440732159438852
1419521365313425414
1419582349344329733
1419656634075336711
1419663144905891842
1419668299776987141
1419697263106998282
1419716875127242754
1419720748038443015
1419760565572956161
14199378
1419940683436249091
1419952541987651592
1419963308799627264
1419971277792718848
1420004778768207873
14200178
1420175940773203969
14202167
1420231469792829441
1420275128902946823
1420416134063566855
1420455992676978692
1420467234
1420509946769121280
1420528252494532609
1420624771948204033
1420802352488067075
1420805786498969608
1420809006059192324
1420832466340917249
1420863242054864898
1420892824418013191
1420958021287505926
1421045341357584388
1421050343677468672
1421145612
1421171228
1421243419704258568
1421267530690162691
1421305834064080899
1421353072710889473
1421420113429811200
142144082
1421477656936255493
1421483053357191175
1421532327650398213
14215375
1421574135143149568
14216544
1421654797661442050
1421687393283842054
1421718302
1421828719056990211
1421972556505133058
1421977052819959808
1422034303811211266
1422041997443952642
1422168957788639236
14221895
1422225505944748040
14222486
1422276618647740420
1422301457034842132
142230413
1422311840697131008
1422326387608743954
1422338138727358465
142234626
1422386767198490627
1422411294188228608
1422415862615576583
1422419185058025474
142245334
1422514560246837250
1422569265295773696
1422580554415939587
1422583682930446338
1422597606643965955
1422628784935686149
1422700275316543489
1422711443170922503
1422733353673953280
14228078
1422820436
14228245
1422940343251750912
1422956149616357378
1422959597388718080
1423127750047531011
1423129606169628674
1423140796279238657
1423219633499213828
1423246554
1423263672055500810
1423298587518062600
1423328243596341248
1423361120270696450
14234323
1423471303076372482
14235279
142353695
14235543
1423578595281211393
1423629151769145345
1423646013252907011
1423707932
1423715971555069952
1423755133209485319
1423759528701607936
1423765440
14238142
1423827119000326154
1423852316579401734
1423921264511553537
142399105
1423997096
1424004844046671877
1424015681914380296
1424025262405029893
1424062246402109447
1424070054841290752
1424158595126550529
1424186285372055553
1424210061576990728
1424230622432800768
1424233416
1424278091220803586
1424347804818804746
1424353408685731846
1424354029128216578
1424377063256039426
14243836
1424441904
1424444161307066377
14244544
1424472771980038144
14244799
1424495795126996993
1424523088910176260
1424699240647778311
14247309
1424778656392486914
1424910504007454722
1424967460432850959
1425063696
1425076004
1425086039476088832
1425101591313530886
1425123751885086720
1425144719307415553
1425147941224865796
1425152365825601538
1425156010142965763
1425207367843696649
1425210032
1425227532329181191
1425252013768536065
14253400
14253806
1425396230402760707
1425398963625152516
14254408
1425488786792894469
1425501382619144193
1425517472166387713
1425531375751421952
1425535554578522112
1425553911650426883
1425600774252466177
1425621682253819911
1425626336
1425645396
1425817255049273359
1425829172044201986
1425842334671982593
1425908226
1425943814137651212
1425971911356403715
1426026596285042696
1426071465900789760
1426097676379201536
1426115871966179329
1426135899310497798
1426154635467927558
1426162284
1426170255106265092
1426176384099971074
1426191754609365005
1426199687556644865
1426207436420141059
1426265343065042949
1426284885367529484
1426290558830530563
142632892
1426372381195472899
1426398256452489217
1426407466405822465
1426467181542379520
1426538080123736067
1426596461245046794
1426603452755582984
1426619410895327236
14266196
1426626996784742404
14266396
14266598
1426661308494090240
142666295
1426705861
1426707361222197251
1426745041725399040
1426753930265047040
14267706
142680730
1426857914497708034
1426911929319280644
1426947037552021505
142696927
142696939
142700597
1427017106630094848
1427043711528079362
1427172199559950338
142720807
1427302642263470082
1427325594526752771
1427340837982195716
1427341019897647104
1427352155900493830
1427354750568312834
1427358520517742595
1427361863830949908
14273675
1427375500213686283
1427387278045810706
1427387349843906593
1427395226616967174
1427401233879339038
1427402830197886988
1427404361483923460
1427418109120442380
1427420386443108356
1427424467408539654
1427445046870216705
1427455164349403137
1427461027139145729
1427480620045905923
1427488610882768896
1427499223956828180
1427501775016235011
142750417
14275426
1427548639820386305
14275715
1427594151021801474
1427607819323416577
1427611327552532482
1427618021984571421
1427626992996847618
1427641423235624968
1427654552333991940
1427692245822681098
1427739262288470016
1427778343
1427810346115354628
1427825041752969216
1427912649174568960
1427937260452913154
1427944592582844423
1427950082
1427969002991759364
1427997312043921411
1428029652677898241
1428034966852669440
1428056504146477061
1428066391458992137
1428089382720851969
1428124890
14281466
1428180998618066952
1428231575146090498
1428239144766124033
1428272871294574593
1428303453873344512
1428352839965835275
1428387872667754498
1428407587255422979
1428424784396783616
1428425676571377665
142844200
1428454100
1428457624014671884
142849190
1428526735520239618
1428531365432020995
1428534232108961794
1428538829288349700
1428602144131670018
1428647573494009859
1428649197310513160
1428658377966592000
1428668736890933248
14286806
1428692652946595840
142878053
1428829347872272386
1428879233825247234
1428883182972145664
1429016867532849153
1429035744736137219
1429092034250346499
1429115178235408385
1429224389971611651
14292370
1429252149087776778
1429308872351682560
1429314473018413068
14293310
1429334682462834689
1429338600429129730
1429348872
14293654
1429409441674240000
1429437000
1429480158
1429483510251888643
1429508165511614469
1429514676648480781
14295299
1429540963081359368
1429560994808926217
14295896
1429608599739895808
1429628198
1429631573981233154
1429644356328230915
1429664433584832514
1429682459797598209
1429702190357118977
1429715258390745090
1429730994471440384
1429837882106253315
1429843144921735171
1429890854345379844
1429891373939965952
1429898306843398151
14299262
1429939640148979712
1430008662995603486
1430022111364485125
1430026082984595462
1430068335132102666
1430083013187043332
1430089367247155206
1430186697862619142
1430207788664246275
1430213837148639239
1430225525918871553
1430253125886091269
1430335681985843201
1430366133404594177
14303901
1430433403661398020
1430446644571607045
14304930
1430501255277957121
1430544540801306629
1430569606230552576
1430569804289634306
1430571434091319297
1430619100787658754
1430630879165128705
1430645256840749059
1430675215210659843
1430716086194950148
14307306
1430793200
1430797741
1430883108
1430900421837557764
1430900950818979849
1430961494540226571
1430964492914110470
143097206
1430989083740868608
1430992750627934214
143104075
1431041023048921093
1431052588212834305
1431072243207917573
1431076342481793026
1431207783270023173
1431260129211654150
143127083
1431297169
1431297432
1431310204650545162
1431313845864128520
1431325720714821634
1431358317423693827
1431381303568576519
143138173
1431387197328998406
143145579
143147823
1431493891
14315537
1431599662872600577
14316159
1431676128960434178
1431678661468598277
1431741866173779981
1431772305437470722
1431888742780846082
1431925801
1431926261841113100
1431955025287393284
1431976862
1431983390798991360
1432069004844310529
1432115298807599105
1432169948584071168
1432215524
143224378
1432250949607829504
143227787
1432349782220095491
1432385736972587009
1432406115170455553
1432454680920002563
1432459957186666496
1432491012
1432508857
1432509814337257475
1432512603805429760
1432521729503498241
1432585611240620032
1432631401937977353
1432636146819862532
1432718544916164613
1432719374914400266
1432739230585925636
1432747675674365972
1432785639829917696
14327933
1432820519431192584
1432856837641043974
1432866027151376391
1432888424
1432917823265853442
1432930160588701701
1432984668467458049
1433021389762617348
1433049796399489024
1433064526803456008
1433076102084247553
1433078251564396544
1433087623367520256
1433118840297168898
1433169643229810690
1433191842070237184
1433330034
14333333
14333690
1433393066
1433472887541927942
1433489836162396166
1433521230544580609
14335880
14336239
14336609
14337131
1433751832912744448
1433772657124642816
1433791346
1433807943619727361
143386976
143394678
143397297
143397474
1433997706981253124
1434002908614332423
1434030966448615429
1434040455352799238
14340977
1434102459509706753
1434103281975009280
1434189826295844870
1434210087317430278
1434240264
1434354304362717185
1434365768246841353
1434417985653968896
1434453919132880902
1434481123
1434484682213793796
14345113
14345368
14345566
1434620290147893248
1434633159275126786
1434657229853106176
1434659777850736641
1434680444356792320
1434690005767753730
1434698610
1434812057455628288
14348157
1434839380078862337
1434884452065370113
1434918063871303685
1434924677240004612
1434955910531596290
1434963068526682117
14349660
1434977093247545350
1434978012
1434985028052602882
1434995595823890432
1435013850907041797
1435034440573534211
1435074479126761473
1435077547935608832
1435079780555100160
143508762
1435178500651200525
1435208091843321864
1435243987200266241
1435253961662021634
1435259395533910020
1435314865816678400
1435317284
1435322288979668998
1435371859
1435387045044637696
1435418712
14354937
1435506024916586499
1435528835022393347
1435541684306300931
14355510
1435656155372654596
1435664603221012482
1435670749998501890
1435675403985637377
1435680293449502722
1435700554458701828
1435703103098081285
1435714288782557191
14357273
1435810249404043267
1435847499017719814
1435870562480427015
1435872369495527427
1435873779821862912
143587792
1435885251276967938
1435922353200918528
1435956655624228864
1436035648432001027
1436059008151003142
1436093042
1436134039
1436150097256005635
1436163752
1436199532514086914
143629076
1436306878980665357
1436312862797058049
1436321454904250370
1436325352440279049
1436329496760786945
1436340748438306823
1436354337488478208
143636054
1436437369729732611
1436444239001391106
1436448639077912576
1436479905450004482
14364815
143655326
1436580613293805570
1436583819294003204
1436668164
1436722655693000710
14367890
14368074
1436815298510954498
1436838089331290119
143689037
1436943256277848067
143695271
1436966063590150144
1436984385438375938
1437043188418576393
143706505
1437100041462861838
1437106726805803015
1437111780606558212
1437124028871811078
1437185449
1437187988857970688
1437209478991077376
1437243207142752256
1437260912142979072
1437272469765767169
1437277667737444357
1437285129089470465
1437287014613676038
1437294683110051841
1437301906880151556
143731084
1437337654597545989
1437357878814326786
1437397895045545986
1437431132035985413
1437479511147302916
1437492035842449422
1437511757749276675
1437585780675727363
1437612476837859332
1437620110861078533
1437645763564253185
1437648325310881793
1437682579323248640
1437705261486125059
14377605
14377702
1437780528686637060
1437795504839086085
1437824052798771203
1437829485731188739
1437837389288837120
1437875488719003656
1437879737096052737
1437897001887313927
1437924592849408001
1438006687282118659
1438036120651005952
1438057121116008453
1438078614
1438093323319844871
1438104846033461249
1438109107081330689
1438111126420697092
1438168085668712448
1438174582146490372
1438228602080878595
1438254594136608770
1438303008572383232
1438310422193459205
1438321159
1438328912732381188
1438359885113143300
1438386738884329472
1438423834600804352
1438461201659219968
1438463265869287424
1438483128797077509
1438492493507710983
1438493100410871811
1438511354793500684
1438527367505330177
1438531376240812033
1438550038788050945
143856004
14386156
1438617106195439616
1438629035332964359
1438661348645298181
1438700739438710786
1438709594
1438719156845629449
1438731210243543040
14387552
1438776477378621443
1438776722841866241
1438787196018900997
1438811890654793728
1438913169796239364
14389212
1438977928574943232
1439043147095367680
1439081204704157705
1439200194286047235
1439228958021545989
1439265728469868556
1439276392466849798
1439284620382461954
1439338194
1439402326075138048
1439405246518906881
1439414128846774279
143950101
1439508630
1439634997640515588
143964847
1439668815206367233
1439678652682280969
1439684112604827649
1439780171834298382
1439782316369272832
1439789868
1439878271131430912
1439898506865504260
1439899717152874496
1439956399128207369
1439998874463006723
1440001647871201287
1440018900071104512
144003355
1440035488300032003
1440223031851315209
1440229193959178244
1440272194794242049
1440306162918825991
1440370719989268489
1440377778583400448
1440382065598365702
1440383378683875328
1440389343718219780
14403961
1440396351934586884
1440397840186953738
1440410375971737604
1440445217153241089
1440475067033403400
1440487812
1440590115202469900
1440592932076097540
1440633597606514693
1440635012
1440678289106825218
1440706071509668036
1440710996952170496
1440737883682263041
1440813951101538304
1440816953820528643
1440915344537751553
1440991510766497792
1441030374180675584
1441091024168783881
1441124065780002830
1441181995682332673
1441259739959025664
1441299524555730945
1441306921370148868
14413466
1441358322611802120
1441402626126467074
1441407088207482880
1441414112219566087
14414305
1441452617830383618
14414759
1441480923791314947
1441508956703182849
1441521012462473217
144158024
1441590733677363212
1441596062
1441613017
1441656268393893889
1441683373840224264
1441699747669032962
1441721568049041413
1441748199941685249
1441752089101680645
1441786973132263427
1441798361586098178
1441897135276838914
1441926276520943628
1441927264195670018
1442016328013926406
1442072465975300101
1442092286
1442106858328625154
1442119572534923271
1442153085590065163
1442179071241187329
1442190085
1442199471547322372
1442335705095495680
1442435179994177537
1442485017435721731
1442519346912239616
1442520067095154689
1442525645016158222
1442529178251771908
1442552109560320001
1442578604664098817
14425872
14426369
1442729249132228612
144274646
1442766911104716803
1442819126917992453
1442862917364305928
1442907226616651776
1442915405991927808
1442926257436389401
1442974811567890432
1442985657157173249
144300104
14430086
1443053385582739459
1443095900855881731
1443112561872973827
1443189132306436096
14432035
1443283482655039497
1443299781179281423
1443315600
1443330719250632709
1443378761538310144
1443389368463511552
1443393004035772417
1443506635171844096
1443513276302872577
1443593349122994185
1443596731292205060
144362629
1443650273264603161
1443673165
144367649
1443738711565299730
1443766012764065795
1443781851047366663
1443798079107317762
1443829810954833920
1443833746797457412
1443840264213311536
1443860560773206016
1443958242368004102
144396811
14439805
1443986304178475012
1443990267661537292
1443995719
144402222
1444084307530641415
1444110548
1444135789764485120
1444142672172646401
1444163410044723201
1444288027140915202
1444300021
1444303068070174725
1444306476839981058
1444328239
1444334882616971264
14443412
1444344619
1444371335052943360
1444398962291716097
144441635
1444421646375264256
1444425166864388104
1444456694180769800
1444471149220532226
1444503111767404550
1444532408485879811
1444535390
14445444
144458505
1444629708356743169
144463677
1444666659000705026
1444670356753567748
1444678420286246912
14446858
1444697287184326664
1444736118860222465
1444747439454384130
1444765300780580870
1444784695716233218
1444787386290892802
14448000
1444811644228407297
144491788
1444932557930381312
14449682
1445053273
1445065594244583430
1445078063801380866
1445080251441111044
1445102260518887426
1445105000364093449
1445120997724729350
1445122377453608963
1445125905022652430
1445128814464544768
1445141474367000599
1445142431494664201
1445147056285302785
1445197932009975808
1445234263570272259
1445243235186532354
1445290595363135491
1445357561968988163
1445359466334015498
1445369600984690692
14453711
1445435041547538438
1445486212047908864
1445489456048340996
1445500244259532808
1445555441048584202
1445626418
144564702
1445650784
144569445
144569635
1445714919840628741
14457196
1445721754819829760
1445729339438505984
1445757797161857025
14457811
1445797763027857414
1445799552150294529
14458156
1445822537766785028
1445869509378723841
1445905592992755712
1446057847
1446079705812279304
144613303
1446152135503142914
1446152791
144615713
1446184185756979217
14461963
1446236244669775882
1446246843868803096
1446255144
1446273583114768384
1446301581431885826
1446310767544856578
1446439892054011909
14464620
1446467423109005314
1446470568170213379
14465297
1446601544892362755
1446633879146729474
1446646534443966480
1446650069910835203
1446656396
1446703393662246913
1446814454528811017
1446853159
1446857572221431814
1446876823724433417
1446899792060182528
1446913491546300423
1446916667783663617
1446948324922245120
1446955666673909762
1446997927600218114
1447016362149388292
1447029539893391365
144703320
1447052389391994883
1447061385083383808
14470793
1447091647
1447137914543038466
1447181720
1447223321792241665
1447224777437941762
1447228509584166920
1447254672323059717
1447269315313471489
1447289941248118787
1447326482783744010
1447369589172572161
1447408487655514112
1447421157162979331
1447437443477639173
1447525740421976071
1447549564194639872
14475858
1447593347179220993
1447631712972804098
1447671361317392386
1447708003835146245
1447742440291504128
1447812428759064576
1447828164525297666
1447832490
1447874925440688133
1447875596285923334
1447882808064712706
1447910101134635012
1447989938167828481
1447991458431127560
1447999169961021448
1448039992081661954
1448148158366818305
1448197044204490752
1448237205957136387
14482396
1448245687213232130
1448270111471595522
1448297693042733064
1448298903216984066
1448305304416964613
1448345402026123278
1448359193052860423
144836525
1448406789242986496
1448413527912456195
1448417126251913217
1448434491152814082
1448465934528638984
144849404
1448500687516495877
1448649205858275329
1448678092021526534
1448709447132585987
1448711759875948545
144873995
1448747364177620993
1448767273
1448817253781180435
1448823805
1448969128702722053
1448995826940792837
1449052345078325250
1449084126741602310
1449087131998171138
1449092095852126210
1449096539717181441
1449173333635854340
1449213055674589185
1449290996920066048
1449302062081138692
1449320965960126470
1449324312364785665
1449346493660475393
1449396978987646982
1449405185806196738
1449405408309829637
1449421482556370944
1449429842999525377
1449443106332553216
1449447136509169667
1449478590
1449511076874399747
1449612035180822528
14496536
14496886
14497313
1449753135791190016
1449770393900777481
1449830969435951109
1449869949648867333
144987196
1449880381
1449935941892812805
1449983749894987783
1449992654670991364
1450006598
1450080587813990405
1450088486
1450156451943620616
1450356129989550082
1450383799724904458
1450396483203837953
1450397279177908227
1450421632456069125
14504859
1450517864968904719
1450520057268740098
1450564210245525505
14505838
1450733031388499969
1450744853982158849
1450752631794765831
1450896147934072836
1450901372170379270
1450935029018750978
1450936102299205634
1450946434329624580
1450967002994991104
145100279
1451005746187960327
1451055431061622787
1451172048919830531
1451236147544350723
14512716
1451330883114373121
1451332825433653249
1451374105765109765
1451385279256965139
1451387722426314754
1451401974486872064
1451410700392353794
1451422747226222593
1451442479908024327
1451475748213215235
1451514682095902726
1451567646068019203
1451574039542210569
1451578361134866435
1451588096600936450
14516324
145163404
1451651804723286023
1451699962090196993
1451703125212123145
1451712271701270532
1451744456873582595
14517538
1451784667
1451834814554902532
1451840740720619521
1451846771936743431
1451851320932057092
1451898688045977607
1451918649497882633
1451938008735916038
1451965579494047747
1452005189758586881
1452006136043999232
1452093698573934598
1452155061086441474
145217542
1452175527767330818
1452184183623884803
1452294361631318020
1452412040
145243831
145247436
1452480311405727751
1452649798071472140
1452650150548082695
145265220
1452681689000468487
14526877
1452690590559133697
1452706961565396996
1452710450802696192
1452758178249285636
1452765953565999104
1452792261012492290
1452856025137119232
1452897509202972677
1452926916307128326
1453029170070671372
1453037457415544832
1453047454677491718
1453122645214601221
1453163969485619201
1453209588
1453265329405284358
1453322856
145341017
1453424418156277763
1453437063118868484
1453437075836096518
145344704
1453483075854389252
1453485586447097856
1453513570877120512
1453522010953469954
1453530215842336771
1453624604514082817
1453657814862217222
1453671786575503361
1453695021232713735
1453753755321708547
1453757447986896897
1453789924491137032
1453795582959570944
1453842722452905986
1453848571057344513
145392059
1453936043888193537
1454068936224518154
1454122479727824914
1454124450476175361
145415474
1454200618155868162
1454323148329930757
1454363610948374529
1454392544050270208
1454433871
145444918
1454495899011399682
1454550505
1454551862955368455
1454557225
1454567856482492421
14545714
1454605399068315653
1454713914
1454714206595387394
1454723599948976137
1454726401328697353
145480842
14548232
1454828880431181833
1454924857901293568
1454954742438719488
145499533
14550673
1455103870800179205
1455154366323822592
1455180958190166018
1455215576687779845
1455216055287173124
1455265777511186438
14552720
1455274103233990664
145530134
1455317635768389636
145536782
1455384605234655235
1455423352437293056
1455429550398078976
1455557856975933445
1455576852492324872
1455620171687763981
1455625023734099970
1455629705952915461
1455666595775266817
1455667395901657089
1455695056317386755
145572118
1455738960513167371
1455744518
1455750448497901576
145581916
1455866163783741441
14559196
1455922292899205122
1455990222
1456005650199240714
1456025206913339392
1456041097390694400
1456071062672736260
1456087572761886726
1456108406947807236
145612287
1456238282803752968
1456263451710423040
1456264555735052312
14562685
1456281851249643523
1456296603757731841
1456301073111597061
1456312759012954115
1456326059402530822
1456341077137321987
1456348681632837645
1456365317278638089
1456372411893366793
1456381091598700556
1456384508517920768
1456409962054361091
14564603
1456521920501850112
1456529453870424067
1456599159876767746
14566366
1456647265163022341
1456653873565814796
1456666722707165187
1456676461251895301
145668296
1456691372350705665
1456702406029414400
145675172
14569056
1456967871523864576
14569869
1457002234730983427
1457022455738998798
1457023921480519682
1457057629461618688
1457111277617168395
1457123350711517187
1457156318758850564
1457170901871460355
1457171565943083009
1457201144518914052
1457228623035912192
1457269000631508999
1457302281812987905
1457323401345855544
1457360515676606465
1457373454555099136
1457380899335643146
1457391968326148097
14573926
1457399727880753154
1457433054453006337
1457434546874372099
14574380
14575014
1457502772077727748
1457549345784360971
1457578442673774595
1457603746679062529
145760528
1457646621353709568
145767790
14576865
1457751973336436736
1457763922136551428
1457766850356523023
1457779261356511240
1457841005827293188
1457879822261047298
1457884024702132224
1457888459574681608
1457894861311549444
1457906124037189632
1457912690199109633
1458013489130315788
1458042106652413956
14580438
1458054604441198598
1458057895
1458083097749098515
1458093912988454923
1458121226006585344
1458131112841072641
1458176120
1458186454560018434
1458187080169893893
1458398952278142977
1458409550873309185
1458413201461288961
1458422928366874624
1458426834442285058
1458432247686643721
1458470847031693313
1458471127555190795
14584772
1458491650368540681
1458518050018312192
1458523545047343109
145853936
1458544636121829389
1458585138732883972
1458592743278596096
145862955
1458672506
1458746568
1458773879896383492
1458813386620293126
1458840035738935307
14588493
14588748
1458947264446091266
1458989355175845892
1459111632609562628
1459191171637555211
1459269935453159433
14592723
1459278603447771141
145927912
1459288199864410120
1459312129027174400
1459318873149353984
1459431971629645830
14594816
1459497173788160003
1459498214592241664
14595392
1459547060
145958298
1459587301701558280
14596223
1459683379574497287
1459683795703984132
1459737485840470021
1459791414905167872
1459845094748536839
1459861707015135239
1459869360026267657
1459885186896834567
1459906602518069249
1459922439161397259
1459992964969766913
1460003892415053828
1460009731490254848
1460017894323101707
1460038886
1460040516234625026
1460058649280323590
1460079602324418564
1460153986850476035
1460176204363972613
1460188456328392707
14602051
1460228735802621953
1460265819900887049
1460266554751344648
1460312524071608320
1460327794131537926
1460356007436210176
1460359471679643656
1460377075882373121
1460552742519427075
1460599912714883086
1460621689
1460658376791113733
1460685892272676877
1460750621028532226
1460803870238593027
1460812814486962179
1460822232796651522
1460847473274998784
1460848767507341318
1460885434851069953
1460987973097463816
146099195
1461047507803332609
1461050160985919494
14610604
1461098614630006788
1461115019584704520
1461152637034893313
1461181256830435331
1461182536604860417
1461206965607145472
1461247152
1461248412087635970
1461355992516419593
1461386788010958849
1461388061334544385
1461425706861154306
1461443981489815553
1461446945314983938
1461505537942724608
1461517306115158017
1461527006986874884
1461527092559069186
1461539491731095553
1461550067362385923
1461561083940913154
1461567205867462656
1461581293301424131
14616784
1461680127226507265
1461692621126922244
1461716693437214722
1461732742849187845
146173764
1461774414463193092
1461783531110158339
1461791441131347974
1461794598548877318
1461796830094802946
1461878782747418628
1461922288270340103
1461937876548083718
1461941399155363848
146194414
14619527
14619696
1461985488076775430
1461990246510469120
1462046809
146213826
146215396
1462261669556490244
146229474
1462330527306838018
1462372846370439168
1462418154399977479
146243221
1462447139854815234
1462453293746212879
1462472956672712707
1462514772994260994
1462519540189958151
1462532089509822473
14625398
1462564795081805828
1462578332046925826
1462590956876750852
1462616188698116103
1462623743910420487
1462637302757216258
1462663861568360451
1462705417058799617
1462804208315416582
1462860215267864581
1462869577298157579
1462884215498764288
1462928808328278028
14629315
1462940025423683586
1463020350451556357
1463091596
14631451
1463163606686707716
1463209412760276993
1463245274
1463260461386780675
1463263787134291970
1463380354635485184
1463425109155192835
1463500150903504909
146353764
1463570539000188931
1463577389884133384
1463594352521924620
1463617869569306634
1463624518111481866
1463648943724634118
1463668916811485190
1463673584
1463675977905680387
1463723033940606977
1463733182830809094
1463809956591722504
1463813796892344321
1463904796776312841
1463947889231736834
1463973010176557056
1463985056280633344
146399468
1464057901861928965
1464058082661707779
14640845
14641347
1464146560678309890
1464214439247421440
1464245405642809355
1464297139
1464398444223676423
1464440735781036033
146446713
1464471532307386371
1464507285317824513
1464515290495131649
1464524664739352578
1464640812759851017
1464651501889101825
1464661857227227136
1464709947221028864
1464720090843254796
1464732617786413059
14647570
1464795905131958276
1464808433883004930
1464847252661358598
1464910704306114570
1464919691533692929
14649419
1464954130825453573
1465022282691137543
1465098237589671936
1465150708655796224
1465154625359781891
1465157496192978946
1465172599546294278
1465173751746777095
1465176190709207047
1465233260422729728
1465291049388101641
1465298043528437765
1465347452937015296
1465358280012804097
146536061
1465372768963338249
1465383016998576133
1465426845378224265
1465462988652097539
1465467422383558656
1465478584852754432
1465573958
1465587968
1465675909151838217
1465684388507574272
1465738681
1465775779208474624
14658147
1465844912063188993
1465988099981389831
1466016618870452233
1466018504394649602
1466086677378748424
1466120469573218310
1466132356956360710
1466146411209240578
1466168050789625873
146621448
1466228391867211778
14662354
146629430
1466301151947620357
1466307324235051009
1466392216776151047
146645976
1466492989094694914
1466594982865739776
1466603728350236672
1466621040877084672
1466650285
1466677386175418369
14667017
1466703424418893826
1466707270113402881
1466732494036815874
1466734429821444101
1466750142170779658
1466751136510226442
1466772758843596808
146678140
1466802614612471815
1466823488497496068
1466825111185494016
1466838664609243140
1466849864554205184
146712559
1467136761528668161
1467188466526085135
1467237263465721868
1467240839407714305
1467316342139330564
1467341691132596227
1467363730820317186
1467379953301803010
1467385420942127105
1467420064370475008
1467443898977030146
14675115
1467515313172320256
1467530495563026434
1467551696909967362
1467592422481969157
1467617810172063756
1467620257502306311
1467650865905475586
1467653718665580549
1467707862147158022
1467772907807862789
1467810154045452289
1467833659466072071
1467839002099085313
1467925238382014473
1467925790096388098
1467968931679903751
14679784
1467990486875004931
1468003639159521280
1468010318634881025
1468040412036145155
14680759
1468166185
1468193787155566592
1468200491058626562
1468219745245794304
1468273154221035522
1468309286665302016
14683747
1468417686455554053
1468423040
1468426276440788998
1468450507752886277
146848827
1468526163043958787
1468546250333372418
1468546435553509379
1468562572559462401
14685697
1468607144421380103
14686098
1468620460967755778
1468634513433579528
1468638104978599936
1468644344458579972
1468669039883042819
1468675877861003266
1468707251481423880
1468723201043804162
1468745083629490188
1468754837798100996
14688489
1468943936244760580
1468948636461535234
1468954970208620544
1468960899939532800
1469053681
1469060058453401605
1469104470885814279
14691203
1469201970326130690
1469230534341525505
1469329239472279554
1469337830027448322
1469349570077511681
1469354500930609153
1469363036502691840
1469364653591433218
1469408608517451778
1469435353773875203
1469445347097382917
1469446138725953539
14695028
1469598693682651137
1469655339549134852
1469693172125081601
1469711583102357513
1469803588545298436
1469897664439406594
1469912089170907137
14700117
1470016271798439940
1470016443936911368
1470034927609696259
1470080726792130576
1470129192
14701580
1470184676920676352
1470196240671547394
14702119
1470331702165790721
1470406534144442375
147040968
1470424654451933184
1470431445948715009
14704444
1470461490570354691
1470483999567003654
1470505044646801417
1470529147
1470531576672899073
1470567816352915458
1470572862
1470601501
14706472
1470653422470778880
1470667448202321928
14707094
1470721545689575426
1470734164408221705
1470745872065613825
1470768863944253442
1470795002972229635
1470800222540509190
1470803914387771405
1470825967597797387
147083039
1470832825376989184
1470884915105263620
1470885625435856899
1470897157955719169
1470924480797106183
1470947483182379011
147095974
14709647
14709802
1471034910282555394
1471046588260773891
1471115456308146177
1471129913268719620
1471151415691300874
1471169815134056449
1471182710680993793
1471199017493221377
14712831
147128542
1471286299306954762
1471293383352233987
1471300139075526656
1471310108818739201
1471315918462459908
1471450666820329474
1471489757125365771
14714997
1471506869717897223
1471509097979670534
1471521265341153287
1471524534884847617
1471529011050422280
1471529057485348868
1471538515318083585
1471574049205723140
1471582361049518092
1471588136400654336
1471593984548122634
1471596024980381702
1471611877734060032
1471645632502902790
147164875
1471676765210910726
1471676898212147200
1471726055782158345
1471848019649781769
1471881817443553282
1471899572729356299
1471920718787002369
1471948789170716681
1471949432337874944
1472022758074822656
14720319
1472059328
1472112521561591809
1472114253729435654
1472130799952670720
14721673
1472241911943598092
1472314386362601475
1472348739134181435
1472359755238699009
1472361756240465923
1472382655496863753
1472395142
147242475
147245283
1472500544174321664
1472522448075689987
1472571065348116482
147257978
1472591898703499264
1472618949720244225
1472639912046436368
1472761993304190976
14728486
1472879710447149056
1472942109548290048
1472943478891945988
1473004837
1473039764844593154
1473071693564313600
14730894
1473093411691372551
1473123146559537155
1473123421282177024
1473144185389821953
1473175596578623494
1473235939061161988
1473275719597891584
1473287849487314952
1473300599932342275
1473301547891187717
1473310948689543168
1473337539452936201
1473347515
1473383838
1473385120635752456
1473399438739603459
1473445598095282179
1473461078357016577
1473495242921984008
147357014
1473710426810683402
1473723768522563600
1473747848370049030
1473751796027998213
1473771483436666883
1473801125774069766
1473808532134760448
1473830444844072968
1473876713268514818
1473890643227254784
14739037
1473906456273592325
1473911368206200834
147393852
1474006471
1474019841938014215
14740219
1474032494789992450
1474045380702711812
1474070397985431565
1474152559870767105
1474164988252143617
1474172508450353164
1474182690798718979
1474215528042483744
14742251
1474252303636963328
1474313109099720704
1474373290495991808
1474387239710990352
1474387372037095436
14743890
1474471626137739265
1474472905564110849
1474483807306854401
1474567003872665603
1474589100187525125
1474621435427442690
1474726309
1474728220239220741
1474789252789673990
1474796245113835524
1474831197431898112
1474838423747940358
1474852997020758024
1474884136250884103
1474996465067954180
1475018550800629760
1475085202322042881
1475089932431642630
1475092138652278788
1475127836218376378
1475136037475262477
1475165161837277193
1475176441889308676
14751849
1475196984524898305
1475211084
1475241693959966721
1475269204802772997
1475323189
1475351313059696643
147537458
147544294
1475458032217829378
1475495638552903680
14755286
14755492
1475551077902733320
1475575373173858304
1475580856148250628
1475635648254156806
1475640014675628041
1475650387856216066
1475668533539479559
1475671816559640579
1475678654843609093
1475688055
1475730053484855296
1475743989190041600
1475750250
1475775381143793666
1475807762533830659
1475827933440888835
1475829322103541764
1475830536962818055
1475843148362432521
1475870261987749897
1475883846705070089
1475927087085199360
1475979581723222022
1476100948271382528
14761024
14761121
1476116899440308225
1476129943528493058
14761415
1476149306549837831
1476159458954911747
1476162309613846530
1476182323410477063
1476185088148656128
147618542
1476190110739804167
1476190703852171265
147619132
14761966
14762057
1476251941642686471
1476254469214158856
1476324129775230977
1476328253451239425
147637088
14763734
1476445065341902852
1476489815856013312
1476506552295120897
1476542549103980547
1476543003632312324
147657826
1476583502535663616
1476592775684624396
1476610798789308424
1476643608581206020
1476676219433332741
1476689531957039105
1476755597928415232
1476784820168581120
1476789450999017485
1476844114360430592
1476852251343921159
1476867967560392721
1476870846471933958
1476961041389027333
1476972567248449536
1476974053743378434
1476994025060245511
1477108027
1477112266118025228
1477167373983617024
147717246
1477301914043879428
1477324476198973443
1477326244760985602
1477338591701442561
1477338994904023050
147734164
1477381871533056001
1477426097935552512
1477446787669508097
1477465551341379584
1477507180928643076
1477541739292364800
1477654647829635076
1477672272294989824
1477675519806255105
1477680780197253123
1477703552
1477718327523004417
1477739540471287809
1477759411934437383
1477806105841618948
1477810023006756864
1477875608508149760
14779408
1478007062781124608
1478007407766814724
14780086
1478012466038771717
1478014772280971264
1478026159950422017
1478088363429163012
1478092034682540035
1478121647337005057
1478133504290418689
1478138137872371718
1478155918831497219
1478209974262136834
1478220060
1478223629024325633
1478245727243423745
1478252443
1478279581954097156
1478319015395467268
1478323039226011649
147833400
1478371156998561792
1478377318351609857
1478405678221955074
14784250
1478475476
1478487674
14784939
147849987
1478510368695672832
1478513193555218435
1478590803928883201
1478608614973714440
1478640158886875136
147866987
1478673436134166533
14787019
14787076
1478721279679213572
1478771921609179144
14787758
1478777799540297730
1478780139517394946
147878930
1478812702592147459
1478840104286306311
1478854551314829316
1478891827684163591
1478923687885688832
1478949182534791171
1478971027623456769
1479039131686739969
1479088557960617989
1479132801207316484
14792049
1479225288542371848
14792580
1479259666634924032
1479332137002098691
1479332476661104644
1479383570393219074
1479432710783483906
1479459655998791680
1479469820621950976
1479475508459057157
1479484349556813827
1479488221201321986
1479537824529633280
1479542454240137225
14795451
1479550474432888834
147955659
1479623224782737408
1479638177250000897
1479773288716849152
1479777228951011334
1479779328841986049
1479876987871182852
1479960183178629120
1479984731911438337
1480050147987836928
14800620
14800679
1480071384600485889
1480168824875798528
1480201029383692288
1480206994128740356
148021400
1480224468589031428
1480228651526332417
1480232386151473154
1480258974045855754
1480277425649037320
1480282909315641347
1480295601355042816
1480301947202666496
1480363401666777092
1480378760696320003
148040162
1480420809864736768
148043274
1480461107173240834
1480476475669291008
1480493355171778564
1480513801317408768
1480527355626016775
1480578092871659527
1480604977479536651
1480613276
1480641001408512001
1480650450332495877
1480653679166431236
1480695867187376128
14807056
1480738179288563714
1480755250969526274
1480819651651129344
148086041
1480864705132572677
1480903610192089088
1481010697052073984
1481046830666428421
1481049351581356032
1481056497106927616
1481057505694396420
1481079879823151110
1481107176
1481107303877251072
1481112990959218694
1481139702396690434
1481227065399590915
148124498
1481261096052969473
1481287457333256196
1481359833064431617
1481369620992958466
148137271
1481407861775294464
1481429856952877061
1481435715619758085
1481495798655614978
14815420
1481610853568770049
1481629983361613835
1481635414687555587
1481636926943760394
1481669353171210245
1481689135144665088
1481704714328850437
1481708317550563331
14817102
14817235
1481748177321668613
14817609
1481787800467001351
1481828312687464448
1481848087521808384
1481889162400010240
1481898314
1481904266235113476
148199050
1481993284587241480
148204118
1482096628714508293
1482125874954706950
1482142824
1482154145943539714
1482160484
1482202524149075970
1482215240439844866
1482234462524133381
1482252904681644040
148237027
1482395129826754563
1482414923892379654
1482415669190795265
1482429468593602560
1482459276958642178
1482474425375154179
1482477887374696459
1482487623146999809
1482513050200514561
1482556842677096450
1482612375723429890
1482613737198473218
1482643152947187715
1482675895399759874
1482677521
1482697736894001158
1482717093309124608
1482721279
1482761866028134400
1482788573141250057
1482809423697522697
1482810579291197443
1482822086280290320
14828367
1482856860231344129
1482861078
14828860
1482903822456561666
1482922599470755840
1482977256528318466
1482996619431714816
14830349
1483036394906075138
1483068410649255938
1483082323
1483085579797635075
1483095623788220419
1483150235232874503
1483150590846844931
1483164071604088833
1483175441431105537
1483176111966416896
1483231920343650306
1483293923875381253
1483302074574327808
14833304
1483355755260653568
1483361076527841280
1483388011371016195
14834076
148342320
148343392
1483442214034448393
1483461612531077127
1483489632218390528
1483498181937799169
1483505801163685892
1483510351421345792
1483533107177431041
1483533606052061184
1483592220087562240
148361201
14836241
1483640291294912514
14836491
148365388
1483681548138340354
1483687414023565313
14837709
1483773460857905153
1483838742100119554
1483870732983623681
1483874745112305665
1483877281420521475
14838951
1483925141922873344
1483977320872685569
1484039441014427649
1484089243739869187
1484102904357306368
1484130490869288960
1484197656574316546
1484199507915018243
1484219215137681408
1484231116236423169
1484260820435365888
1484273562722709506
1484287101004918788
1484347091858034689
148435933
1484362566784917506
1484363908315971593
1484376007498878976
1484377589586149381
1484398259573768198
148440936
1484425317104209920
1484436310307782658
14844466
1484456934656950281
14844734
1484491374498320387
1484503175759638531
1484541272140378113
1484544327531573252
1484551444904566788
1484553220550766595
1484563799264870400
1484568566397612035
14845727
1484582910498078722
1484587186066493441
1484589482322141187
1484608381130350599
1484619851113107473
1484626247292444673
1484653332
1484655690866122760
1484662819605913604
1484686306558967808
1484695517107867649
14847101
1484725830651682820
14847675
1484801621238628357
1484838999961264130
14848489
1484914062077186048
1484935970017493004
14849723
148517828
1485252484998352899
1485270639317762051
1485274491471429633
1485300605228916743
1485322009961713664
1485332427618897923
1485361126078500868
1485366793363496975
1485384149800267778
1485406179065208840
1485407787966509061
1485464036846325760
1485479162559479810
1485518667177766917
1485536640064159746
1485560866858668032
1485563037604007936
1485579898496376842
1485629255723753481
1485636486
1485638683
1485648299432501250
1485672905702838285
1485674825280638976
1485745257178411009
1485798464
14857997
1485823208
1485853544716673029
1485903121
1485907093634879488
1485918506247991299
1485948632868462596
1485957806935232515
1485999606
148601866
1486020216815595531
1486020830173835269
1486029566
1486068736306167823
1486105790
14861077
14861222
1486122222699876355
1486298005326159880
1486309729152692227
14863310
1486369215355445252
1486386678839324674
1486435302315077648
1486440784387846157
1486479704127262720
1486488781654224897
1486511792431906816
1486570568
1486590966
14865972
148660439
1486607007519895556
1486607296964677635
1486620110152425485
1486667284076642304
1486710157316747279
1486724200593170436
1486800091868536836
1486809772095590401
1486814895723225096
14868189
1486829935859847171
1486834125164195844
1486842764180348933
1486857934403375107
1486869404046569474
1486873485095936005
1486888685446606852
1486923905352744961
1486945806
1486962561044021249
1486991467667234816
1487032399498297344
1487034926503452672
1487039192005754880
1487065350495735816
1487086480455569415
1487093495018016769
1487095842276270081
1487136107389243395
1487139503169015813
1487153642377719809
1487160371051958273
14871999
1487202843102789635
14872237
1487228662164246529
1487230836
1487272465474949124
1487361298778279936
148738039
148738181
14873900
148739291
1487400157
1487402015303118851
1487439490478084096
1487443482
14874723
1487514273031110663
1487524111832150017
1487527438888226816
1487528332585488388
1487543084212580352
1487562654889787395
148762668
1487652724388868100
1487671826230747138
14877019
1487760683429253123
1487846678
1487855320114343942
1487856868701659141
1487858707501391874
1487896495126990848
1487913919024873472
1487926979613663242
14879434
14879537
14879800
1487981237411192834
1488007150886694915
1488035398513270786
14880421
1488160865631318016
1488210562492338180
1488215901711257609
14882374
148825532
1488273192682590210
148828676
1488288560042151936
1488305410146766848
14883106
1488355583023587330
1488365252396085251
1488382416116850688
1488416232269557761
1488418189927194624
148842694
1488444652491472896
1488479695012532226
1488531757917945863
14885540
1488576207285334021
1488605608580374530
1488622265168277506
1488649990226460675
1488670498016104448
1488676446482669572
1488685115953745920
1488733440493035521
1488793086398701568
1488795500237275141
1488806897440505860
1488816246669856772
1488822319
1488852839761956870
1488911985282584582
1488913117
1488962657407356932
1488968218035335168
1489016337217163264
1489074778774331396
1489173948990373888
1489230432793210886
1489264247708127240
1489273790056083459
1489310238855544837
1489312784978522115
1489336841585446912
14893847
1489410036568891393
1489527439994806273
1489568539329835013
1489693939531751424
1489697253631557632
1489699272996048899
1489714173038768149
1489749234505379840
1489784496123625474
1489802863480033285
148986395
1489942115173949440
1489953168133804035
1489982454316343299
148998247
1489992809033523201
1490037917359775744
1490081
1490158739684532224
1490239532654026757
1490319183636307975
1490398399799214083
1490408743703621642
1490443643479539717
1490456644236550148
14904817
1490519110333124609
1490598485577515008
1490602980244172802
149061174
1490665663387607042
1490730288808353796
1490744788836130817
1490745225907941377
1490748183596519424
1490756467745558532
1490779498731782144
1490799341484707842
1490805831667167232
1490827509461626881
1490830516261736457
1490843591404666886
1490852843573571584
1490916653885968384
1490921395680854017
1491000244133318656
1491004167825108992
1491023007715835904
149106359
1491088026549866498
1491100787442954248
1491143312
1491156203761713157
1491164784561213451
1491167329
1491172210999975936
1491201971671674884
1491208101755711489
1491209117469401091
1491254634610139137
1491260237667618817
1491286038068686848
1491291249269223425
1491305443850797058
1491314758116528133
1491342517115236354
1491395070997712903
14914005
1491410478794518531
1491411498312388622
1491433851746463748
1491445354121859072
1491457636587302915
1491492186856198144
1491524032797167616
1491578237289472001
1491622839656796161
14916494
1491687935842070532
1491734399091720192
1491739047110189058
1491739985761943560
1491754884525432836
1491828409881743365
1491832276358946819
1491834224420298754
1491862783155126275
1491867082694217733
1491868996064448516
1491889436
1491900226210308102
1491913132817760263
1491916550995066882
1491953515794612224
1491983291519586310
1491994652848779265
1491995859139108864
1492029516050403330
14920834
1492087273059676167
1492119212243898371
1492144908618313740
1492151258555244545
1492153481125322752
1492184279916462089
1492210452079783947
149228948
1492310449916096512
149231386
14923268
1492372263395479557
1492407997624107009
1492409023970172928
1492463608063741952
1492477876297670666
1492481032171528193
149254091
1492607824928845824
1492706478838661120
1492733675989000199
1492774092671307778
1492856715544612865
1492870616898228230
1492870751799713795
1492929323300442113
1492964835516162050
14930340
1493034040697528323
1493075621626671104
1493083083431632902
1493109860610629632
1493154931779452929
1493164178026205186
1493262499369693184
1493276019394068483
1493311802511433737
1493362838169178112
1493434273981878274
1493446515112964096
1493452128421138434
1493454978874486785
1493456388298735619
1493534801193803776
149355943
1493597471074832393
1493605141
1493645432244695041
14936606
149370826
1493710250750267393
1493733582409371659
1493733931589378053
1493774877198749699
1493847236979015681
1493854686
14938571
1493929423
1493951776156192768
1493964738
1493970931085099009
14939981
1494000061344268303
1494031510671966211
1494063962220302336
1494081689747955713
1494091917625380867
1494124036275666944
1494153920632999936
149426509
1494270305723891718
1494293434223538179
1494309443542167559
1494310861086752770
1494330053991100418
1494424708808335363
1494441425072709634
1494488399369187360
1494491251680456741
1494493362006544386
1494539744847486987
1494582293331349506
1494677604406001667
1494690731205738497
1494692177187848198
1494709647646904321
1494739578074198016
1494762164523270144
1494778047152922624
1494799425876672514
14948943
1494901766
1494917895251316742
1494918572761501697
14949375
1495033308669005824
1495153986554449925
1495163344717819906
1495223377635774465
1495225832758992901
1495284853197189120
14953020
1495377954045665283
1495386752823005187
1495415379174526977
1495427977181544448
1495442631547133965
1495460885015367680
1495472426033033222
1495488556566921217
1495503642182529025
149554492
1495589206923440128
1495597940374753282
1495647714901585920
1495653809317892099
1495694352999407616
1495707377139843076
14957147
14957745
1495781431393595406
1495794537796616194
1495806606872915979
1495808378399911937
1495989590058053634
1496060161257271298
1496062823008546819
1496075377
1496113245639389187
1496161188077621251
1496176064036425728
1496215996692058112
1496228926409953282
1496234033381994501
1496255389456691201
1496273448238256130
1496290533723017220
1496318898739810307
1496327597923483649
1496357446230495240
1496443860729409538
149647740
1496477540680192008
1496514401209253890
1496548716538441734
1496600607137935366
1496612745453740041
1496645834951299072
1496662262362226689
1496686212
14966990
1496721029258878976
1496737382
1496743773459599367
1496748764119580673
1496766992
1496776232708550656
1496797280661291011
1496813767765729284
1496814312
1496830511779651584
1496853384942571524
1496855619462041601
1496881274820210690
1496893638516920333
1496910408799686660
1496910937764372483
1496939038913277958
1496955544845885440
1496964421004009475
1496969408664662037
1496989477817839622
1496995994747166725
1497014667679760389
1497043448783941635
1497051931
1497053209512144901
1497065764083355659
1497106853809078283
1497122805695012865
1497122971
1497135774613004329
1497186692150738948
1497191156148490247
1497201754919866374
1497250541432447002
1497253771
1497262491436519436
1497280186936705026
1497281234971541504
1497290306961690626
14972905
1497292977504501760
1497295647980011523
1497295782764216320
1497303587260715014
1497305549200928778
14973140
1497321758344495253
14973375
1497340648973914121
1497415361766907911
1497415959375659016
1497428661833773056
1497429595716734977
1497454353090809860
1497474750259544068
1497497748320317442
1497548391370350597
1497552561435557893
1497554962481618946
1497559668360716290
1497575848765009931
1497605327512084481
1497626612862496779
1497628806848335872
1497630205623472135
1497643193965453313
1497652915107893249
14976542
1497656601259479047
1497712074260156416
1497714783646273537
14977851
1497787496
1497802943650750464
14978531
1497856600534822912
1497888607771799553
1497890039266779138
1497890129448509441
1497892051907747842
1497907485113524227
1497969541799886848
1497978691627933702
1498007127763427328
1498010599262990350
1498023966375620614
1498025690259763204
1498062270248665093
1498089530
1498108716771516418
1498205925496086528
1498226194097004548
1498230998206763010
1498280915293937670
1498291616230129667
1498346320393875462
1498378735543857161
1498424173844123653
1498439116106743810
1498441021117501440
1498442382349828098
1498468983753908225
1498533453381267457
1498613297121497091
14986396
1498641762876862464
1498652985831739397
1498653441840799748
1498692947172339715
1498694793114882049
1498716556938911745
1498738841129205776
1498743557607366659
1498800418243055618
1498854122165964801
14988627
1498907796779470850
1498921818
1498965648252321795
1499050706183110658
1499051066020622338
1499080800649859073
1499092059075977217
1499094040901525508
1499110666606727177
1499121738323476480
1499216402389114883
1499254216916754434
1499264951470497795
1499295169870319616
1499347614877483010
1499367147558285312
1499388756603936773
1499415035684216840
14994676
1499481707313045516
1499512379545165827
1499536865434554369
1499548606717886466
1499591874868244482
1499612510122655747
1499662083624943620
1499691433195982858
1499697317045227521
1499750344921919488
1499766071372484610
1499777287251660802
149978325
1499792513560891394
1499802388168798210
1499837471516942345
1499878033947336709
1499879628164505605
1499930330454802432
1499935817971683336
1499961703747969032
1499987488131227649
1499989686831366144
1500074109094580224
1500077370971090951
1500098000609284100
1500108068843044872
1500129462607925251
1500129642
1500135288479391744
1500167494098636802
1500178301436010498
1500209997464195075
1500258335500779530
1500278096594931713
1500281731219296259
15003599
1500441597552599041
1500467666347339781
1500542756497895428
1500560058920411141
1500561929185730560
1500581625771565056
1500639956737597442
150068591
1500805172846497793
1500808745550548993
1500833806676287493
1500862229381582855
1500901924140650496
1500914365847023620
1500922439810883591
15010480
15010777
1501103522540142593
1501136020292931586
1501154580930994181
1501165080620187652
1501179705260658702
1501186384194719750
15011950
1501308529855975424
1501319295065673731
1501347378833412099
150135224
1501409938437988355
1501427460180791297
1501471
1501565856274587653
1501582918753435652
1501589128701431810
1501613989121253376
1501631025553756164
150163942
1501664801340203010
1501672027660242945
1501705168630415361
1501708031322890242
1501750326977728512
1501773076576407552
1501789987074805760
15018594
1501862551239467011
15018908
1501909936938405891
1501924896963801090
1501942242050592773
1501955638812987394
1502013776782053380
1502033138557636618
1502059337698750469
1502063881732206637
15021381
15023001
1502311083687563267
1502349083981324288
1502374006250475525
1502374085166260230
1502391532573319172
1502612832
1502713579405033480
1502748807624286208
1502828664903245831
15028398
1502899128124203013
150297314
1503012808778207237
15031240
1503171794
1503225048345157633
1503299919758561281
1503332969452380164
1503348266389360641
1503385829108076544
1503439961156055042
1503491238359539713
1503501017064869889
1503579182
15035991
150360443
1503683470010331146
15037033
1503778879814582273
1503788744549158915
1503819748911501318
1503852728656834568
1504065037366968323
1504202114129530881
1504220935150206978
15042961
15043619
1504474773253881871
1504477119799181314
1504511292148756480
1504515041701289990
1504562284865241095
15045724
1504639248368271362
1504741430345932802
1504753133616091164
1504766204405501953
1504790101217640448
1504791470854840336
1504799484437741575
1504819980738703366
1504826267362742279
1504828805407408130
1504880034061901826
1504885922306957312
1504968144900734978
15050354
1505071081182625793
1505081759490215940
1505110020811554817
150522620
1505291245958148100
1505305954581192706
1505310090915729433
1505440531865821185
1505671030899060740
1505685117787852800
15058148
1505841578031652864
1505849366896017412
1505858587222020100
1505875224755068933
1505909044061642754
150592621
1505993402
1506280207115816973
1506316963168997383
1506319909801844745
1506462725987307524
1506473219066404867
1506600350194708482
150661180
15066760
1506685869318713350
1506689182139568129
1506712030237147146
1506854072074182659
1506930806601699333
1506936482505711617
1506969113075277832
15070269
1507033603418595337
1507088250862649353
150709009
15071201
1507132832145158154
1507161045093265416
1507235112
1507241108102860810
1507291441688891397
1507306453366890496
150732990
1507373086714253312
150750813
1507517168614793221
150757875
1507585496914010114
1507588393232117761
1507641671105851394
1507721236876513283
1507726748577775621
1507749503872516101
1507794200066207745
1507822204167335938
1507875400600649728
15078973
1507956861055602696
1507990572350418947
15079924
1508011295626326017
1508117953010880513
1508129972493459457
1508162948
1508174980760018944
1508177061478871042
15082180
1508288291720011780
1508377996717326337
1508454131622551553
15084853
15085192
1508560640524267521
1508584525
1508704561132974083
1508738674665660419
15087758
150881077
15090204
1509160813621575681
1509220917955682307
1509247256347688972
15092914
1509404392784601092
1509462730557689856
1509478717642399750
1509530559961214987
1509547490986827781
1509580778602053633
1509591396549894153
15096096
1509647641675763712
1509687421377593345
150979673
1509834104937881603
1509906578761265203
150993347
1509949845997600774
1510078812528148482
151026345
1510286825549864961
1510294363
1510470294
1510588868059357188
1510654326
1510703253843025922
15108012
1510867332192784384
1510929218
1510949568925556742
15109904
1510990921
1511016736778240005
15110581
151106990
1511073299064934407
151109196
1511116768412155907
1511126153024708613
151116120
1511279745497186304
1511317773309431808
1511321270692069376
1511409989369450499
1511515397589446656
151175266
1511758508680753155
1511836870006689807
1511862969533145089
151199438
15120022
151203125
1512077632040361984
1512099174539759618
1512133518
1512157460244611074
1512188421380485131
15122760
1512366384
1512372240
1512513524438007808
1512557049103757318
1512557317547606021
1512644840131026949
1512686037847646209
1512742746766905353
1512773363713945611
1512849025573134337
1512880522330050566
1512891524920582156
1512916746797129729
1512928803877654531
1512933756763623427
1513141364598398982
1513151301210759169
1513153453190692869
1513214906
1513232208672301068
1513234709316255752
15134240
15134277
1513464443023560709
1513486963600506886
1513520652212649988
15135752
1513584572025376768
1513611355651289095
1513623415
151376102
1513822440081670153
1513828290
1513841568268144649
151395664
1513999868418617347
1514004937050660871
1514058516
1514068152
151414976
1514232885787738116
1514261641478950912
151432737
1514328997949104129
151434202
15143770
1514637961727467520
15147301
15147397
1514970253448654851
1514971266
15149803
1515019751625732096
1515183044
1515295533774307331
15154811
15155074
1515572830221524995
15156430
151565039
1515688483
15157283
151575709
1515812534
1516080160704905220
1516102712
1516235004
1516523208681439232
1516531608
15165502
1516647138289065987
1516837585867395083
151684327
15168802
15168956
15169032
15169290
15169907
15170258
1517070646202621952
1517209714035208193
1517220444356624390
1517268835409092608
15174206
15176236
1517675488507883520
1517738413729886208
15177954
15179383
15179672
1517978101208264705
1518273906934571008
15182798
1518312515821871104
1518680891253477376
151879250
1519197692815192066
151930383
15193285
151936506
1519380400749035520
1519386886791438336
1519594794565177344
151963505
15196454
1519721637494595584
15197290
15200882
152036266
1520470585
15205798
15209862
15210087
15212700
1521711138
15218175
15220473
15224433
15225356
15225512
15227159
15227396
15228693
15229378
15231287
1523164609
15232635
15234407
15235784
152371938
152407861
15241751
1524223380
152435583
152449262
1524504522
15246996
1524755959
15250661
15252156
1525234429
152523855
1525446732
152570927
1525803348
1526141498
1526168665
15262593
15262741
1526578452
15268122
15268600
152696429
152697348
152703691
15271133
1527339204
15276345
1527649506
152772365
152778671
152784524
152785427
15280197
1528065350
15281391
152835605
15288769
15288851
15290233
152910883
152913389
1529151601
15292416
15292607
1529313612
1529440008
15296671
152969226
1529796991
15298147
15298371
153003921
1530077334
153008235
15301179
153029181
15304100
1530459984
153061547
15306386
153072191
15308281
15308478
1530892800
15309072
1531106070
15314736
153151272
1531652898
1531701506
1531816705
15322606
15324455
1532496056
15325184
1532591052
153287840
1532893705
15329930
1533017617
153304670
1533072746
15332486
15332636
1533298027
1533321866
1533648756
1533754224
15338256
15339488
15340496
15341368
1534406712
1534689247
1534719073
153514130
153515520
1535284770
153537041
1535505438
153569256
15357578
153580170
15358759
15358891
1535918870
15360434
1536103471
1536291613
15363133
15373642
1537566426
15377468
15378049
153802121
153810216
1538190978
153859106
15386145
153878329
1538960076
1539164634
1539186188
15393700
1539534350
1539978391
1539989670
1540072189
1540080062
1540230104
154030097
15405128
1541780334
15417818
1541840660
1541946980
1541973396
15420657
15422839
154243945
1542665564
154266844
15426758
15426911
15427096
1542953640
154311445
1543144483
15431762
15433982
1543415318
15435053
15436731
1543853833
15438913
1543975212
1544076942
15441022
15443718
1544687124
15447034
15447482
15448383
154485832
154497106
154499265
1545053600
15450996
1545576552
1545915336
15459559
15461532
1546164530
15464697
1546561830
15466988
1546756148
154686100
154709575
15471824
1547427566
1547796049
15481850
1548207565
15482084
1548253015
154829382
1548604710
15486485
1548756205
15487934
15487981
15488142
154884299
1549038332
1549181269
15492359
15495802
15496407
1549677836
1549734920
1549745244
154984224
155010988
1550273731
15503210
1550461
15506034
15508119
15508710
1550873048
15510386
1551269286
1551344664
1551547482
1551647395
15518965
1551965204
155202983
1552074888
1552107926
155221107
15523288
15523980
15524428
1552550426
1552654356
15529670
155304000
15530500
1553104580
15533724
1553632765
1553926891
155414097
15541679
155440328
155459137
155483848
155486415
15553222
1555336693
155535978
15554922
15555759
155571399
155585373
155629096
15565153
15565732
15565820
155659213
15566406
15566901
155674676
15567770
15569336
1556974507
1557026575
1557118664
15571961
15572044
155742261
155750505
15576928
15577108
15577224
15580686
1558122584
1558159622
15582230
15583134
15584149
15584187
1558758638
1558849884
15588657
155910113
155927976
15593696
15596500
1560309650
15603412
1561123663
156131309
15613830
1561448815
1561961594
1561975297
156242351
1562616068
1562697175
1562774204
1562957431
1563005659
1563149796
15632680
1563285230
1563543554
15635604
1563657522
1563832388
156385908
156393470
15640456
1564064058
156411211
1564565725
156464691
1564730946
1564890853
15649438
1565219120
15652540
15654722
156568938
15657682
1565787432
156585590
156623701
1566383408
15665499
15670107
15672615
156732976
156749135
15675210
15676578
156772328
15678388
15679311
1567948628
15679641
1567967160
156836120
1568361462
156864390
15687147
15687399
15687962
156881548
1568830872
156888577
1568935951
156912270
15691609
15692087
1569270146
156928721
1569393812
156948869
156962502
1569813770
1569843632
15698979
157077618
157084080
1570951418
15710120
1571020039
15711069
15713489
1571418661
1571428436
15715367
15718122
15719232
15719727
15721256
1572338310
157245009
1572636637
15727578
1573037484
15731165
157328318
1573440108
1573512366
1573545626
15737554
15738935
15739494
1574003011
15740776
157430398
157480267
15748209
157487202
157506702
15754281
157553424
1575586129
157568648
15757219
1575880320
15762708
15762931
15764283
1576463233
15769858
15770483
1577817522
1578037154
157806110
15780978
15781769
15782904
1578518737
157861165
1578916916
1579026553
15790927
157936627
1579422614
15794496
1579596458
1579759820
1579876027
1579977954
158011765
15805376
15806230
1580665164
15807759
15808218
15808647
15811717
158123632
15812461
1581292004
158136778
1581537260
1581548168
15815674
15818397
15820660
15821039
1582219573
15823881
1582421798
1582533673
1582622732
15827269
1582908241
15829120
15829574
1583079738
158308104
15832195
1583319019
15833373
1583527819
1583562445
158356803
1583738658
15837659
15838657
158414847
158416438
158458133
15846407
158466098
15849872
158498753
1585
158502985
15851563
15859756
15859912
15861779
1586183960
158628020
1586372220
15864446
15865717
1586736690
158688722
158693970
15872418
1587277334
1587283386
1587521689
158756905
1587579078
1587651654
158773106
15877389
1587923462
15884093
1588536277
158859075
158871917
158899570
1589156618
15895791
15896829
159011360
15903326
159034401
15905500
159057274
1590754944
15908429
159103207
1591133707
1591582614
1591882489
159203186
159204899
1592205739
15922073
15923351
1592431957
15929531
1593025910
1593224094
15932625
1593295976
159331446
15938984
1593908239
15939644
1594162892
159418155
159436272
15944663
1594646215
1594671817
159470618
15947878
15949042
159501860
159504553
1595562318
1595566334
1595692662
15958130
15964580
15966735
1596844262
1596861086
1596910164
15970567
1597060776
1597064766
1597067594
15970999
1597214580
159743606
15976268
15976697
159779273
15981216
159817611
15982882
1598574949
15986326
15988710
159901033
15991203
1599212660
1599375019
159986616
1600019058
1600195111
1600278877
16005117
160051596
16005450
1600884913
160092676
16011151
16012926
160132829
1601451361
16016427
160165298
1601667793
16016705
1601714292
16017596
16019070
16019108
16023128
16024323
1602535488
16026940
16027546
16028233
160295771
160304538
16033714
1603377312
16033952
160344554
160384314
16039828
1604105526
160412597
16042794
1604351990
16045268
1604931252
1604949372
160505539
16051471
16051763
160564879
1605683082
16060248
16060768
160637398
160662933
160664621
16067525
16067908
1606846226
1606908458
160708096
16071068
16071875
160722446
16075781
16076032
160763137
16079505
16080092
16081970
16082560
160827816
160850438
160856325
16088941
1609052456
16092649
16093222
160934445
16093478
1609833792
1610054502
1610084048
16106522
16106608
16107875
16109437
16110770
1611121412
16112476
161138216
161140425
16114276
16114429
161151263
16116519
1611765942
1611845016
16120265
16121046
16121482
16123492
16125790
161269013
161318053
161335306
16134235
16137494
16138340
161383633
16139649
161404797
16141692
161431805
16144366
16146445
16147188
16150440
16150457
16151835
16153506
161538017
161568195
1615844143
161595266
1615960123
16160267
1616346864
161634802
16163585
1616360412
16164315
161665079
1616753263
1617275450
16174459
1617676110
16176894
16177975
16178922
161791703
1617927480
161797179
16182706
1618360387
1618432957
161855898
1618615758
16186671
1618682941
16187815
16188231
16188864
1618906230
16189107
16189392
16191334
1619151054
16193528
1619487020
16195103
16195449
16198815
1620010466
16201775
16202671
162069635
1620704318
1620704767
1620776371
162099486
16210610
16211710
1621302493
16213139
162141264
16215262
162171805
16221481
162216577
16221884
16223565
162237835
16224319
16224459
16225592
16228337
1622864016
1623070339
16232920
16235428
16237734
162382820
1623840468
1623874705
16240725
16240917
16242432
16248319
16248357
162506870
16254381
1625493998
16256402
16258543
16259167
16259594
1626185118
16262391
162625974
162650265
16266037
16266252
162679440
1626797130
16269666
162703532
1627171752
1627270398
16273417
16275858
1627883594
1628100980
16281180
16282330
16284562
1628611345
16286419
16290017
162923387
1629278264
16293469
16293934
1629446317
1629507283
1629765614
16298876
163021688
1630324987
16306116
1630653938
16307201
16307887
163086710
16309025
163099660
1631136786
16311530
1631229793
16312576
16313140
16313592
163142314
16314859
1631509880
163162312
1631812358
16319594
1631997212
16320108
163239508
1632725552
163274390
16329558
16331010
16332223
16333361
1633579489
16336224
163362784
16336472
16337019
1633723646
1633984034
16340475
16341065
163412567
163423981
163444167
1634621035
16347506
1634769132
1635324764
163535738
163536552
163543819
163565583
163592066
1635965732
1636096532
16362151
1636285100
1636338612
16366137
1636764146
1636851571
16368708
1637005615
1637280864
1637407656
163748950
16375375
163753947
163760904
163767099
163770009
16377959
163802435
16380351
1638138360
163817624
1638292357
1638496700
1638665413
1638814237
16388786
1638925069
1639186040
163932564
16393781
16394668
1639605775
16396368
1639667780
1639763630
16398159
1639836846
1640024238
16400289
164024904
16403723
1640382823
16404141
1640492269
16406877
16407418
164081884
1640917519
1641028950
16411851
164184693
1641926725
164226176
16424783
164289197
16434589
16434613
164346362
16435735
164369297
164380330
16438494
1643887484
1643913042
1643998038
164416840
164445349
164451081
16450391
16451101
164512486
1645257230
16453387
164568247
16457400
16457925
1645806607
164593620
164618445
164620984
1646373277
16463862
1646512262
1646555828
16467567
1646859030
164706541
1647149990
1647334094
1647357476
164745544
16474781
164748756
16474986
1647619146
164773428
16477964
16478093
164790055
16479180
164818810
1648426548
1648649359
16489831
1649006690
1649006988
1649067530
1649128015
16491569
164921408
164932283
164951970
16504257
1650476935
1650611095
1650774138
1650834678
16508493
1650937776
16509444
16510657
16511394
1651208408
16513416
1651356026
1651513182
165155651
165179403
165189356
1652027480
16520394
165222552
165251246
16525194
16527096
165273433
165283545
1652937738
16530120
16531592
16531768
1653209479
165329952
165333341
16533820
16535694
1653677617
16539917
16541021
165415521
165464974
16547325
16547587
16548412
16548484
16549769
165502911
16552733
1655406026
16554719
1655569938
16557472
16557618
1655820770
16558796
16560657
16560801
16564164
165649497
16566439
16568194
16568227
16568530
16569971
16570697
16572212
1657283010
16573142
16573859
165740914
1657418479
165756515
1657701541
1657763839
165777186
165791468
165791875
16580226
16581604
165832868
16583558
16585201
16586417
165868850
165892061
1659015336
16590785
16591122
16591832
16592565
16593816
16596078
1659676272
16597587
165991872
1659983832
166071271
166073550
166111347
1661456132
166153652
166169810
1661833634
166192075
16620002
16620003
1662016292
1662047773
1662237936
166230862
16624174
1662486636
166252256
16626059
1662687974
1662861522
16630098
166308376
1663172653
16632670
166328555
166336662
1663413990
166361173
166364712
1663720388
16637382
166374616
1663761480
16638041
16640490
16642424
1664335448
16643805
16644176
166449651
1664511108
1664570648
16648218
166483725
1664913565
16649251
166496708
166513253
1665667134
16657699
166583739
166585385
1665916578
16659879
16661897
16662181
16662633
16663131
16664012
16664309
1666451468
16665375
16666617
166666764
166677844
16667912
16668042
1666939494
16670774
16670816
16671007
166733065
166746503
1667825144
1668237438
16685803
16686144
166868418
1668691658
16688083
166883389
16693331
166965351
1669796893
166988769
16699451
16699452
1669988136
16700555
167017165
1670174994
16703101
1670437968
1670574306
167066499
167087610
167087983
16708818
16708990
16709602
1670966238
1670994350
1671075210
1671124700
1671522216
167205001
1672131
16721621
167250626
16727749
1672847378
167291755
1673455573
16737566
1673886746
16740346
167419922
16742806
16744496
16745492
167455224
16745544
167476434
16753540
16753692
1675433401
1675784839
167610475
167611923
167611931
16762951
1676303954
167652161
167762477
16778485
167796251
1678101972
1678113308
1678403144
16785360
16785950
167880395
1678934198
16789644
167909022
16791215
167932594
16795212
167956683
16795757
16797699
1679878844
16799023
167999991
1680159727
1680565874
1680586063
16806754
16808453
16808601
1681096651
16815644
1681704248
16817883
168182044
1682086591
16822891
16824471
168259012
16828440
16828517
16831787
16832833
16833485
16834032
1683462198
1683541058
1683674011
1684338505
1684355180
168448254
168472674
168482098
168491473
168500049
16850792
168518554
16852687
16854142
168574531
1685807179
168625441
168626494
168627602
1686369542
168654728
16867043
168677715
168680885
168704104
168707357
16873455
1687460006
168776840
1687821626
16880274
168803715
1688307620
16887175
1688796138
16888012
1688853116
168886618
1688868080
168891447
16889227
16889439
168912732
168919083
16892009
16893491
16894445
168953522
16897082
168976061
168986575
16900850
16901117
169040397
16908437
16911264
16912124
16913418
16915173
16916445
169164525
1691844042
1691931384
1692060708
1692427820
16924832
169265464
16926572
16930125
16930204
16930378
169308593
16931273
16932797
1693288640
169330397
16939861
1694080130
16944571
169457182
16946002
1694677280
16952279
16952753
169530192
169558881
169564130
169567007
169572927
16957326
16957407
169579676
16958346
1696155554
16962208
1696225315
16962304
16965547
16966596
16967845
1696808184
16969230
16972715
1697358708
1697751708
169795589
169830270
169831602
169844049
169859810
169919661
169921754
169949875
169950090
1699667846
1699729616
170002466
17001533
17002749
1700393958
17004449
17006804
1700683182
17008630
17008726
17011177
170123141
170132632
17017636
1702429992
17025181
1702579824
17026589
17027323
170276973
17028405
17029640
1703107320
1703137813
17032646
1703633479
17039236
17041361
1704390240
17045060
17045133
17045260
170456392
17046577
1704660264
1705022282
17050431
17051356
17051641
1705202418
17057271
17059422
1706042856
170607354
1706174131
17061821
170624302
17063147
17065687
170678879
17068891
17069154
170699708
17070252
1707321486
1707421520
17076218
1707815582
17078914
17079233
17083387
17084194
1708562239
1708757401
17089636
170917201
170921358
17092592
17094610
170946378
170948789
1709547272
17097970
17101180
1710232142
171047669
171135362
171182922
171204118
1712114544
17122662
17124824
1712499481
17126619
17129384
1713118033
171314974
17131934
17133265
171360729
171372694
17137628
17138582
17138634
171429034
17143007
171462476
17149490
171528774
17154875
1715505246
17155437
17155861
17156064
1715654340
17159098
17159397
17161553
17164327
17164352
17164741
17167972
1716906608
17172028
17172108
1717246483
17176190
17177897
171802941
17180424
17180761
17182152
171888155
171898219
171934520
17194367
1719576482
17196940
17203386
1720434980
1720524678
1720541466
17205672
172065212
17208441
17210585
17214479
172153520
1721619236
1721738612
172183649
17219543
172200131
1722058249
17220934
17227307
1722806024
17228366
172285969
172292166
17229513
17230082
17233386
17234816
17236048
17238432
172384436
17238525
17238730
1723890086
172390085
172399876
17242880
17248121
1724921312
172496404
1725292759
1725369044
172546904
1725551528
17257857
1726074810
1726120844
172624126
17263813
17264476
17265432
17266721
1726689301
1726702610
17267769
17268437
1726851332
172699095
1727703667
17277252
17279970
17282663
172826931
1728541579
172858784
172871793
172887151
17290000
172904695
17292143
1729333160
17294950
1729630836
1729651844
17297668
1729851181
17298532
1729978615
17301429
17307429
17311077
173111131
17312690
1731349807
17316482
173226372
17325090
173276307
17329603
1733102622
1733163336
1733367122
17333962
17335257
173355374
173386208
17341358
173415920
17341768
173421761
17344776
173454905
173495929
1735075950
173520767
173530099
173536709
1735492436
17357272
173596696
173601292
17362337
1736292218
173629507
173660091
17367642
17373012
17374166
17375057
1737647886
17378581
17379685
1738015658
173813711
17383073
17384099
17387718
1738880299
17389811
17392332
17394793
173975019
173992740
17400044
17404863
174054551
17406632
174083824
17409400
174097278
174104744
17410863
17411264
174127912
17413460
17414120
17414908
174151902
174151920
1741856767
17425181
17426169
17426380
1742642538
17426564
174386344
174396155
174435189
17446470
174482187
17449066
174492304
17451841
174543995
174552094
174557918
17457243
174593833
1746193800
17462723
174628272
17463652
17463660
1746803538
17468528
17469142
17470359
1747073084
17471979
174773888
17477775
17484733
174871372
174878122
17487933
174887592
17489914
17490272
174916445
17491992
17492002
17495532
17497090
17503820
175068984
175076738
17509312
175098387
17509945
175153534
175155659
175161549
175222900
17523140
175264457
17528931
175295959
17529790
17532166
17536922
175395458
17540376
175414247
175419845
175420754
175424419
175430043
175433711
175471838
175474609
175497490
17550469
17551508
175563795
175628256
17564887
17568019
17569478
17569593
17573212
17576181
175764026
17578329
17581393
17581415
17582486
175850143
17586739
17587358
17588860
175940138
17595053
17600254
17602348
17602896
17605331
17605364
176056911
17607377
176119964
17612371
17616232
17617472
176193282
17620064
17622662
17624477
176293676
176300862
17631262
17632266
176352444
176372472
17642330
17642747
176541271
176555816
17659206
17659982
17660728
17662250
17662844
17666727
17667580
17669972
17670427
176717262
176734042
176734707
17673635
17676510
17680518
176820940
176822446
176842974
17684387
17686245
17687028
17688491
176888549
17689143
176892371
176904849
17692553
17693941
17694125
1769646126
17698525
17702173
17706519
17709531
17712324
177132152
17713899
177160684
17718648
17718867
177212603
17724276
17728689
177321146
17735019
177361956
177391815
177418695
177455669
17749086
17754573
177564016
17758367
17762466
177643626
17764377
177673457
17768307
177688732
17776168
177783712
17781165
17781442
177823537
177838242
177886974
17789578
17792787
17799205
17800181
178008167
17801618
178046613
17804792
178055377
17808151
17808184
178084735
17810974
17813513
17816762
17818771
178193641
17820022
17822771
17823761
17826187
17826208
1783036717
17830607
17833574
17837184
17837506
178391225
17839988
17841678
178430677
178460962
17847906
17848310
17848544
178494883
178525354
17860088
178637939
17865252
178674029
178679139
17870319
17870903
17871088
1787111144
17879971
17881345
17881732
17887465
178886596
17888709
17888787
17892208
17893273
17897698
17899712
179000472
17903397
179049641
17906632
179071092
17912194
17919212
179210769
179289287
17929186
17929685
179296922
179297823
17929934
179313631
179317230
179346830
17936366
17937017
179382103
17939958
179402986
179407717
17944086
179441321
17944671
179449138
179521723
179522090
17954631
17957621
179588204
17965843
17967279
17967440
17967675
179729745
179825056
17985697
17989166
17990493
179912428
17991281
17991744
1799199679
179931221
17994112
17998609
180032672
18004144
18005085
18005208
18006193
180094762
18010231
18013981
18014546
18017198
180180104
18018355
18020652
18022037
18024246
180258856
18027237
18027276
180275809
180278498
18028893
180289847
18030739
180311971
180326389
180329542
18033062
180354816
18036515
180380465
18042413
18046050
18047319
180494856
180535644
180544981
180554384
18055543
18056089
180575687
18058385
18061748
18063173
18066440
18067349
18068926
18070110
18071358
180715641
18072740
18073623
180748385
18075604
180777079
180779476
18081940
180884045
18089606
18089975
18091004
180961172
180962804
18098220
180999289
181008607
18101218
18101532
18104452
181069068
18107313
18112954
181139171
18114982
18121833
18122583
181250342
181256890
181280675
18129263
18131339
18131961
181342617
1813434864
18139461
181434235
18143861
18144581
181461665
181492487
18149465
18149569
181514782
18156537
18160349
18165715
18165957
18166600
18166778
18170513
181717215
181719808
181722597
18173537
18173624
181750109
181769935
1819144267
18194366
18199102
18200621
182019463
18202632
182040768
18206318
18207725
182093878
18210554
18210579
18214861
18215734
182164838
18217574
18219480
18219671
18220067
182238174
18228178
18229081
182296623
18229950
18230352
18231308
182363468
18244354
18244358
18246308
182474563
18247933
182491553
18249263
182497912
18250321
182662505
182663887
18266688
18267548
18270066
18271244
18274204
18274250
182794170
18281132
182813098
182831320
182839127
182873904
18290737
1829242159
18293948
182985036
18301197
18302204
183028756
18309553
18309758
18310758
183114610
18311642
1831343041
183155058
183225768
18323260
18324615
1832502638
18327000
183273617
183334236
18336143
18336787
18337654
1833919200
1834344878
183469418
18351416
183526052
183559852
183575642
18360788
1836415555
18366690
18367221
18367743
183767243
183775163
18377624
18378475
1838597966
18386576
183891718
183912188
18397532
184020744
18405412
18408045
184104745
184106499
184132196
184138513
1842009828
1842010946
184208505
184244929
184258076
18426460
184282465
18435258
18438905
184409207
184439365
1844402670
18448883
18450858
184516155
18455703
18456013
18458934
184611956
18461401
184630259
18471312
18472984
184754218
18479513
184805048
18480977
18481113
18481429
18487710
18488140
1848868429
184893367
1849181978
18491917
18492338
1849323198
18493702
18493809
1849478558
1849534285
18495916
18495990
184970791
1849889239
185023733
18502842
1850705408
18510860
18511402
1851232568
18514834
185166944
1851782863
18518564
1851948462
1852267303
18523062
1852338330
1852419577
185257296
18526468
185284413
18534889
18536738
18538268
1853931150
18541444
1854406615
1854647510
1854812412
1854821107
18549724
1854986316
18550687
185529419
1855421197
185550008
18557681
1855999880
18561243
185623131
1856414335
18564889
1856588299
18565896
18565968
18567018
1857354134
185738688
18575889
185765234
18576537
1857870864
185789804
185790986
185809250
18580938
18581009
18583422
185836472
18584210
18584875
185852300
185865327
18587457
1858780626
1859566374
18595994
1859645197
185969806
18600247
186009251
186010858
18602971
1860342871
18604111
18606767
18607674
1861224852
1861920012
1861998403
18620933
18621090
18621945
186222238
1862337164
18625736
18625807
1862589097
18628853
186312406
1863528666
18638090
18641106
1864191372
186508927
18651025
18653631
186538276
18656339
18660448
186633933
18664686
18664980
18671067
18671559
1867596428
1867693626
1868151866
1868553846
1868571446
18688904
1869294577
186933748
18696568
1869660542
18696996
18701037
18703490
187043060
18708038
1870819063
18708717
1870965888
18710307
18712826
18720978
18721353
187216989
18726043
187261427
18727283
187286731
18729127
187303453
18730816
187308752
1873222154
18732991
18734310
187368012
18739808
18741652
18742360
187428457
1874380538
1874398320
18745488
187461322
1874840533
187484198
18749677
1875182090
187518287
18752231
18752652
18754412
187572034
18758061
1875854796
18760393
1876175636
187657792
18765967
18766296
187665071
18766852
18768225
18768587
18770555
18773470
187743979
18774566
18781212
187836067
187879693
18788038
18789495
18792633
18798484
187993109
187997748
1880063060
18800684
18805177
18805708
1880725393
1880757913
18807671
188078432
18809354
18812728
18812741
188127808
18813484
188136549
18815507
18820735
188233493
188236063
18825344
1882534884
188263808
1882639494
188276023
18827700
1882871270
188289863
18833163
1883340332
188354073
188359178
18839785
188413838
188418475
188436103
188449441
18845869
188485210
188495946
1885020468
188522095
1885280934
18853235
18853942
188552293
1885596728
18856320
188615950
1886333310
18863815
1886403931
1886540533
1886556637
1886695302
1886716236
1887033728
18873273
1887528152
1887559158
1887655076
1887697723
188788933
18879089
1888044565
18881147
18882803
188838138
188843955
188847758
1888854193
188896735
188899047
188901105
188913770
1889685902
18898009
188994965
189009515
18901882
1890194282
189037904
189041644
1890450582
189045199
18904582
18906845
189072881
189082605
189087349
18910068
189105251
18911295
1891335392
189175041
18917699
189211212
18921618
18924366
18925187
189262626
1892908381
18930220
189307961
1893127963
1893140701
189315742
189340096
18936303
18938912
189390777
1894167416
18946182
18946954
18949610
1895019655
1895055882
1895216569
18952476
1895427163
18956073
189565107
18957524
189631331
189658688
1896711937
1897994876
18980055
18981547
1898182633
18982486
18983793
18988524
18993076
18997105
1899984391
1900308176
19003121
190060573
1900708207
190091133
19010062
19010065
19011260
19012157
19013887
190145782
19017466
19017675
19019298
1902403578
190242011
190263803
190279967
19030484
1903105045
190322628
1903437468
190377885
19038768
19038934
19040572
19040573
19041310
190423808
19043900
1904467544
190450243
19046875
1904776579
190505167
1905220004
19053099
1905463046
1905645468
19057200
1905728366
19058678
190587696
19059014
190592624
19059966
190609839
19061684
1906282568
19062853
19063323
19064312
19064638
19066475
1906995182
1907148128
19073628
190738551
1907559715
19076503
19081001
1908235441
190827831
1908482892
19085435
1908675444
1908921931
1909087813
19091173
1909344061
1909427592
190972530
191007877
19101312
1910297497
19103793
1910582641
191086978
19110210
191110867
191130837
19113797
19114079
19116778
1911937320
191194414
191225092
19123045
191250596
19127382
19128934
191310362
191323454
1913514025
19137216
1913804996
191389732
19139341
191393940
191461705
19146859
191470661
191478785
1914854370
19150368
191520216
1915544606
191557624
19157396
19158571
191587334
19159076
19160457
191612978
19161833
191622450
191654681
19165893
19168328
19168381
19169664
191701613
191721302
1917214832
191735009
19175102
1917681157
19177501
19177612
191797566
19180118
191849753
1918625720
191862712
19186976
1918783458
19188399
191915993
191938106
19196632
191967620
191973725
1919994211
19200902
19201304
192026945
19203429
1920415482
19204267
1920465331
19205570
1920588242
1920749300
1921157221
192125320
19216594
19219760
192216647
192233819
19227844
192281072
19230279
19230643
1923178369
192318065
1923202668
1923590408
19236190
192385043
19238527
1923959160
19240337
1924043330
19242281
1924377709
1924686254
192475841
192475948
192477353
192501292
19251173
1925349829
1925426384
1925479776
19258235
1925903846
192603877
1926075181
192609878
192614779
1926360631
19264394
192656464
19267585
192683146
1927137312
1927213699
19273442
19274006
19274342
192766934
1927834592
1927933232
192819816
19283539
192842634
192848518
19284888
19286190
1928654744
19287037
192882720
192892778
19289340
19290985
19292009
1929338192
19294991
19296707
1929717391
192976217
19298135
19299909
19300475
193042922
193045008
193057439
1930615940
193072510
19308150
193090142
193110066
193121884
193127153
19312820
19314850
1931810694
1931982908
1932410274
1932851702
1933077001
19332851
19335747
19336735
19336900
19339778
193398998
19341389
19343211
19346439
19346727
19347521
19347791
1934931386
19356914
1935891679
19362030
19362299
19363044
19365210
193653814
19368770
1936999562
193725962
1937329753
19374709
193767233
19377148
193771633
19377913
19378724
193802516
19383279
1938551161
1939613060
19396413
19397113
19397785
19400611
19401084
194015084
19402238
19402836
19405988
194068377
19409996
19410955
194112333
19417241
19418497
19418649
1942247293
19424173
19426729
19427945
194281489
19429176
194293394
19429847
194323361
194334616
194351775
194353470
19437541
19441006
19443658
19444754
1944480253
1944495786
194516946
1945212828
19452549
194526177
19456169
194617157
194726509
19472876
1947665678
19477159
19477500
19479965
1948070203
1948081981
19481808
19485870
19485876
194867471
19489067
1949069994
1949384245
19496356
1949760026
194980434
19498501
194988081
195087945
19511642
1951324189
1951439791
1951723753
19517815
19519479
19519704
1951976546
195213426
195271137
19527910
195280467
1952855342
19529058
195299434
19530289
19530751
1953217999
19534496
19534637
1953522745
19536280
19539716
19540529
195409453
19543936
19544520
19546277
19546697
195507930
1955164250
19555200
1955540954
1955655506
195566573
19558732
1956288235
195633065
19564719
1957260277
19573672
19574611
195778768
1957920626
19580890
19582083
1958247180
1958357221
19584082
19584706
19585213
19586663
195870194
195899568
19592559
19593109
1959378614
1959423722
195954392
195956735
195958342
195959124
19595938
19596228
1959892363
196023358
19605053
19606163
19606528
19607400
19608199
1960893583
1960925694
1961043109
19610790
196117813
19611807
1961267204
196127240
1961419291
196155084
19619045
19619048
196191706
19619541
19620330
1962097316
19621666
1962235795
19624836
19625021
1962535465
1962578610
1962614738
196267891
196279268
19627998
19632886
19633066
1963312058
1963627262
19636948
19637934
1963887212
196401315
1964335494
196477177
19649011
19649135
19651284
19651850
19653548
196553866
19657736
1965789870
1965952176
19660232
19660388
196607868
19664006
19664367
196650281
196668977
19667628
19668610
19669369
1967241565
196724330
196732333
1967663780
1967815650
19678937
19679189
1967930310
196798263
1968112214
196849046
196855996
1968712243
19688275
1968942204
1969069184
1969417339
196962091
1969703077
19697415
19699233
19700387
1970121924
19701496
19701628
197017993
19706450
19706851
197085119
19709386
197139260
19715037
19719076
19720019
19720110
1972018172
19725644
19725929
197284736
19733898
1973458286
19735580
197360155
19738046
197381697
19742197
19743540
197445110
1974687614
197470016
197488311
19749940
19750789
197554405
197573385
19758072
19760270
19762342
19762365
197626071
1976762172
1976863550
19768764
197742721
19775245
1977688735
19785310
1978689626
19787029
197877527
197880158
1978859582
197901148
19791240
19793134
197934342
19800430
19800461
1980171
198020721
19802110
19802422
19802879
198110844
19813188
19814949
19816859
19816887
19817400
19822196
19822406
19822532
198236459
198254905
198274944
19827776
198279691
198305672
19834221
19834403
19837128
19842272
198494684
198518686
198532943
19853312
198547538
198573171
198598902
19865619
19869102
19869623
198746638
19876612
198790793
198848442
19885093
19886297
198867393
19887674
198935917
198978324
199025562
19903199
19905459
19908607
19909621
19913091
19915728
19916197
19918839
19920585
19921113
19922496
199240232
19929890
199305480
199353514
199399909
19943886
19946588
19952473
19956739
19957124
19957392
19958283
199590266
19964034
19966905
19969332
19971109
19973162
19976630
199773214
19978041
19980499
19980678
199817820
19982434
199836721
199845364
19986558
19987326
19998097
20009703
20015787
200163561
200165214
200212537
200260729
20028790
200302256
200324361
20039148
20046754
20051749
20056685
20057559
20059181
20059820
200622458
20063121
20069434
20070526
20071908
20073041
20078518
200822696
200859598
20088988
20090724
20092071
20092562
200945541
20095371
200980447
20100423
20103694
20106852
20115368
20118552
20118846
201237617
201308621
20130898
20130908
20132840
20138772
20139563
20139753
201427111
201428338
20142835
20144360
20146800
201468947
201482485
20151141
20152432
201524587
201539830
20155554
20156605
201570773
20158526
20160129
201609289
20165036
20167623
20167975
20172153
201725478
20172983
201761401
20176196
20177942
20179628
201806277
201810272
201826636
20183187
20183596
20184619
20185125
201861100
201868860
20189158
20196258
201973983
20197768
201980592
20199202
20204491
202057016
20205952
202086424
202102332
202166081
20217677
20218350
202216517
202250575
20227038
202276242
202287539
20229511
202313343
202322417
202344231
20236053
202361263
202391152
202415747
202416362
202429604
20243048
20243745
202484055
20249556
20251379
20255162
202610289
202615056
20262783
20263424
20264905
20266489
202695643
202740010
202773540
20280348
202819393
202842537
202853969
20285726
202937514
202969343
20298517
20299148
20303892
20304668
203060129
203061590
20307889
20308537
20311995
203132018
203157936
203226820
20323217
20329980
20332938
203343685
20336210
203461348
20347310
20348018
203497562
203509091
20352984
20356313
20357508
20360717
20362041
20368293
203816712
203835977
20384105
20384872
203903368
20391829
203942024
20403317
20405787
204061525
20411999
20419776
20424235
20426666
20427223
20428303
20429918
204307764
20431187
20433071
20433959
20435144
20435863
20439263
204424325
20443232
204451594
20446073
20449691
20449751
204539543
20457080
204598799
204620133
20462249
20462827
20463418
20466483
204688792
20472393
20474567
204748499
204789915
20480421
20481697
20481864
20482127
204832963
20484444
204844864
20485206
204858271
204870137
204881628
20489579
20490484
204935045
20494141
204943577
204965323
20496975
20502166
20504043
20504614
20516119
20517132
20517159
20518298
20518767
205188955
205195655
205203605
20521811
20521987
20522531
205241095
20527851
205289858
20531745
205348909
20534930
20535295
205357474
20539154
205414319
20542753
20544901
20545793
205543714
20555838
205689913
205694126
205706223
20570871
20576185
205770556
20578408
20579499
20582214
20583561
20583717
20583993
205863184
20593641
205959901
20596231
205965649
20598137
205990335
20600002
20600204
206040832
20604674
20606428
20606467
206065395
20609133
20609567
206134015
20616741
20620737
20623525
206262727
206264653
206298042
20629893
20630040
20631590
20633239
206340892
206348979
206357288
20637007
20639694
20641012
206413533
20641934
20645106
20646301
20649436
206673987
20668126
206717989
206746746
20674895
20677726
206781271
20678866
20681976
206825651
206830178
20685343
20687096
20687723
20688991
206911231
20691578
20691584
206915892
20692039
20692386
20701767
20710218
20710809
20711586
20714308
207166307
20718696
207223731
207254215
20726601
20731304
207323988
20735962
20736240
20736511
20739133
20742461
20743737
207441433
207444530
207471475
20748873
207507805
20751449
20754491
207589835
207612347
207617689
20762509
20763907
20768945
207690854
207697553
20769773
207739658
20775032
20775310
20776511
20777388
20778886
20781381
20781527
20783
207857928
20787511
207919277
207923746
20793816
207950470
20799280
20800403
20811071
20813209
20813532
20814461
208147891
20815049
20817964
20818272
20820150
20820247
208231038
20823773
208253508
20830468
20834194
20838160
208464565
20846921
20852736
20857273
20857533
20859275
20866038
208673042
20867568
208692042
20872289
208728363
20873135
208764993
20876638
20882981
208832009
20889847
20899162
209027043
209057872
209088798
20913794
209239434
20930983
20932889
20933985
209341706
209351491
20937744
209396881
20941778
209420680
20954885
20956102
20961822
209654073
20967456
209716158
20974456
209747787
20976673
20976984
209840234
209851082
20986497
20990747
20992322
209967385
20998647
209992439
21001534
21001599
21005767
210136605
21015322
21021326
210220381
210236794
21025855
21028592
210314172
21037096
21038211
21042605
210427918
210438652
21046076
21052582
210561720
21061567
210702383
210742477
21075351
210766152
21082756
210833051
210880970
210883893
21095299
21100803
21100918
21111896
211159728
21117305
21117616
21118184
211182148
21118771
211263268
211279403
21131149
21135522
211371719
21141103
21141269
21142500
21144647
211451205
211465879
21146733
21150492
211513888
21153350
211547099
211550439
211582387
211603951
211658442
211687612
21175487
211778502
211780767
211862760
211873345
211880211
21188977
21189465
211899262
211902633
21202851
212071519
21208560
212091539
21215254
212163638
21217034
21217251
21221064
212229592
212241934
212283379
212304085
212362034
212448103
21246105
21248379
212484497
21254237
21256043
21256665
21258217
212607286
212615028
21261686
21263260
21263333
212645955
21265120
21268897
21271656
21273411
2127651
212789550
212819999
21283237
212866641
212878119
212886713
21291148
21293341
21293964
21294094
21297634
21303235
213039610
213068431
21308157
21308602
21309608
213132098
21313357
21313855
21319494
21320113
213260261
21326076
21331804
21333396
21335528
21336038
213421735
213427481
213430923
21344549
21346384
213478296
21348880
21358532
213633880
21366823
21368094
21369612
213710524
213730959
213734848
213783265
213801168
213830719
21387044
21388284
213903671
21391492
21394379
21395091
213954642
213972043
21401466
21405070
21406008
21407616
214076711
21407780
214120999
21413469
21415878
214175859
214184473
21419504
214196112
21420314
214210333
21423087
21431729
214324844
21434408
21435194
21436663
21438665
21442298
21443029
21444680
21445961
21446410
21447363
214478481
214502417
21452206
214537859
214544073
214544184
21456548
21463094
214650466
21467224
214684028
2147604445
2147736774
21479907
2148018982
21480744
21480897
214842351
214868647
21487709
2148914147
2149038769
21490843
21493863
2149496034
21495286
2149973089
2150063662
2150172823
2150187052
215060612
2150659849
2150660624
21507276
21512337
21512972
21513572
21513653
2151416029
2151552469
2151575189
2151616233
2151852128
21519725
21522163
21522338
21525682
21527013
21528045
215292073
215309395
215316774
21534450
21536408
215367878
2153759006
2153870472
2154127088
21542641
2154461958
215491766
2155045680
2155207283
215522693
2155248452
2155351429
21554105
2155491151
215562059
2155826360
215603841
2156085190
21562536
215632349
2156417494
21565678
2156707217
2156874201
215705740
21572351
2157475393
21575717
21575905
21576787
215779898
215792952
21580701
215807701
215809208
2158822151
21589160
215892758
215899949
21593761
2160080176
2160088857
21601116
216019134
2160321448
2160368191
216059143
2160631646
21607593
21608078
216083793
2161036068
21611898
216120171
21612122
2161351860
21613996
216144339
2161616220
2161691749
2161806193
21618216
216189969
2162070404
21621886
2162505696
216251241
21625642
21626287
2162943410
216299334
2162998004
21631041
21631728
21632252
21634271
216346234
2163723997
216401306
21641427
216444984
216447259
216449462
216449581
216466431
21648449
2164861759
216505381
2165292985
2165318742
2165684804
216580804
21658595
21660529
21663311
2166444230
21664594
21666641
21670469
216719083
216787361
21679573
216828000
2168827300
21688320
2168907902
2168914746
21691233
216914727
2169188809
21692297
21693961
21695263
216972190
2169791295
216989103
2169944403
21700934
21701757
21702621
2170388323
21704792
21705181
21707139
217081782
217105034
21711199
21713758
2171487918
2171556672
217183011
217186696
2171907357
21720477
2172121582
21723
21729540
2173030009
2173135652
2173156765
2173703893
217388808
21740501
2174091582
217426144
21744554
2174625848
217462908
217477505
2174788513
2174880360
21749093
217510835
2175181496
217523627
217523838
2175281919
217543151
217546128
217551855
2175773770
217596280
217600910
2176145596
21762059
21762776
217652247
21765244
21765319
2176703852
21767570
21768379
2176915064
2176986570
217708411
217724580
21773704
2177566511
217804456
217808673
21781349
217821689
217834708
217844980
2178638689
21786618
2178716770
2178744220
2178746659
217896951
21792170
2179224523
21792950
2179399914
2179666256
2179755880
21799020
217993047
21799699
218028139
2180306425
21807112
21808733
21811809
2181244875
218138232
21814628
2181473894
21815583
218157711
21817095
2182371727
2182482565
21826347
2182653900
21828731
2182994245
218304060
2183149964
2183185358
2183291336
2183324745
218336000
2183385501
218348479
21837858
21837939
218389254
21841872
2184426539
21844854
21848968
218491913
2184947852
218518935
2185255711
2185620282
21856304
2185671384
21857067
21857173
2186073999
218619829
218653062
218674455
21868093
2186918179
2186937486
218700551
2187326844
2187350806
2187489314
2187529165
21879650
218802593
218804015
218805329
218810394
21881774
21882336
2188272704
2188289810
2188299780
21883063
218832200
21883255
21885415
21887372
218886900
218891122
21889693
2189056412
2189470072
21894812
2189485186
2189523500
2189742522
21897722
21899321
2189946036
219010411
219042977
2190478027
2190495912
2190601830
21906715
2190674269
219070649
219072413
21907448
21907792
2190845846
219099558
2191251702
2191509952
21917756
21918310
2191956623
219233325
2192403162
21924899
2192533106
219266194
21930807
2193102151
219340283
2193454440
219345607
21935703
219360404
219384486
21938769
21940177
2194069285
219418616
2194205701
2194228272
2194338684
21943492
21943871
2194543537
21946201
21947445
2194782380
21947859
2194908528
21953248
2195475698
219586638
21959034
219596216
2196023400
2196199453
2196203149
21962767
2196461576
219652469
21967062
2197000904
2197032091
219716457
2197229509
2197383323
21979877
21982341
21982720
2198432253
2198499445
2198501142
219855077
219868736
219889790
219890536
2198976906
2199058643
21992599
21995237
2199541
22000269
2200136047
2200188788
22003080
2200515642
22005295
2200990542
22010261
220108741
2201122135
220124175
2201348486
2201442792
2201533111
22015558
220162907
2201769900
22019881
2202063265
2202201200
22024535
22025046
22027975
22029055
22029148
220297690
22031128
22032260
220323396
2203417152
220349357
22035674
2203640425
2203657839
2203716854
2204024000
22042454
220426702
2204281368
220437183
2204373890
22044727
22046686
220490262
2204949505
2205208100
22053725
220543970
22055226
22056452
2205925808
22061225
2206462016
2206520060
2206628487
22067976
220706575
220709640
2207389554
2207494688
2207527682
22080510
22080646
22081607
220817062
22081826
2208199410
2208263538
2208436705
22085981
220883243
2208991063
2209017889
2209030522
22090591
22091042
2209106522
2209118724
22092333
220933890
2209508353
2209590955
2209667618
2209742392
2209884625
2210001836
2210048964
2210100216
2210251178
221033385
2210382735
221041703
221053843
221104268
2211312806
221138519
22114231
221146505
221150404
221161723
2212096597
221215859
2212221144
221242130
22124355
2212661544
22127274
22127398
2212772029
221294741
22130138
22130293
2213083872
2213205232
221322848
2213267923
22133083
22134976
221355888
2213693318
22138115
221392767
22139417
221395050
22140392
2214142009
22142339
221442419
2214447931
22146175
22146233
2214863034
221502929
2215288760
2215318627
22154680
2215504453
221558795
221580114
2215842624
2216078965
2216079684
221615955
22166017
22168349
221686284
2217403956
2217445741
2217513355
221752414
2217533588
2217753152
221775604
22178135
22178384
221792047
2218000892
2218172954
2218239047
2218281115
221830799
221858588
22187085
22187119
221875598
221890423
2218943821
22191328
22192337
22194235
22195891
22196150
221973044
2219819197
2219897472
221991880
22201735
2220319244
22204234
222065761
22207520
2220802110
222092629
22211969
22213290
2221397359
22215181
222185665
222229774
2222616552
222293739
222325565
22233657
2223489614
222413139
222413233
222436278
2224600112
22246016
2224624532
222466484
2225105767
222518495
2225298522
222535211
22255244
22255401
22255728
2225572939
2225633047
22258367
2226114267
22263153
2226330907
22264864
22266871
2226879816
2226919858
2227381410
2227429824
222743662
22274811
2227494764
2227569486
22275767
2227669981
2227680650
22277113
2228037319
22283190
222843832
222848170
2228641753
22288209
222890854
222902415
22290536
2229123357
222939828
2229435354
222961133
222987791
22303062
22304578
2230752944
22310399
22315925
2231905548
2231924653
2232082086
2232108762
2232352123
22324383
2232607099
223264842
2232831864
223304261
2233296888
2233296946
223331992
2233347469
2233495160
223354901
2233565223
223402407
223416400
22342880
223445061
22344763
223459859
2234760798
22349472
2234971508
2234989245
22353309
223537052
22354211
22355311
22358912
223592041
2236078315
223612990
2236175028
22362552
223633364
22363802
2236412437
223653999
2236700758
22369602
2237056346
22370638
223724241
2237308658
22373441
22375460
223782598
22380042
2238084336
223811885
22382462
2238344179
223841564
2238496496
2238568044
22386212
2238937657
22390494
22391005
2239529263
223961127
2239626800
2239817418
223981829
22399187
223999302
224011051
2240182423
22402570
224034741
2240528131
22405882
224066265
224091998
2241253670
2241347215
224135257
2241797785
224189460
2242180784
224233034
2242530744
22425840
2242689264
2242786278
2242940071
2243152405
224333383
22434517
224351791
224366663
22438200
224386959
224396909
2244547699
2244673342
224467405
2244739986
224495471
224512449
22454107
22456205
2245925911
2245946990
224600898
22460658
224623891
224657803
22466396
224707791
22471255
224763743
22476860
22477326
2247763694
224785430
2248020229
224812744
22481472
224825865
224875664
224878957
2248919634
2248924302
22490014
22490294
224936251
2249390160
22495024
22497729
2249903454
2249938118
2250080335
2250106428
22501143
225012752
22502626
2250495385
225072594
2250737179
2250799818
22508011
22508473
225096034
2250998340
2251032547
225114445
22511935
22514438
2251453609
22515376
22516489
22520698
2252072101
225208152
225225182
2252299098
2252347992
22523896
225241227
225245165
22524908
225251391
2252565373
2252586816
2252642910
2252654251
225265639
2252714916
22527970
22533029
22535172
2253544608
2253696234
2253737088
22538531
22538934
2254185433
2254251013
2254956660
225553867
2256151754
225626307
22562961
2256575739
2256642189
225762906
2257813802
2257825398
22579574
2258123916
225901671
22593725
225939990
22595262
22596600
2259718631
225982309
2259984792
22603577
226037111
22607317
2260754876
226087776
226150204
22616336
22618714
22622732
226244906
22628827
22628924
226314475
226319809
2263235551
226343795
2263438704
2263560432
2263711006
2263724435
22639627
2264100114
22642626
22643035
2264401871
226440623
22645521
2264831724
226485351
226490319
226509815
2265139772
226527580
22652954
226541132
22654368
226565103
22656792
22657202
226579418
2265819479
226590250
22660806
2266295418
2266621778
2266629468
2266676155
22667012
226672378
22671315
22671875
226726198
22673905
226751078
2267754914
2267895450
2268013115
22681885
22682103
226827262
22682837
226835460
22685377
22686866
226873738
2268970244
22690060
226908108
22691371
22692199
22693542
226944459
22695090
226957252
22696639
227020778
227039658
2270446934
2270577342
22707272
227073090
2270750262
227078120
22709122
2271134660
2271434736
22714608
2271667285
2271698515
227195141
2271984901
2272137097
22721392
2272185878
227240690
22724690
2272479217
227259371
227309861
2273162878
2273290959
22735454
2273680110
227375410
22741109
227421107
2274255962
227458017
2274741624
2275077139
2275142864
227529296
2275398922
2275582667
227562360
2275636154
227591034
22759706
22760252
22762685
2276386670
227653209
2276843616
227695247
227700025
2277042763
22771307
2277271910
2277430204
227755413
227780275
2277810974
2278232396
2278264040
227827584
2278829384
227885567
227894262
22789766
2279488566
227953842
22797240
22799251
228019505
2280313958
22803302
228040559
2280470022
2280505070
2280594649
22807980
2280884857
228101062
2281173619
22811937
2281235216
22812734
22812754
2281354530
2281370629
2281496462
22815383
2282042466
228205591
2282300713
2282368782
22823714
2282551615
2282557628
2282571488
22825922
2282752621
22827784
228305170
228317403
228330859
228349587
2283502278
22835029
228360645
22838331
2284030002
22843068
2284455587
2284457906
228447377
22845542
22846853
2284877388
228487825
22848976
22849568
2285223259
228529107
2285355548
228543286
2285511992
22855448
2285815508
2285892649
228624732
22864995
228667300
2286770377
22867931
2286844608
228699473
22870236
228703284
2287385324
2287648410
22879254
2287950656
228795466
22880960
2288252839
228826153
228826986
22883752
2288384366
2288515068
22885699
228857007
22891564
228928533
22896082
2289900378
22901142
2290125115
2290180315
2290286924
22904045
229040860
2290519909
22906220
2290743985
22910295
229114497
22912596
2291277662
2291393227
229141520
2291421793
229152415
2291740412
229176298
22920253
2292188253
229226630
2292488509
22924964
229270964
2292932900
22929686
2293099507
2293162628
229330999
2293315159
2293529953
2293554764
2293555146
2293940731
2293940941
22940219
22941066
22942020
22942762
2294342131
229472258
229472879
229480387
2294853474
229509740
22956018
229567163
2295689768
2295819507
2295967047
2296145948
2296411899
229645453
22966172
229665860
2296689098
229692653
22969424
2297381593
229745998
22975123
22975434
229767122
2297688660
2297761274
2297842659
2297978858
2298068528
229823662
22982817
2298443457
2298486050
22986718
229876011
2298862279
2298938742
2299475502
229957245
22997097
22997830
229978379
22998311
2299987059
230014404
2300181792
2300278368
2300377201
23004077
23006008
2300612154
2300662118
23006794
2300691618
2300716447
2300779218
23008423
23010339
2301229700
23016099
2301775501
23017816
2301790580
2301913622
2301928607
2301990517
23022687
23023236
2302367796
23023894
2302531476
230272791
2303173662
2303263980
2303322370
2303406624
2303646728
2303818184
2303829841
23041372
2304327467
23043294
2304495799
2304557889
230480816
2304815108
23049077
23049233
2304980646
2305052573
23052065
23052167
2305351020
2305363458
2305370347
23054053
23055141
2305633464
23058127
230604569
2306046522
2306130097
230656393
2306852317
2307371454
23074143
2307523514
2307638348
23076743
2307675307
23077729
230787751
23084261
2308483172
230876297
2308929386
2308948099
23092890
2309343932
23095652
2309595541
23096286
2310244209
231033118
23103351
2310644461
2310676628
231069949
2310711649
231071890
23107571
2310790774
2310862562
2311086683
23111975
23114787
23115053
231183280
2311859094
231208029
2312099905
23124458
23125257
23126688
2312994434
2313341894
2313382398
2313416865
23136007
231364919
23137205
231390130
23141496
23142312
23145378
23146447
2314656883
23146925
23146954
23148211
231542043
231559272
2315607655
231574627
231582674
2315929503
23160097
2316064569
23161445
231692806
2317149613
2317402226
2317418220
2317489916
23177299
2317802312
2318055560
2318827410
231896114
2319121626
231923667
23192419
2319263144
231928278
2319513608
231953565
23197565
231982202
2319914539
232029578
2320320050
232042231
2320517724
2320585458
2320645506
2320690482
2320755170
232108922
23212960
232144061
2321682552
2321745871
232190767
23221097
232234873
2322592290
232271018
232280542
2323062949
2323102484
23231078
232326499
232333397
232335155
232340231
232353398
23238471
23240057
23242773
232427887
2324292356
2324344184
232446981
23244842
2324486774
2324708472
2324754200
2324788177
232495669
232519990
2325336445
23254130
2325442891
2325684284
2325704833
2325925886
2325979344
2326098805
2326427400
2326498972
2326665593
2326682186
2326770757
232681242
232683248
2327223127
2327251441
2327479484
2327530537
2327566191
2327592480
2327597341
23278492
2328002822
2328035454
2328059947
23280722
2328139452
2328250604
2328728562
2328730903
2328759382
2328770969
23288860
232898264
2329058035
2329252147
23294237
2329463235
232947357
2329573819
232967895
23298064
233001368
2330223926
23304055
23304078
23305501
23305534
23307771
233079539
2330922198
2330975353
2330976224
2330989491
233107255
2331211831
233153266
233173651
2331808090
2331974154
23319865
2332254936
233227220
2332368062
2332502833
23325424
2332595771
2332614032
233266490
2332742508
233284047
2332878673
233346119
233349237
23335292
233364902
23337091
2333859554
2334168273
233417047
2334306487
233430978
233435827
2334376364
2334376633
2334512498
233454094
233457479
233468586
2334791696
23348685
233582251
2335989282
2336136138
233613720
23361712
233617592
233627920
2336287796
2336425916
23364323
23365294
23365315
23365803
2336701370
23367304
2336871418
2336915086
23369246
2337121453
23372773
233728740
23372897
2337721701
233786093
233786111
2337986366
233799522
23381664
2338302172
23383073
233838806
2338476402
23387115
2338731998
2338811370
233886065
2338926648
2338955550
2339103907
2339445136
233948870
2339733614
233979612
2340074424
234014087
23402579
2340315002
2340347324
234038391
2340650173
234078808
23409713
234144396
23415107
2341553954
234186830
23420549
2342095903
2342164885
234243524
2342457913
2342466498
2342573012
23425733
2342622017
2342768816
2343059564
2343067570
234357519
2343652182
2343668113
2343706992
234374703
2343994460
234399791
234429378
234439228
234445902
2344695829
23449189
234497587
2345299433
23453489
2345408545
234550882
23457448
234604065
234611973
2346184758
2346276678
2346358854
234638601
23466429
23467434
2346909206
23470225
234720787
234731469
234754417
2347555675
234764852
2347762888
2347967834
23480621
2348205660
2348230723
2348298464
23483274
2348783658
23487853
23491002
23491400
234922173
234943964
23496772
2349728753
23499976
23500221
2350218440
2350222669
2350638211
23507176
235111885
235124393
235164203
23517712
235182540
235196204
2352119779
2352173413
2352280171
2352302359
235242149
235244501
2352629420
2352666902
2352674706
2352851258
23529187
23531294
2353185104
235340505
2353486724
2353516485
23543947
2354515622
23546292
23546309
23547436
2354921924
2355324846
23557191
2355725533
2356117131
235633581
235652190
23566117
2356662398
2356760731
235684766
235716417
23575407
2357562974
2357835259
2357863777
2357945628
2358139476
235824957
23583267
2358417108
23585493
235871577
2358882852
2358945534
2358960547
235899366
23593117
2359452691
2359476565
2359549314
23595856
2359750952
2359806306
2359926157
2360086495
2360247360
2360392693
2360595444
236077808
2360953308
23611471
23612246
236174764
236176357
23618466
236227132
23624320
23625822
2362712023
236279233
23628021
23628570
236286736
2363029866
2363290530
23632910
236338186
236351440
236375098
2363838030
236389590
236396601
2364041814
236406179
23641386
23642374
2364404595
2364657150
236466830
236511574
2365332748
236536167
236542810
2365455722
2365497828
23654986
23655688
236576462
2365943066
2366141653
236655906
23665730
236671951
23669285
23670051
23670746
2367076640
236713668
2367320131
2367466327
236755273
2367608178
2367642810
236770537
2367718542
236779142
2367911
236794549
23680348
2368097725
2368124492
236825843
2368300412
2368507406
23686229
2368704536
236890726
2368913294
236926247
236927888
236937673
2369412666
2369452554
236956880
236958834
236988902
23699195
23700532
237008718
237020420
2370313310
23703146
2370369460
2370501084
2370753746
237090013
2370962868
237110655
23711785
2371293662
2371339658
2371458746
237147973
23715648
237176284
23718777
2372092065
2372115242
237212651
2372232702
2372368518
2372527033
2372597305
237293370
237301444
23730559
2373174403
2373235460
2373735295
237399637
2374007250
2374042004
237406487
23740831
237446906
23745766
23747507
2374869158
23750987
23751176
237527312
2375533844
2375566652
237612784
237620107
2376560065
237656121
237688689
23773209
23774060
2377498141
237753715
237765532
23780896
2378283128
237831391
23783692
237860360
23786370
2378769883
237895166
23789618
237907408
2379200053
2379219529
237929438
2379316802
2379340376
2379421974
2379460765
23795823
237971774
2379878111
237995595
2379985320
238011405
2380259108
2380871126
238087834
2380949323
238096056
2381011933
238115057
2381192563
2381207769
23814521
2381465209
2381635202
238185915
23818747
238192030
23819910
2382229472
238230910
2382315288
23823851
2382411091
238251483
23827692
2383032422
238306047
2383088793
238314113
238367325
23842476
2384269582
23843420
23845577
238463925
2384707849
238473084
23847960
238481837
238484046
238488874
2385220184
2385273733
238558079
238567785
2385732170
2385909200
2386067238
23862413
2386246513
238673252
2386795109
23871742
238744970
2387540972
23877894
2388059510
2388324763
2388484242
238854978
238865666
2388982080
2389003884
23891063
23893409
23899218
2390016391
23900305
2390146526
23902625
239036092
239039129
23907461
2390888330
239098915
239103376
23910455
2391232105
239140810
23916046
23917612
239217319
2392214090
2392247275
23922797
2392297080
2392299180
2392632104
239274060
2392855052
2392870548
2392884301
2393261827
2393455251
23935165
2393530808
2393533938
2393598374
2393682758
23937508
23939704
2394256638
2394369259
2394564265
2394631855
239479261
23948496
2394924240
239509917
239535516
2395374864
2395421815
239548513
2395848390
23959763
2396015036
23963437
2396515614
2396756364
23968696
2396932903
23971329
2397620882
2398017925
2398182572
239823111
239855988
239856880
239857777
2399097638
2399195340
2399224863
23992981
239930495
2399318414
2399602419
23996427
239971233
239975608
23999194
23999515
239996081
24000965
240029139
2400477182
2400676044
240072798
240095427
2401408946
240141992
2401464162
2401510680
24015344
2401587176
2401825802
2401857229
2401980110
2402093269
2402210804
2402502044
24025653
240265305
240280954
24028406
2402915880
24030306
240303484
240355785
24037757
240409836
24045589
240459803
24046380
240473635
24048150
240481765
2405427728
240598292
240607887
2406202508
24064452
240649814
24067856
240695163
24069742
24075797
2407630674
2407744852
240793817
240808348
240813318
2408490686
240860466
2408688637
2408885449
240903720
2409488466
240951988
2410029931
241055235
24107523
2410859022
2410932728
24111487
2411157936
2411284825
241129318
241132745
241150512
2411529956
241156624
2411698598
2411823048
24118540
241201438
24120793
24120959
2412101436
241212131
24121393
241226103
241235287
241244955
2412652615
241271762
2412917082
2412983768
24130509
241310483
2413219473
2413373968
241345571
2413589171
2413616720
241387935
24139243
2414645220
2414682894
24146944
2414805859
241484501
24150634
2415178111
241518867
241526374
2415478665
2415481247
24155245
241578032
2415812162
241592137
24160604
241646739
2416996807
2417085025
241710650
2417299196
241738550
2417586104
241771054
24178302
2418185244
2418253040
2418374713
24185209
24185568
2419002294
24190981
24192250
241926029
2419352315
24195214
241959522
2419723210
2419786471
2419859173
2419904468
242024396
242030341
2420336131
242066040
2420661625
24207733
2420971668
242144773
24216951
2422016928
2422168058
24223060
2422753567
2422754938
2422840075
242299173
2422998067
2423008116
242309449
242325524
242341151
2423637152
24236494
2423922327
2423930689
2424178550
2424237912
2424318663
24245457
24245649
242466170
242492800
24252027
2425325605
242536905
2425743364
2425798213
2425988552
2426002789
242603042
2426198516
242644155
2426630646
242666205
2426873757
2426899684
24269145
242694418
24274948
242774204
24278900
242790994
242846644
242861273
242862147
2428652192
24287415
2428868233
2429046650
242907470
242941996
242954869
2429755761
2429799942
2430106677
2430140064
243017926
2430183373
243019017
2430241730
2430359540
243036224
2430564295
2430683244
2430702516
2430778370
2431015987
2431069992
243107505
243111462
243134474
2431472919
2431587622
24316677
243169371
2431833991
243216752
2432351294
2432567958
2432633252
243267023
243295024
24329919
243306810
243318995
243341737
2433945502
2434167716
243428457
24346486
243470492
243473029
24349314
2435257592
2435302362
2435509679
24355217
2435639028
24358689
2436075493
2436378868
2436415578
243647121
243665363
2436771967
243690703
2436970297
2437041648
243709627
2437169988
243717793
24374481
2437482352
24378502
243798637
243800780
2438121349
243836228
2438375372
2438397858
243844147
243863
243869568
243876022
243882040
2438835848
2438841553
2438945557
243905347
243909883
2439103317
2439198739
243928776
2439426560
243972998
243997708
244006195
2440287290
244030590
24403091
244063850
2440977291
244143837
2441617381
244236742
2442432306
244291614
24429991
2443177040
2443627314
2443779228
244403972
244428162
244435277
24445874
24446811
24449616
244501370
2445145434
2445167915
2445637219
2445652957
2446156824
244619286
2446400162
244662834
24466578
24467440
2446847190
244707354
2447447610
2447463596
244749771
24475907
2447612839
2447662261
2448077035
244819769
24483640
2448438361
244905557
2449248200
244942206
24494633
2450065614
245008596
2450507822
245059814
245060192
2450879042
2450985343
245157270
245191376
2451950646
2452180361
2452447159
24528253
2452897038
2452938392
2452941901
2452958840
245325253
2453290759
2453342522
2453660160
2453664565
2453702234
24539797
245436137
24544452
2454953159
245513323
24552789
2455379318
2455406011
2455622770
2455668516
245571881
2455726261
2455733352
24558517
245587870
24558868
2456210894
245626913
2456550114
2457172872
2457268171
245741521
245770798
2457769929
2457833413
245786811
2458207764
2458414939
2458506475
24585846
2458769226
2458895882
245897070
2459000053
245906554
24592225
2459282972
24593647
2459715342
2459883817
2459921107
2460047754
2460216512
246040515
2460481801
24606381
2460677402
2460748716
2460974640
246109489
24613254
246169712
246183756
24618825
24620486
2462069922
246214474
2462250752
246228087
2462458993
2462635448
24627188
24628100
246285992
2462889990
2462991426
246309084
2463098118
2463250363
2463511302
246351308
2463560888
24636075
2463922789
246397813
246405227
246429487
24645334
246457424
2464727282
2464784449
2464974152
246501884
2465069455
24650854
2465102024
246526979
246529611
2465413693
246564049
2465656149
246565746
246586738
246612992
246622810
2466298370
2466335221
24665237
2466539612
246659067
24669155
2466977983
24670390
24671422
2467228680
2467341105
24675562
246759210
246764925
2467660081
2467784636
2467942377
24679530
24679911
2468014520
246815887
2468159951
2468207376
2468296224
2468542914
246857534
246867553
246869317
2468734700
246911714
246919821
24692487
246951104
24696931
246977649
2470055959
247005826
2470107150
247022327
247023742
247025066
2470523597
247054633
2470812752
247091695
247099726
24710040
24712054
247142787
247147078
247161834
2471639953
247175898
2471899477
2471957586
2472199522
247224870
24722494
2472261878
2472497250
24727473
247295208
247299745
2473025251
2473168862
24733187
247334603
247359862
247363095
2473660256
2473768441
2473871161
24738716
2473900885
247402941
2474061534
2474078669
24742040
2474246924
2474568630
2474734518
247487559
247495419
247502188
2475034094
24750623
2475111816
2475118068
2475209659
247529566
2475868650
2476006964
2476130260
2476141399
24763950
247655077
24766375
247682430
24769041
247693774
2476942701
2477005752
24770999
24775894
2477973888
24782760
24782816
2478349112
2478381721
2478456632
2478503575
24791098
247912274
247927245
2479310834
2479845637
247986987
2480168240
2480686713
2481070517
248113897
248152815
24817462
248175939
248181708
2481967249
2482143444
248230600
2482389258
248249379
24827393
2482846910
24829017
248326306
2483572668
2483734537
2483843732
2483890351
2483893651
248397050
24841698
2484276804
24843079
2484348503
248482567
24848744
2484950089
248503210
2485505982
2485704626
24859338
2486171532
248625689
248653960
24865400
24866195
2486714888
2486794339
2486845496
24868467
2487190215
248723886
248741839
24880491
24881454
248815088
24881664
24885418
248859211
24886178
248863939
248866866
248889609
248890582
2489101086
24892031
248933995
2489419596
2489508619
2489660556
24897046
24899149
2490110569
249011520
24903350
2490474924
24906110
24906585
24907127
2490753462
24909190
2490932353
24913074
2491562108
24916036
24916465
2491782793
2491811647
2491884968
2491964094
24919888
2492123575
249236062
2492364242
2492411154
2492525120
2492613739
24929621
2492976385
2492987466
2492988530
2493095641
2493276151
24933143
249335942
249337765
2493429355
2493692641
24938881
249393823
249397124
2494093280
24942712
2494318567
2494646792
24946505
249469940
2494765389
2494881780
2495066004
249524923
2495288630
249543284
249552678
24956100
2495767318
2495796516
2496018341
249605258
249608059
2496329773
2496335227
24964371
249643872
2496535622
2496950036
24970656
249733084
249735057
24976874
249787913
24980968
2498215728
2498252630
24983393
24985314
249866374
24986794
2498972720
249913529
2499612829
249982036
2500016847
250018404
25006130
250067178
250094359
250120227
2501259470
25014239
250169101
2501767080
250184505
250185710
2502009804
2502010818
25021734
25022918
2502466327
250280345
250290568
2503098770
250326559
2503341
25034061
2503563499
250372610
250386727
25039276
250397837
250412506
250416566
25045512
250455672
250474163
250482344
25053299
2505331806
250539105
25056114
250575257
25059265
250629354
250684826
250691621
25069537
2506988566
2507242663
250724456
2507263358
2507407429
25079381
25081650
25082293
250826088
250831586
250843549
25084916
250858058
25088527
25091248
250932400
251008339
2510147204
25102145
2510607106
2510728238
2511471793
251164136
2511697256
251223570
251227448
25123403
251274251
25128020
2513048622
251356936
251390552
251427943
25144145
251486833
251491717
25150468
2515229856
251551411
25156861
2515838505
25159286
25159801
2516041476
251622947
251635353
25165002
2516626579
2516897582
251715280
2517208410
2517784530
251783210
251813213
2518209703
251829863
2518348744
2519109764
2519324088
2519594595
251994132
252005454
252060100
25207474
25211143
2521192510
2521469449
2521611708
252166714
25217274
252181584
2521927722
2522309123
252249233
25227444
25227822
25228718
252287213
2523158733
2523640716
2523800916
2524207025
2524556089
252458768
25247594
2524878247
25249798
252504967
25251270
2525399839
25256409
2525709175
2525993426
25262130
2526465714
2526815035
252684779
25268540
2527011770
252709160
252715411
25275979
25276610
2527700508
2527799785
2528149656
252842449
252882791
252909678
252952532
2529641024
252976488
252984042
252984084
25298569
252991637
2530096872
253043017
2530478948
253059865
2530671764
253084336
2531333780
253147396
2531789803
253191016
25319414
25321525
2532531024
253270711
2532772576
2532806658
2533193567
253320860
2533414488
253342973
25338160
25339267
25341996
253426795
25342745
25343700
2534585173
253463599
253483318
253490735
253511672
2535563772
2535641100
25356462
253571049
2535869707
253616226
2536243521
253641012
253641379
2536457582
253656666
2536669145
253699127
2537055509
2537266577
25373
253739941
25375962
2537665021
25376730
253780525
253781536
2537875695
2538105325
2538115178
25382552
253830888
2538405143
2538537726
2538589270
25386372
253872062
25387843
25388571
25390350
2539250575
253941749
2539747665
25398286
25399731
253998571
2540118577
2540474282
25405030
25405881
2540678306
25407389
254095194
2540993789
2541220008
2541328645
2541948595
2542032578
25420360
254225460
254239721
254281388
2543258394
25434641
254350827
254373781
254389399
254401770
254422057
2544474997
2545151100
2545160880
254552007
254565033
2545698815
25457406
2545759886
2546033492
254613042
25461857
254647661
2546575910
254676964
2546929538
25472163
2547255943
2547328153
25473689
2547479355
254748096
25475195
2547589500
254788850
2548040863
254841774
2548427874
2548553022
2548572146
25486995
25488827
2549616986
2549647801
25498667
25500592
255040592
255050807
2551010137
255128543
255131352
2551725480
255194500
2552013432
255226461
255235988
25524199
2552598938
25527015
2552935555
25529650
25531164
2553287281
2553309372
2553461047
2553547478
255380337
2553996839
25540057
255437360
255456113
25550058
2555015184
2555276108
255528467
25553426
255546442
255628022
25565646
2556601400
25568260
255690491
255693805
2556967117
25575859
255765895
2557912999
255792011
25579394
2558019330
255887362
25589776
255897935
2559002312
2559275864
2559281330
2559381439
2559531679
2560116996
256024645
2560251684
256074273
2560758781
2560791572
2561039252
2561079944
2561171399
256124810
2561429863
25614373
25615009
25615104
2561570224
2561572249
2561625552
2562289441
256250572
2562602430
2562811859
25633
256340976
256346455
2563723352
2563802432
2563802996
2563859623
256395904
2564007015
256442997
256451488
256487198
2564967924
2565021
256529553
2565339054
2565612778
2565808599
256595810
256596567
2566363472
2566391306
25664422
25664945
256677596
2566891181
25669073
25669359
2567203326
2567365058
2567636160
256778287
256793538
2567997909
25684226
256898174
25691229
2569549938
256957128
256957663
256967480
2569743630
2570000946
257014188
25704351
25705447
257067189
2570974244
2571319274
257171303
2572108705
25723291
257257959
2572647895
2572777037
25728193
2573296339
257332442
257339683
2573439660
25734884
257356258
2573832608
257404537
2574072036
257422033
2574271742
2574423229
257445744
257476959
2574837761
2576142276
257669524
257674066
257677319
2576801738
2576855796
257707055
2577116172
257713561
257716376
25773567
2577358050
25781406
25781702
257817701
25785889
25786757
257894853
2579027058
2579073877
2579359027
257998346
2580040976
25801216
258032124
25803703
2580793604
2580824618
25808646
2580879656
2581178468
258134278
258135801
2581454826
25814724
258172382
2581791612
2582255987
2582564936
2582663010
2582775053
258289977
2582963526
2583166945
258328302
25833942
2583482094
25835461
2583689082
25837289
258374854
25839995
258417947
258460726
2584719984
25848023
2585259176
2585396407
258541318
2585441250
2585508829
2585856960
258591819
2585967342
2585973360
258602317
258625488
2586335767
25868334
258724265
2587866989
2587967425
258801439
2588093024
2588248943
25883656
258856900
258871381
25887957
2588975270
258900199
258920780
2589434322
2589468010
258967043
2589817064
2589820362
2589852324
2589984816
259001548
2590297926
259056564
259058434
259061260
2590820124
2591058223
25911053
2591664079
2591675300
2591864028
259201431
25920345
2592344425
25925298
25927615
2592842778
25929282
2592929514
25930421
259323371
2593486364
2593496750
259352661
2593565514
259372802
2593744496
259382831
2593875620
259422572
259428611
259449626
2594641380
2594777088
259506084
259509302
25952049
25955518
259559081
2595812168
259595987
259629387
25963806
2596467997
2596713224
2597015011
25970274
25971449
25972839
25974425
25978296
2597898097
25982919
2598357146
25986203
2598791681
259880862
259885204
2598925021
25990086
259903394
259929798
25994748
259949069
259953357
259963995
25999072
260011059
260032219
26003449
2600400422
26004656
260051769
260066978
2600749155
26008148
260093042
260103270
2601524623
2601559130
260167126
260180382
2601842426
2601899005
26020465
2602071458
26020906
2602111596
260228964
2602346270
2602470361
2602756045
260291526
26029878
2603267395
26034361
2603607432
260369179
2603704105
260380078
260407956
260409537
260417418
2604557294
260465574
2604686222
2604801729
26048553
2604883706
260491864
260506200
2605169240
2605444139
260587050
26058859
2606137854
26062017
2606312398
260634501
26063935
260652074
2606633088
260670351
260688830
260698728
2607006139
26072066
2607265020
2607283949
26074091
260784447
260798471
26080860
260864109
260877351
260918875
2609331396
2609419835
2609710289
2609878226
260995753
2610019524
261007177
26101206
2610314930
2610513643
2610598236
2611110822
2611134289
261124937
2611352869
2611360929
261157191
2611604700
2611801422
2612110899
2612124788
2612131224
261226152
261234464
261234528
2612460206
261258356
2612653424
261266210
2612869794
26130520
2613150516
2613299533
261364499
261431332
261433065
2614362782
26146763
2614746421
261516453
2615334195
2615343068
2615545758
261563234
2615638981
26157329
261599010
26162439
2616302713
26163478
2616439338
261684500
261743416
261746267
26175939
261769179
2617839582
2618274769
261920529
26195766
262005955
26202052
26203334
2620578761
26206820
262079984
26208566
262089479
262115745
262119132
262200856
26220550
262236158
262239118
26230231
26230422
262310943
262322947
2623540653
262365555
2623858099
262413972
2624540405
262461547
262472211
262486042
262493732
26250599
26251434
2625156485
26257166
2625933469
26260033
2626218893
26262458
2626376017
262641807
262675787
26270913
26273230
262737848
26275704
26278755
262851272
2628741241
262907074
262928920
262949712
26298334
26303146
263082297
263083479
2630930695
26310303
2631636570
263177257
26317929
26318192
263200894
26323932
26327787
263278026
263327246
263333841
263359642
263456568
26347394
26347878
263498163
26350255
26350330
26353580
26355129
2635635498
263564046
263596959
263607988
263611281
2636340443
26365918
2636855864
263688205
26371507
2637921016
263793754
263826466
263838682
2638514444
26387071
2639409504
263970953
263990409
2640359090
264050862
264102731
264118405
264200572
264224758
2643219209
264345029
264356595
264366006
264378200
264382467
264429809
264454099
2645390766
2645440044
2646233443
2646543084
2646943778
2647091335
2647571
26477224
264845943
26487169
264874726
264896250
2649221384
264924050
26494583
265030677
2650554343
26507585
2650794800
2650965868
26512594
26513017
2651368746
2651414005
265194243
265206205
265219835
265247535
265262456
265284718
265300233
26538229
265398605
265399211
2654
26540846
2654087417
26541887
265425227
26545339
26549100
265551790
2655609206
2655912266
2656026366
26560424
265606501
26563129
26566532
2656708633
2656907018
26570140
2657033400
265710881
265734395
2657412780
265763563
26577363
265776903
265780939
2657844983
26580506
2658222025
26585095
2658640056
2658912553
2658964479
265902729
2659268635
265934698
2659372678
265941093
2659680313
26598479
266084123
2660888905
266099423
2661844244
266184598
26619399
26622137
2662418768
2664363717
26645513
2664837850
266493985
266508414
2665374463
266554325
2665812343
2665895252
26659619
266600056
266635682
26664368
2666790169
266696234
26671374
266715173
266762781
266772084
26677218
26677508
26681152
266816841
26685249
266894776
266922209
266958175
266964240
266975216
266987043
2669959320
26703365
26704114
267087362
267092980
267113991
267152885
26715969
26724109
26727655
267290927
267337153
267342902
267357590
267377062
26740029
2674045782
26748382
267498657
2675614934
2676087790
26760975
26764626
267695291
267704330
2677376208
2677580394
267758733
267783314
2677882544
2678087227
26785044
267850706
26787305
267915933
267921808
26792380
267938462
2679514940
2679651224
2680430383
26805539
268055659
26809005
268097545
268135481
2681643626
2681771034
26821327
26824556
2682918655
26832270
268323153
26832834
2683297028
26833198
268367511
268372897
2683851180
268392945
2683931742
268410291
26842131
268424186
268433490
268468736
26849735
268500600
26851173
268532963
26853548
26854187
268557952
26861068
268619848
268623262
268630665
2686677842
26867418
268676434
2686785978
2687059285
26872946
268738761
2687572422
2687578578
2687688864
2687847924
2687879346
268788810
2687917196
268794479
26880484
2688244771
2688344022
2688502513
2688537468
26886095
2688780325
26890990
268917723
2689421244
2689507912
2689565022
2689676317
2689765760
268990967
2691020244
269126824
26914243
26918986
2691923438
269263265
2692648502
26928106
2693016583
269357610
269363387
2693783096
2693837167
269390126
269403495
26945077
2694543433
2694621
269468995
2694996870
269503691
2695236654
2695295558
26953919
269539724
269543530
269555334
269581619
269581983
2696834010
2697106639
269713045
26971593
269750421
2697584791
269824191
269860230
2698910700
26989620
269930134
26993967
269943917
26996526
26997136
269972688
269973799
2699909763
269995958
269997972
27004060
27004936
2701104476
27022632
2702307183
2702394775
270248557
270296701
2703181339
2703290618
2703383215
270353353
2703557176
27040894
27042513
2704294333
2704369020
2704421318
270466556
2705117470
27052060
2705323070
270587905
270605194
2706402844
270679223
2706903578
2707081892
2707747988
2707955850
2708014716
2708373915
2708536172
2708772816
27087844
27091099
270911333
2709217981
27092492
27093057
27093223
270978251
2710177718
2710315887
271060845
271117791
27113304
271139098
271139606
2711602693
2712537543
27127206
2712875472
2713146932
2713231408
271349786
2713846964
2713970843
2714613089
271469777
2714700449
271482054
271510506
27151738
2715250237
271537093
27154183
27155549
2715676856
2715767595
271581873
271588378
271603436
271608505
271624968
2716317784
27164539
2716631893
2717212990
27173437
2717774782
2717935447
2717961126
2717979159
27180594
27182288
27182410
271849246
27187343
27187353
2718879327
27192425
271932229
271947041
271961769
27196598
2719771579
2719864502
2719962073
2720030899
272007180
272036325
2720377375
272058756
2720980965
272103379
272108066
27213329
2721585793
27218911
2722443955
2722659176
272285827
2723120630
2723185873
27233950
272378090
2724095695
272415448
27243408
2724539709
2724621665
2725140107
272527005
272538235
2725445988
272597833
2726021539
2726447790
27265230
2726696907
272708699
2727090236
2727242690
272765231
27278316
272792664
272829031
272842969
2728467389
2728657237
27289373
2729095473
2729343335
2729436588
2729615444
2729644208
2729784259
27299157
273021371
2730306735
2730764552
2731072181
27310927
27311171
2731204826
273140208
27314527
273178136
27321851
27322763
2732382184
2732470025
273292346
273354091
2733759094
2733830544
273391939
273399788
2734073013
2734251150
2734280174
27343080
273466290
273479150
27347950
273479654
2734953286
273514824
273519049
2735246778
27355366
27359446
2736275258
273629780
273639127
273665011
27368755
2737003958
27371013
27371671
273724659
2737318969
2737343664
273758664
273772893
2737738798
2737767520
273781921
273793696
273821359
27384718
273853888
273866823
27387249
2738733466
27387934
273891008
2739065578
2739084566
2739085923
2739179087
2739365000
27395294
273994373
2739957691
2740093706
2740123547
2740307973
2740338237
27404490
274048823
2740752309
2740840004
2740840837
2740902246
27410563
27410664
2741121789
2741201650
27413942
274162032
27417045
2741767425
2741950028
274207651
274223271
274253864
274258893
2742765637
2742911661
27429238
2743070551
274318389
274355165
2744127809
2744277721
27443262
2744450418
2744695445
274507495
2745105746
2745292388
274548698
27455476
27456376
2745926032
2745941676
2746200413
2746260701
274642279
274652363
274658778
274669412
274706003
27471594
274785806
274801747
2748061373
2748240700
274832868
2748350244
2748355923
274854594
2748821687
27489122
2748968018
274899271
274902685
27491578
2749563351
2750127259
27505854
2750756900
27511061
275132657
275146822
2751539635
2751583550
275164696
27518001
275185937
275186860
2751873404
2751934292
2752037400
2752349919
2752390768
2752407035
275305372
2753807133
275404087
2754484003
2754505825
2754681001
2754988397
27551118
275517828
2755563842
27557391
2755766384
27558166
2755824759
275584723
2756016061
275645598
27565939
27567038
27568364
275716592
27572392
275785434
275834625
27583598
27584680
2759432754
27596333
275979196
27599261
275996850
2759980090
2760064278
27602245
27607301
276091660
2761618467
2761684692
27616890
2762208100
276233894
276235518
2762394435
27629621
27631430
2763296505
27633358
2763514819
276452562
27645777
276480613
2765328608
276554062
276567401
276616900
2766809550
276689872
276695591
2766982109
27670162
2767054761
276727636
27675419
2767615425
27676444
27677483
276829665
2768557727
276868661
2768953101
276979950
27698171
276996358
27699644
2770246588
277052526
2770556804
27706099
27707682
277079029
277125029
2771286847
277133148
2771345762
2771641516
27716789
277182383
277208677
27721401
2772244556
277226110
277229509
2772349442
277267429
2772780965
2773462415
2773644907
27737538
2773800477
2774051979
277446946
27745433
2774702732
2775022647
2775030389
277547743
2775525761
2775674478
2775710718
27758112
2775864795
277603128
277627260
2776296808
27767093
2776754639
2776881142
27773193
27773430
27777571
2777808599
27778117
277805535
277819838
2778277496
277836812
277860186
2778721921
277889424
2778999600
2779030333
277909239
2779314196
27793335
277983442
277997041
2780016241
2780047231
2780047882
27801361
278017676
2780298641
2780340674
278038682
278053708
278067602
27807166
2780798138
2780837179
278123988
278141481
2781440437
278145569
278149284
2781755280
278203335
2782375646
278241149
27826509
2782714240
278275690
278289847
2782936939
27829587
2783066280
27831311
2783538092
2783540131
278355289
278369814
2783787047
278404976
2784051524
2784228956
278440081
2784642445
27847155
278473216
27848131
278497880
2785300549
2785302413
2785562216
278559385
2785630957
2785648892
2785740810
2785764239
278586740
2785926794
2786005869
27860198
27860681
27861193
2786329833
278660748
2786748673
278675535
2786785494
2786922777
278708184
2787140836
2787307142
2787339885
278734764
278741423
2787463443
278760917
278785877
2788256681
278844905
2788464770
2788476025
278853287
2788692913
2788796434
2788823296
2788843567
2788972943
27895201
278959439
278994814
279001492
27903416
2790484063
279081868
2790996109
279112132
2791311894
2791499260
2791666390
2791788518
2791922836
27919508
2792145416
2792290323
2792304470
2792496079
2792552786
2792555971
2792589217
27927246
279325829
27933636
2793395133
2793811794
2794718963
27947724
279484179
279491695
2795122815
2795344823
279550671
2795659304
279570115
2795748238
279579148
2796480323
2796495207
279666332
27966935
2796918598
279693525
27970347
2797348164
279777404
27978179
2797958613
27979651
2797972304
2798320548
2798616359
279870984
2798807857
2799053575
27992884
279942689
279985058
2799946720
2800006146
2800166665
2800471779
2800508887
2800581040
2800862281
2800953536
2801053181
2801493908
2801555199
2801642319
2801780500
2801797985
2801961663
2801970971
2802059580
2802269902
2802269921
28023330
2802357560
2802514885
280252533
2803016864
2803260811
2803368067
2803613759
28036658
2804032454
280428516
28042967
2804447352
280452543
280459733
2804738152
280488774
280500432
2805091660
2805446629
280559084
280560652
280592005
2806149521
2806156973
2806227364
2806440011
28065966
28068719
2807001759
2807570147
28076540
28076811
2807706300
280779578
2807876921
2808136894
280831905
280845307
28090436
2809225889
2809359370
2809497047
2809579420
280960086
28098439
2809933120
2809959174
2809962674
281004185
281031525
281031538
2810630287
28106357
281098482
2810984968
28115444
2811559122
2811748854
2811840943
28118695
2811899132
2811924896
281217033
2812286196
2812470186
2812504248
2812531058
2812768561
28129848
281319211
28133800
2813519580
2813530168
28136376
2813712709
2813746248
281387770
28140167
28140707
28145010
2814530771
281477829
281480151
2814958453
28151916
28155231
2815794381
281597195
28162211
281622114
28163790
28164582
28171600
2817302447
2817341344
28173550
281756281
2817614947
2817624368
281768810
2817726348
28180659
2818081640
28181251
2818168986
281863306
28187171
2819139989
2819193756
2820083725
2820447172
2820570335
28206390
28207516
2820788869
2820794202
2821128539
2821239209
282127813
2821365117
2821451759
282168818
28221645
28223477
28225322
2822780915
2822867314
2823785687
282385426
28241290
282492678
2824991076
2825077411
282548670
2825504892
2825634379
2825736901
28259514
282595400
28259997
2826292747
2826391255
2826410182
282647947
2826536509
2826574401
2826626485
2826917226
2826976722
2827089079
2827129563
2827194566
2827299613
282738817
2827620304
282796557
28283874
2828664616
282892551
2829000901
282900362
2829127303
2829428812
2829692267
28299819
2830048777
2830070819
2830337520
2830431
28304918
28306725
28307619
2830980198
283133116
28313464
2831607005
283173783
283185031
2831895847
28319391
2832208692
2832397520
2832896837
2833011683
28330503
28331519
2833794228
2833820842
2834404577
28345661
283486449
2835410624
2835481498
2835962353
2836019188
283604227
2836155718
2836451415
28366310
28366439
2837040655
28370738
2837332205
283746639
28379556
283817408
283827278
28383306
28384411
2838659616
2838696137
2838819594
2838946229
28390598
2839374050
28394129
283984383
284008098
284052423
28405485
28406235
28408266
2840840801
284093141
2840945097
2840990758
2841052291
284129134
2841423804
2841468694
284173948
2841951869
2841958188
2842030067
284205858
28420827
28420963
284241195
2842546801
284264516
2842702534
2842740787
2842764204
2842814440
2842841126
2842987436
2843025354
284339125
284350411
2843630307
28436401
2843701662
28437354
2844041286
284404480
2844157673
2844399105
2844639860
284475942
28451200
28454954
284566286
2845731895
2845756735
2845888230
2845941873
2845946033
2845996615
2846147642
2846650627
284665071
2846846797
284722083
2847496348
284756917
2847603597
2847999530
28481452
284822376
2848295171
284850162
2848552449
284861149
2848616367
2848694757
2848812148
284901144
2849373781
28494315
284970178
28499318
284998848
28499938
285007237
28502793
2850367724
2850578535
2850613348
2850789467
285082959
2850854489
285105646
2851118320
2851330469
2851359505
2851617013
285162961
2851663839
285169360
285183490
285198536
2852035098
2852075027
2852323396
28525033
285254732
2852597261
28528503
2852899113
285310648
28532658
2853627873
2853648153
2854037512
285509834
285516787
2855332678
28555092
285551820
2855620430
2855717202
285577235
2856072355
2856133189
2856342156
285636352
285659598
28567809
28569546
2857162258
2857173946
28571938
28571999
2857599436
285779921
285781005
2857925532
2857940548
285837757
285851279
2858559247
28585986
28587369
2858807777
285900189
28590189
2859070570
2859170098
28593200
2859736791
2859862942
2859932813
2859949372
2859975549
2860233504
28603812
2860936606
2860965223
28609947
2861033137
2861197613
286171117
286181734
286216838
286217515
286243309
2862477860
286269957
2862855585
286297064
286311652
2863347469
2863488598
28636739
28637224
2863847386
2863876205
2864039002
28641101
2864289041
286432534
2864429747
2864453067
28644534
28648780
2864943037
28652375
28653258
2865494941
28655732
286563807
28657802
28661343
2866476539
2866558330
2866826255
28670599
286735114
2867624783
2867955415
2868043542
2868109363
28687217
2868795610
286922113
28695618
286971423
286991796
286997050
28700115
2870178167
2870311060
2870684767
2870701489
2870816765
2870848881
2870954584
2870974910
2871306263
2871448509
2871850776
28719037
2871997496
2872159805
2872226579
2872276549
2872346179
2872346301
2872657674
28727824
2872789252
2872842985
2872901028
2872976578
2873081420
2873251381
28734149
2873698809
2873774112
2873999549
2874013660
287455210
287469883
28748607
2874866717
2874959663
287539307
2875528742
2875753064
2875796095
28759173
287603080
28762996
2876560002
287675386
28768308
28770209
28771616
28774039
287779079
2878155746
28785628
2878641098
287868062
287878549
2878918784
28792162
2879312390
2879479191
28796289
28797198
2879802767
2879920362
287993271
288003713
2880046113
2880049930
2880123896
288033891
288078981
2880833756
28813051
288137141
288175583
2882391857
2882413844
288259199
288263188
2882869703
2882901315
28830376
288326609
2883309539
2883431789
2883440640
28834750
2883579567
2883753979
2883841
288409122
288417339
288459827
2884615003
288480803
2884870919
288496230
2885130111
2885255836
288535758
288540422
2885574087
2885593463
2886104949
2886307114
2886490811
28866078
2886648994
288702257
2887116026
2887201995
2887322650
2887391470
2887875051
2887955249
2888173593
288818576
2888586748
28886855
28887825
28888320
2888833014
2888994278
2889021997
2889209240
2889487290
2889557075
28897926
2889885081
2889907054
2889924959
28899643
289013217
28901450
2890649451
2891041821
2891041922
2891044031
2891254635
289125995
289142163
2891451417
2891689911
2891726962
2891808165
2891845083
289202775
289236003
2892400527
289248147
289255237
289267748
2892774416
2892809359
2892884937
2893085522
2893213884
2893511188
2893772003
289402377
2894032402
289414863
28943715
28944041
2894786789
2894855952
2894874689
2894899293
289498966
2895577938
2895798154
2895908245
28960709
2896252478
2896495195
2896573098
2896625957
289670687
289684500
2896972376
2897029440
28974358
289788545
289852516
2898606468
2898841373
289899809
2899174443
289942480
2899607710
2899615776
2900026083
2900766937
29008754
290097288
29010022
2901384759
29017271
2901803425
2902080532
2902112612
290212218
2902514588
2902782894
2903296375
2903315853
2903323068
2903519103
2903579622
2903738788
290375225
2903912279
2903969204
2904113719
2904175330
2904272392
2904700968
2904950889
2905260526
2905399890
2905541008
2905571294
2905578252
2905749286
2905952710
290609784
2906357598
2906390281
2906666380
29068597
29071845
290798656
2908107542
290813136
2908134074
2908170952
290834660
2908509381
2908572178
290929867
2909430244
2909547134
2909554621
2909633449
2909661180
29098627
2910022539
291085537
291089582
29109905
2911101974
2911144905
2911182662
2911287980
2911288306
29114164
2911520575
2911534742
2911553832
291173570
2911808603
2911842683
291186163
2911862552
2912826923
2912926151
2913153294
291369954
2913699628
2913880107
2914209712
291421323
29145455
2914583372
2914652777
2914968581
291496884
291498986
291521804
2915366468
2915692982
2915927605
291598409
2916086925
2916119170
2916305152
2916306687
2916471052
2916646212
291673084
291681347
291734275
2917611617
2918049547
29181703
2918204899
291825047
291831562
29183527
291840291
2918422160
291860325
29187947
2919018304
291908029
291918098
2919212922
29194420
2919573574
291960419
29199444
291996148
29199860
2920033789
29201951
2920224680
292057235
2920791495
2920818466
29208278
292083207
29209089
292092669
2921068119
2921107855
292116015
292119858
292120360
2921230874
2921282954
2921795249
292220830
2922245562
292237196
2922382633
292243085
29224906
2922581332
29227974
292287208
2923142788
2923200895
2923235807
2923671561
292369459
292432829
2924499677
292461929
292463999
2924646588
292468351
292475533
2924786304
292491784
292509959
2925137960
292540859
2925744180
292578149
2926184988
29264626
292675300
29269689
2927196393
2927379996
292752599
292756958
2927894647
2928019319
29283506
29285941
292872503
2928757722
292892234
2929222029
292927415
292959265
2930082780
293016222
2930218015
2930229732
293028988
2930308020
2930460594
293048332
29304837
293072886
29310709
2931184600
29312703
2931586680
29316011
2931705244
2931753511
2932117981
2932139554
293241580
293253983
293275195
2932917548
2932953741
2932977936
293302111
293314555
29332626
2933721172
2933823062
293403781
2934423326
293452141
29346675
29348099
293526047
293529986
29354555
293564894
29358101
29359951
293611951
2936315827
29363230
2936408829
29364909
293650530
29365242
29370120
2937314443
293739530
293752356
2937587362
2937632239
2938080543
293809371
29383647
2938519930
2938553340
293866044
2938752666
2938755656
2938794194
29391021
2939144471
2939394356
29396800
2939728176
293984189
293998737
29402836
2940600040
294075128
2940964728
2941125060
2941201618
294155891
2941637609
2941642003
29419711
294198566
2942274771
2942634681
2942795488
2943298774
2943372737
2943481663
2943808357
29438725
2944585210
2945061245
29451711
2945171645
294535480
29453773
294560496
29459695
2946122339
2946300174
2946450412
29465136
29467516
29470677
294718997
2947202693
294771000
2947794802
29479000
2947973327
29480413
2948200938
294823002
29484644
2949092680
29497337
29498522
2949929927
295005966
2950137492
2950228338
2950230882
295029971
2950441900
2950461218
295070635
2950918378
2951134199
29511425
295126414
29514250
2951851560
295198690
295226762
2952274323
2952410649
29524966
2952549380
2952765842
29529858
29532294
295325513
295383484
2954001207
295411953
2954624020
2955076692
2955207361
29552497
295555242
29558309
2955948746
295610884
295611207
2956199992
2956622161
2956919719
2957214987
2957225465
295764810
29577135
29578061
295797728
2958003283
295821893
295929119
2959357290
2959396895
2959469706
2959662729
2959669372
2959825586
295995195
296005306
2960169272
2960235594
296031810
2960457716
296058553
29607664
296087754
2960976095
296117436
296152939
296160588
2962095105
296233891
2962343536
296264280
296332494
296337143
2963383468
296435885
29644246
29644499
2964467759
29645913
2964606814
296461614
2964974777
29652694
29655958
2965933474
296596317
2966034163
2966060626
2966089391
296631976
2966329132
2966842697
296684570
296690561
2967040584
296717449
2967402199
296771312
296794392
2968186857
296824934
2968303511
2968424080
296890773
29690486
2969727718
2969760609
296991343
2970098601
2970113583
29702723
297061383
29707440
29708270
2970892229
297100174
2971227615
297124768
297163199
297169759
29718511
2972159555
2972541035
2973107097
297318425
297339315
297369256
2973700937
2973745205
2973804940
2974311683
297433585
297440850
297446235
29747246
297480056
2974990371
2974994770
297537439
2975408375
2975434728
29754743
297573699
2976192581
2976607372
297669109
2976698571
297696994
2976976116
29770501
2977539507
29777806
2978062715
2978260689
2978558733
2978573349
297880212
2978828511
2978837542
29796093
2979642791
2979940661
298015007
2980379213
2980429169
29804531
298060999
2980825535
2981001750
2981286576
2981354171
298139855
298145793
2981502508
2981704997
2981718298
298175098
2981782721
298181107
29818568
2982005283
29820155
2982269822
2982453783
29826996
2983054240
2983067339
2983083959
29833060
298337300
2983379078
2983470753
29842699
2984376936
2984524910
2984733585
2984742628
2984781465
2984854313
298557111
298565214
29860364
2986237028
2986587612
298673723
298689759
2986939401
298704683
2987073216
2987156301
2987178668
298719455
298722362
298728900
298748638
2987599687
298763149
29881603
29885835
298908552
298945261
2989553619
29895705
2989813461
2989969665
29901035
2990216640
299128242
2991446729
29918146
299183606
2991948728
299229164
299230774
29924184
2992517678
2992771686
2992855083
2992962508
2993240315
2993556106
29937112
299371206
2994224611
299432061
2994621739
2994702131
2994909076
2994980339
299511448
299551909
2995708884
299585027
2995858349
299587955
299602313
2996362409
2996457280
2996516074
299670361
2996786445
29969762
2997325750
2997375187
2997380855
29974487
29974662
29979762
299804123
299808198
299858926
299869074
2998882836
2998969627
299903027
299915159
29992758
2999379016
299960704
29997658
2999810508
2999935691
2999947113
3000205905
3000560584
3000741559
3000889809
3000964616
30011212
30013357
3001431934
3001554169
30017071
30017454
300175428
3001756108
3001824743
3002056342
3002163385
300236092
3002421547
3002821677
300326183
300331857
3003507631
300351998
300362032
30038587
3003917586
30039891
3004047783
3004231
300429484
3004300880
300442541
3004468319
3004563647
30047168
30050899
3005238330
300528341
300531865
3005494489
30056924
3005733012
3005945215
3006056251
300607450
30061466
3006348240
30067923
300684172
300686785
300698956
30071893
30074516
3007451620
300750392
300774820
3007884394
30080029
3008052063
300825869
300825998
3008431465
300859179
3008665998
300872531
3008850368
3008913119
3008960592
300916936
300982984
3009967476
3010020330
301004011
301059164
30107459
30107582
3010947331
301103201
3011256515
301130320
301153757
3011616438
3011866286
3011981089
301244366
3012567459
30126128
3012877999
3012879989
3012894978
30130169
3013191149
301336122
3013523545
3013674276
301413682
3014193169
30142130
301482688
3015100089
3015136857
3015337139
3015394965
301552799
3015673391
3015687688
3015939068
3015939248
30160373
301643210
3016618917
3016784925
301679710
30168505
3016964678
30171168
3017241878
3017413487
3017498473
3017605319
3017937264
3018036339
3018111009
30183574
3018809658
3018812896
301884490
3018860447
3018956279
3018960919
3019033305
3019101006
301937258
3019596303
301964049
3019819409
301982599
3020128008
3020140174
3020457994
302049284
3020581421
3020618119
302090418
302111466
302111485
302126693
302137807
302152200
30216513
302181982
302188941
30221150
302221991
3022269865
30223403
3022406601
3022435923
3022622519
3022889996
3023838922
302393044
3024136848
30243170
30243445
3024373955
3024414048
302441879
302462021
30247200
3024834078
3024888916
3024893962
302491448
30249877
302528452
302530059
3026228339
30262648
302628581
302631710
302665348
3027098903
3027175813
3027286779
302735841
30274144
302750596
302762992
3027887210
30279060
302819453
302820126
30282234
302849301
30288925
30292728
302938456
3029783283
3029824326
30299778
3030006159
30301541
3030409245
3030434272
3030440893
303048766
303099977
3031052802
3031094073
303123388
303127473
303130868
30313923
303141285
3032352520
303237769
3032398647
30325257
30326380
30329599
30330767
3033243864
3033270020
303443895
3034558013
30348237
3034943843
3034992865
3035114935
303518924
303525188
30354991
3035671113
3035775883
303590108
303624157
30362684
30363687
3037059738
3037066730
3037167254
3037751832
3038078693
303825296
303861808
303878570
303902440
30390632
3039289521
3039574858
3039781324
303994581
303999271
304005163
304019138
304025954
304034165
304043568
3040612894
3040636543
304065776
3041091676
3041145235
3041394260
304169918
304179492
3042430065
3042518200
3042584944
3042623698
30433061
3043584104
3043728339
3043928319
3044186809
304445963
30446336
3044676376
3044715749
3044723941
304481716
3044832512
3044845293
3044887536
3045181324
304531735
304536823
3045628654
3045656889
304630063
30467674
30470425
30472791
3047773238
304778819
3048160253
304871590
304909941
304923811
3049317259
304938928
304952647
3049768739
3049995394
305001025
305023825
30507250
3050966878
305104220
305130745
3051447600
30517674
3051931772
305271078
30528119
305283848
305319254
305325817
3053282898
30533818
3053663748
305377439
3054125522
3054172238
305429541
305439331
3054818957
305490560
30549907
305502995
305505033
305515744
30554699
30555751
3055774775
305653747
305670657
305690769
3056931256
3057381788
3057622503
3057771550
305848643
3058602759
3058657887
3058804146
3058828367
3059118880
30591315
3059233664
30593431
3059464513
3060709579
3060729815
3060755820
3060891761
306128528
306153036
3061602666
306173999
3061923514
3062112456
3062125369
30623732
3062401109
30626664
3062670811
306310810
3063163497
306318042
3063348284
30634288
3063431
306363150
3063748359
3063912809
3063972323
3063996411
3064266184
3064373121
3064562247
306479977
3064978613
3065062453
306506766
3065301110
3065369437
306541147
3065423388
3065493002
3066012791
306616453
3067785442
306810211
306820074
3068306392
3068484222
3068515515
3068519195
3068541683
30685471
3068598381
3068690196
3068796199
3068802105
30690661
30693612
30695844
3069593417
3070101856
30701076
3070123646
3070592061
307061452
3070651257
3070730913
3071115747
3071275561
30713255
3071549285
3071709259
307183246
30719644
3072206346
30724162
30725017
307263001
307269736
3073488453
307353642
307386087
307397177
3074485204
3074759934
3074938702
3074982280
307505473
30750869
3075092067
307543855
307558964
3075845311
307589282
30761456
30765700
307671401
3076937787
30770236
3077064891
30775517
307763555
3078271847
3079237827
3079851807
3079986094
30803822
3080530102
3080663960
308169097
308171331
30817413
30819095
3082546368
3082611705
308269557
308313675
308348821
3083732018
308389049
30841058
308416726
3084293260
3084400787
308480268
3085515429
308556440
308599820
30861631
308649570
30865728
308659387
3086876396
308701148
308724289
308765071
3087774305
308851637
30886468
308864934
308890394
3088997259
30890353
308908526
3089095589
308946809
308948350
308961248
30901658
30905464
30906208
3090691539
3091016925
309119004
309124612
309126590
3091349857
3091435377
3091523842
3091880673
3091914046
309194789
3092395210
3092429597
3092434096
3092462976
3092538545
3092921
30929600
309300062
309321315
3094184785
309442682
3094430445
3094649957
309469832
309473946
3094777412
309516587
309518201
3095256917
309558544
309572328
3095866971
309613216
309629199
3096292230
309632087
309640163
309674511
309678907
3096952013
3096972044
309736038
3097390120
309741724
30974242
3098041490
309822757
3098436206
3098511493
3098565259
3098842622
30989951
30990144
309908788
3099277759
309932421
3099501
309954168
309975059
3100005042
3100407035
31004354
3100640733
3100641470
3100682076
310085287
3101211
310127024
3101938219
310212019
3102166754
3102929261
3103179243
3103213542
310323256
310346296
31035514
31037199
3103819314
3103857701
310390423
3103906154
31039206
310425304
310427634
31045133
31045831
3104588470
3105099862
3105415797
3106186180
310672436
3106815751
310688255
3107316075
3107322079
310759316
31078404
3107922900
31079447
310811114
310824162
31082834
31082906
3108351
310892700
31094727
3109709890
3109819774
3110057566
3110077936
31103923
31105922
31108138
3111226033
3111553475
3111804226
3111821937
311193489
3112092626
3112351726
31126587
31128529
311314150
3113317424
31139034
311396471
3114257885
3114313702
3114503532
3114721961
311474165
3114836574
311484788
311490088
311496187
3115299356
3115495914
3115897491
3116017533
311618807
3116349046
31171108
31171238
311714148
3117167842
31176167
311792996
311830646
3118486504
3118601597
3118757238
31187615
311876503
3118777113
3118910513
311976567
311984972
3119862113
31198756
312012290
312023933
312037303
312077424
312089154
312191469
3122338815
3122424773
31224491
312262461
3122645214
3122785923
3123286511
3123386545
312355843
312552994
312562323
31263848
312759403
3127733541
3128240904
3128273585
312830298
3128363869
312848459
3128782139
3128784467
3128945490
312940197
312991399
3130016609
313006206
313054802
3130809033
3130876335
3131084483
3131108943
3131200246
3131243261
3131344053
3131412821
313156779
3131585530
3132533994
313301124
31332817
313331647
313380279
313381541
313389170
3133941083
3134376726
3134386371
31346419
3134729586
31349551
313550838
313612019
3136157805
31362753
3136761149
31373677
313784944
3137954355
3137959013
31380152
3138193305
3138219302
3138425305
3138493454
313890182
3139125733
31395873
3139595657
313997277
314002904
3140033687
3140139857
314031125
3140662712
31408224
3140887766
3141631506
3141672447
3142153636
3143216799
314331146
3143559223
3143750061
314467617
31447043
31448660
314492727
314497777
3145273889
314535201
3145408741
3145521540
3145525543
3145602343
314561651
3145697041
314589539
3145935035
314595340
3146153982
31464977
314660271
31466326
31468221
314692357
314700035
31471559
314723101
314734443
314754247
3147615064
314769185
314821477
31484145
3148642191
314887022
314891145
314904148
31493863
3149443198
314949818
31503048
31504542
3150799645
31511502
31512260
315129564
3152110454
3152272854
3152354474
3152583071
3152735618
315296719
31530480
315316464
3153560332
3153745334
315382330
3154109682
3154147845
3154424704
3154681582
3155133840
315532862
3156120964
31565351
31565500
3156778547
31569357
3157003525
3157015988
3157531007
315779591
31578194
3157985039
3158157865
3158180370
31583882
3158389082
315843621
3158979316
3159080511
315914263
3159148494
31592427
31593873
315942970
3159556177
316002348
3160063679
3160123429
3160201248
3160294398
3160435705
316058570
316086893
3160945884
31611298
316115307
31618527
316247661
316299118
3163148070
3163284887
316358854
31639623
316443131
3164456630
3164640757
316468335
3164691235
316471312
3164751252
31649027
3165122103
3165293218
316535910
3165393827
3165813566
3165897999
3165903396
3165949670
3166060478
3166107148
3166124234
3166707444
31667539
31668817
3167438294
3167708917
3168011603
3168161854
3168239910
3168247662
316878270
3168929006
3168944977
316913396
31697485
31697703
3169861473
3169916217
3169979673
317020074
3170980063
317099929
3171054612
3171624919
3171860924
3172262025
3172564586
3173015059
317349627
317356940
3173871891
317396362
317410841
317433592
317522823
317532503
317547519
317646821
3176738727
317691569
31771149
3177938499
3178118313
3178125462
31782245
3178329281
3178448820
3178522242
317861977
3178688418
317907582
31792400
3179558486
317960022
317970353
3179984552
31799864
318034432
31806140
3180636202
3180658286
318091093
318100941
318160946
3181676683
3181845210
3181853772
318240030
318250169
3182974745
31830589
3183193171
318332175
3183355176
3183431021
3183630198
3183639282
3183836234
3184011989
3184078936
318411384
3184205600
3184557788
318482787
318523752
3185437874
3185540346
318580253
3186878430
31870446
3187051807
3187062216
318761159
3187824193
3187911848
3188152800
3188165797
318821115
318824591
3188352661
3188762610
318933231
318951712
3190078747
3190344522
3190569833
319084814
319100065
3191242372
3191251289
319128454
3191777174
3192034808
319207370
3192227121
3192477271
3192520584
319262173
319276573
3192855216
319308389
3193250417
319353810
3193774820
3194071636
3194464862
3194497161
3194502006
3194584159
3194592704
3194629683
319477370
3194776550
319492159
319492966
3194962608
3195129422
3195238495
319594201
3196494064
3196847256
3197770658
3197774903
3197921
319855231
3198698495
3198867087
3198896307
3199033990
3199367201
320014945
320162039
320213831
3202294025
320232753
3202465678
320297976
320348529
3204815217
320523740
3206155342
32072737
32072838
320733072
3207332950
320739724
3207486123
320826619
3208744252
3208884453
320893919
3210011278
321065043
321072317
321103656
321201408
32121726
32122599
3212374322
32128746
3212891379
32133117
32133228
3213725730
32140995
3214215129
321425796
3214331029
32148675
321493545
3215182751
321578962
321586997
321589427
32162441
3216567403
321669115
321747695
321774180
3218229703
32183443
3218398498
321870550
32194972
3219670392
3219837296
32201297
3220242956
322103704
3221117109
322112501
3221380487
322179239
3221833788
322188058
3221899499
3221985289
3222082703
322226692
3222848808
322309334
32231457
3223318914
3223366883
322379585
32241558
322433564
32244772
3224858939
3224872473
32253465
3225569126
3225658897
322572407
322595528
3225992597
322603418
3226086627
3226127409
322618609
3226204396
322632450
322643459
3226435967
3226521371
322658299
322674792
3226963586
322697372
322701800
32276803
3227982336
322814590
3228156152
322816651
322826289
3228272970
32283017
32283442
3228462070
32290703
3229314504
322949198
32298304
32299104
3230021
3230072293
3230091140
32302245
323023676
32302919
3231205985
32312173
3231404855
3231657095
3231983912
323229439
3232572907
3232966208
3233427709
3233462071
32337776
32338228
323392744
3233947414
32339805
3234069571
3234080711
32340932
3234152865
32341624
323417384
3234303979
3234315109
32343249
323440720
32346149
323465282
3235113399
3235402051
3235628181
3235749702
3236077821
3236132790
3236158314
3236303491
3236381184
3236463403
3236524937
3236743043
3237066161
32370829
32372694
32374032
3237448491
32387787
3238911671
32390596
3239159589
3239191982
3239218283
3239330680
3239337743
3239538537
323968570
323985128
3240014726
324008969
324017840
3240223393
324029056
3240330844
324051630
32405453
3240659214
3240659267
3240695943
3240910424
3241091575
32411987
32412540
324126536
3241420842
3241516467
3241685216
3241707920
3241787776
3241876331
3241975790
3242171457
32423136
3242659750
3242677586
3242957036
32429870
324301469
3243113259
32440728
3244096784
3244646871
3244720374
3244775883
3244893777
324517210
3245250341
324530230
32453116
324551714
3245582817
32456965
3245717300
3245973772
3246325157
32463503
3246576634
324724490
32472585
32473029
3247392489
32475266
32478563
3248360083
324868690
3248691361
3248779774
3248961377
32490586
3249077036
32495732
324962560
32496789
324969818
325006975
3250407883
325044863
32505531
32507664
325076723
325087506
3251817825
3251833583
3251980182
32520240
325211470
3252991812
325314732
32531656
325389183
3254103483
325417766
325433721
325448885
3254580492
325465498
3254732294
3254799601
325480259
3255074856
3255519091
3255660043
3255678006
32566037
32566327
3256767396
3256835689
3256927757
3257506098
325766424
32576902
32578044
32578142
3257885900
3258179406
3258198301
325832193
3258394557
32584664
32584728
3258918775
3259103933
3259239985
325925601
3259973154
3260148888
3260204767
3260730987
3260868965
3261013612
3261924220
32620139
3262058249
32625314
326255267
32627341
32629888
32630870
326316197
326420247
326453785
32645596
3264676995
32647792
32652569
32654460
3265525321
3265583034
3265662018
3265689666
3265754970
32661670
32669068
326715801
326760883
326765076
32677109
3267750019
326775563
32680990
326813935
3268440674
3268561027
32686030
3268669459
326872953
3268838984
3268952515
326900264
32698298
32698651
3270225054
3270293011
3270481596
32707036
3270835778
327101367
327126423
3273108918
3273439296
3273844284
327428726
327482428
327514058
3275167891
327533952
327546434
327577091
327654834
3276933727
3277187940
3277385376
32774989
3277912123
32780218
3278138922
3278679110
32787951
3278924562
3279034640
3280087819
32802560
3280339711
32804662
3281126270
3281255827
328174514
3281863351
3282248108
328244467
328260787
32826520
3283081938
328329853
32840323
3284443159
328480650
3284843616
32851355
328522117
3285528240
3285827611
3285850261
3286570736
3286792446
328679423
3286887050
328694250
3287064836
32874505
328756218
3287693125
32877315
32878258
328792635
3287999704
32883948
3288512224
3288781924
3288895551
3289189894
3289274555
3289348333
3290394333
32910033
3291315249
3291337947
3291385466
3291436115
3291580180
32916289
3291720992
329174988
3291753758
329204583
329221989
329242234
329294962
3292956333
329305241
329353102
3293786943
3293843878
3293985476
3294095301
3294776412
3294980818
3295297488
3295423333
3295574960
3295594702
3295769961
32958080
3296142256
329628561
3296450726
3296614642
3297184043
3297253791
329739319
3297630343
329770088
3297989695
3298122029
3298300749
3298379074
3298638792
3298708805
329875992
3298811321
329889022
329918652
3299224712
329925175
3299903945
330071328
3300838824
3301042003
3301118082
3301208282
3301439822
33014782
3301510786
3301752945
330178258
330178459
33018114
3301929202
330198947
3302007116
330212726
3302276532
3302440965
330255896
330271134
3302889947
330309964
33031294
33031863
3303357475
3303605923
3303652408
3304041230
330415356
330428084
3304523943
3304624120
330473364
330479440
330488403
3305121173
3305136011
3305188036
3305200264
3305338080
330537612
3305406949
33057154
330576787
330592662
3305981926
3306186389
330622017
330627711
3306324576
3306382727
3306459649
330647626
3306602484
3306961926
3307131646
3307267886
3307272098
3307359865
3307869009
330800523
3308142276
3308186909
3308691686
33087697
3308878919
3309059290
3309103381
3309105745
3309110719
3309218978
3309219404
330948135
3309605152
33098495
33098660
3309914687
330993102
3310056226
3310078175
331008964
3310369465
331048241
331089576
3311039839
3311205248
3311653199
331186650
3312024390
3312207379
3312559302
3312738828
3312840451
331317907
3313635276
3313690592
3313724424
3314139378
3314289248
33145879
33147262
3314756795
3314832530
3315017925
331507887
3315181600
33152005
3315435894
3315467629
3315575948
3315693572
3315837778
3316011901
33162916
33162994
33163077
33166794
331672974
3316823678
33169917
3317233336
331735832
3317360932
33177553
3317777511
3318044618
3318688271
331889648
33189473
331907658
33191288
3319244760
33193008
331938334
3319395368
3319396477
33194601
3319536127
3319599745
33197758
33203037
332055899
3320842808
332107841
33212336
33215923
332185953
3322041174
3322167457
3322438176
3322677364
3322679304
332318984
3323438224
33234743
3323767361
3324097989
33241594
33244601
332456588
33251140
3325640806
33258283
33260141
3326017151
3326148284
332618698
3326324000
3326515513
3327143516
332740950
3327420822
332746178
3327669647
332779083
3329028631
3329591867
332976026
3329762873
3331036485
333123777
333128997
3331386376
3331401131
333140123
3331413095
3331461735
3331674135
33321121
33321244
3332183805
3333029638
33334138
3333497937
333371161
333383774
3333981433
333457608
3334583933
333478563
3334843313
3334846930
3335097551
333551363
33356978
333631087
3336352766
33365560
3336987819
33371180
333747537
333824935
33383253
333861006
3338927518
333895387
33394634
3339642971
333983412
333997885
3340331494
3340416526
33407072
334079075
3340842686
334085451
334113724
3341156470
33412179
33414304
3341766299
33421396
334227197
3342536589
3342600166
3342621
334266988
3342923112
3342934535
334359351
3344020755
3344353347
3344540746
334465231
3345331894
3345381520
334542987
334551644
3345626650
334571039
3345754714
33457664
3346057936
3346246389
3346450762
3346509473
3346687911
3347020744
3347237649
334753503
3347995691
33480171
33482561
334872991
3348802025
33488730
334907036
334920737
334939569
334944709
3349537640
334990377
33502235
3350498171
335051175
3350641593
3350861938
335090557
3351286047
33515703
3351596445
3351760185
335177549
3351815242
3351946996
3352361115
335240330
3352466116
335247850
33528422
3352912754
33530012
335353127
33537967
335391105
3354234100
335431288
3355220261
33552949
335540727
3355409469
335600262
33561004
335649018
3356509845
3356540807
3356564511
33568931
3357277319
3357496760
335765655
3357828953
335788608
335828303
33583496
3358476335
3358500851
335919040
3359593221
335972576
335988347
335994495
336000170
336000510
33601080
33606141
3360617799
33610531
336121079
33612317
336237305
3362470552
3362535611
33627557
3362966289
33639255
3364333912
336534360
3365784490
3365873055
336637208
336656405
3367334171
33678448
3368008035
33681458
3368263791
336828167
33683331
33688018
3368940341
3369255861
336930396
3369394912
3369575812
337017099
3370336324
3371110528
3371132765
33712343
3371308145
337130991
3372256589
337261399
3373009534
3373146857
337325417
337327788
33734273
337354088
337360702
337382401
337466988
337478623
337483637
33753613
337562055
33760885
3376096510
33763632
33765178
337673402
337696211
33773592
3377571425
337795817
3378146704
33787936
3378917231
3378952744
337901574
337925974
3379658705
3379848088
33798654
3379924216
338022507
33802598
3380311032
338057229
338058932
33806698
33806999
3381197279
338191619
338219529
3382455016
338259583
338270768
338283123
338332423
3383471416
3383531893
3383656180
33838201
3384315676
338464023
3384815697
3384891460
338535317
338539723
338555977
3385804209
338608917
3386174501
3386240295
338640411
3387320239
338787319
338806313
33883353
3388416072
33887397
338875236
3388790980
338888386
33889854
338968305
3389803217
3389872390
3390133696
3390766659
3390802061
3390960802
33911222
3391169421
33913156
339145760
33914769
33915298
33919022
3392535790
3392619585
3393676473
339394135
339438595
339505294
33950693
339518468
3395436563
3395584851
3395727374
3395885849
3396028485
339611202
3396154067
33963377
3396343203
33969224
3397258065
339770467
3398360807
3398432139
339844938
339849537
339894673
33989747
33990291
33992592
339959560
339983724
3399925349
3400173533
340034680
3400559294
340090444
3401317397
340157714
34023188
3402358011
3402363635
34024892
3402534052
3402941374
340341403
340353543
3403551789
3403856709
3404212997
3404425469
3404427303
340466229
3404875323
34048927
3404915627
340544040
340596866
34061973
34063632
340668139
34070591
3407386769
3407537134
3407824378
3407935251
340806225
340838576
3408892947
3408923489
3408951
3409076470
340961193
3409912846
341001504
3410204513
34107614
3410937027
34113439
341140317
34116377
341177181
341182645
3412405799
3412605310
341278728
3412954283
3413055202
341326035
341327946
341330045
3413447592
34135079
3413608097
34141803
341557098
3416078933
341636436
341714417
341746855
34181507
3418867933
341894625
3419007160
3419251203
34198638
3420085095
3421170076
3421301013
34216888
342181234
342207356
34222024
34223501
3422827253
3423872517
3423997089
3424070074
342428496
3424726239
342485485
3424952223
3425014283
34253005
3425452425
3425733261
342603455
34261810
3426333844
3427654487
34279189
342802864
342805351
342942190
3429572062
3429723978
34299110
3429950987
3429955204
3430084539
3430117191
343058013
343087571
3431122335
343170118
343176401
343236907
3432562233
3432595179
343304139
3433516535
3433772495
343406038
3434309615
3434647973
3434773701
3435192275
3435220907
34354722
34357366
34359976
343626865
343627165
3436531059
3436611825
343726638
3437373532
343755621
343765161
3437758991
34379755
3438084023
3438220042
3438284471
34383891
3438389594
3438407649
3438421049
34385964
3438883503
343890284
3438959579
3439355824
343958195
34397624
343981623
3439914914
344040211
344044128
34409466
344182689
3442226533
344236872
3442571063
344340889
344343328
34438002
34442404
344508502
344583344
344613908
3446333117
3447022577
344735831
344742076
34476079
34476263
344794448
3448022993
344852878
34485937
3448631417
344924503
34493952
344988803
34505616
345073943
34508618
345117180
345170787
34519996
345232857
345278982
345365317
3454428737
345454327
345464848
3454897996
345504454
34559099
34564752
3456737794
34568634
345714138
345717251
345734343
345750512
345798491
345943036
34598014
346046516
3460532431
34605903
346067781
346083132
34610599
34611886
346173354
34622727
346242200
346275669
3463490114
34635043
346400805
346415447
3464917999
346497911
34653764
34655603
3466132813
3466243697
34662903
34664371
346696663
34676481
346809444
346830590
346849447
34686274
346864842
34687468
3469089194
346964561
347004719
34701524
3471109580
347120386
34713362
347193582
34720331
34724341
347276297
347286842
347289480
347303318
347340965
347403261
347443535
347503765
347536519
347630195
347652073
34765296
34774807
3478327696
347871494
347877311
347878358
347888692
34789232
347931190
34793128
347970642
348014105
348023903
34807004
348090355
3481182319
34827666
348379865
348438039
348544759
3485971
348659640
348855905
34889027
34895373
348956319
34895713
349014752
349065597
349069899
349091626
349137313
34916844
3491730432
34918353
349209725
349246690
349249475
34924998
34947826
349553218
349553348
34960648
3496371972
349666319
3498113114
349841680
349845069
349860257
349866603
34989248
3499128372
34996738
35008043
350130565
350132994
35018890
35019660
3502528829
350379608
35043612
3504650057
3504704069
3505533083
350599825
35060887
3506103441
3506130508
350731629
3507727094
3507765373
350811988
35082153
35083292
35083599
35084627
3508593028
35094637
35096062
3510172697
35101986
351034720
35104025
351049789
351050716
351059677
351089434
351092521
3511046535
351118967
3511226595
3511241297
351130417
351136186
351249894
351256975
3512685376
35128265
3513224901
3513456796
351408233
351417389
351483701
351484606
351541320
35159466
351723025
351813520
351848444
351856276
351860420
3518864172
351895346
351897105
351899084
351900962
351945246
351959386
351991258
35201078
35203403
35204077
35213582
352190613
35219716
352262186
352358792
3523764733
352499224
3525405374
352548417
3525808576
352589854
352600047
352636737
352718510
35278910
3528183493
35283239
35287636
352969005
3529690703
35303072
353074470
3530854813
353096992
353124829
3531316393
353140801
35314545
353177152
353178677
3532122080
3532246276
353262603
353272992
3533231
35332405
353325450
35337644
3534222021
353443410
353474292
353475391
353508962
353510815
35363440
35367443
353674610
353708114
3537641596
353770243
353781773
353820494
353847883
353890966
353903334
353904158
353957271
353962723
354042424
35404871
35407181
354075111
354133033
354248385
35425209
354267800
35430235
354303761
354341115
35434478
35442348
354431372
3544676597
35466620
35472161
3548096477
35482922
35483042
35483226
354864234
3548747057
354938896
35496178
354967100
355137386
355148707
35516339
35522299
355262569
3552772155
3554721
355566549
355581570
355595396
355598206
3556193720
355625088
355668926
355696940
3557041940
355708717
355731704
355745076
355756954
355795765
355800901
3558242956
35583547
35585695
355862161
355911954
355948840
355989081
355995886
35611038
356142208
35619835
35625582
35631163
356326250
356328883
35634979
356421622
356424952
35642996
356447941
356546958
356564509
356570650
356572382
35658874
35661932
356631933
356742347
356745883
356750919
356757851
35677344
356800590
3568294035
356856202
356883687
3569291842
35695228
35697294
357034624
357036849
3570505877
35708579
357090058
357091540
357092583
35720095
357214959
357270132
357292724
357356566
35735895
357398816
35742815
357430585
3574846752
357523121
357566761
35758259
357596533
35760904
357634573
3576597853
35766305
35766965
35767916
35773039
357846696
35786681
35787166
357894852
357947783
35798784
35798828
35803565
35805111
35805201
35811347
35815074
358204197
358230596
358253618
35826823
358283094
358311915
3583966878
358435647
35846837
358504373
35865630
35867110
358692837
35877137
3587750357
3587780596
3588040277
3589010426
35892546
358930753
3589351635
358939375
359074674
3591246913
359137606
359255296
35926848
359403242
35941034
359412210
35948186
359568435
35961339
359644146
359666633
35971407
359776898
359831209
3598419913
35987103
359909486
359909501
359912555
35997368
359987390
360004006
360098209
360123309
36016773
360197336
360280546
3602858355
360369653
3604525336
36047098
36051159
36054262
36061264
36066931
360711883
36074231
3607691962
36083751
36084431
36087451
36093620
360988226
3610008439
3610113615
361128467
3611396295
36117835
36119194
36137348
361377156
36139166
361418114
361423497
36144464
36145914
361468994
361517390
3615433823
36155311
361584433
361617144
36163474
3616682780
3616821916
36169080
36170996
36173852
36175632
361763891
361796361
361833425
36185294
361902109
3619206856
36196568
361982257
361983005
362009470
3620549294
36208397
362089046
362120442
3622154472
3622368202
362251737
36232268
362383
362400545
3624213015
362437997
36248431
36251026
362611279
3626236933
362642209
36266589
3626794414
362688664
362695928
362708485
362743043
362765684
362787242
362815988
36283146
36288082
36289115
362946550
362986960
363008381
3630371311
363041761
3630535284
363101767
363145197
363250459
363259494
36327407
363341250
36339032
363394373
36339766
363426409
36344975
36352119
363529473
36371994
363724934
36375459
36375662
36380531
3638215945
363823043
36395646
363999063
3640330280
364123195
364132005
36414454
364175805
364232862
36424664
364253822
3643411875
36438261
36442085
364463420
364478729
364499332
364534938
364542584
364598854
3646911
3647091072
36472130
3647412141
3647685214
364814582
364830881
36484465
364851920
36488698
364983132
3649842374
365101425
3651173116
36517221
36519939
36521470
36523427
36528126
365340895
365344176
365363323
365373885
3654074669
3654212837
36542528
365481875
36550187
3655368924
3655540349
365558123
365576220
3656171476
365617235
365650528
365652164
3656850915
3657013654
365709722
365732722
36573991
36577200
365849822
3658799954
365880378
36588590
365905763
365923771
3659322193
365991821
366007237
366024705
366035152
36611849
366167586
366222792
366258060
36631111
3663359301
366374544
36638077
366446625
366483749
36648973
36652462
36653537
36665547
366712624
36672360
36673147
366761896
3667885174
36683532
36683560
36686040
36693971
366970233
3670614857
36706851
36711678
367214244
367219804
36725121
36725909
36732619
367383449
367388411
367438326
367489108
367499971
367514703
3675681314
36757604
36759953
3676507156
36769022
3676952237
36771787
36771809
3677621832
3678797479
367926720
36793140
368030952
368032617
36806880
36807420
368250896
368250975
36826488
3682959614
368306699
3684024141
36840597
368472546
3684848423
368562347
3686529976
368656788
3686628867
368711188
36871775
3687404365
36876990
368870733
36890364
368910785
3689871852
369059154
369078143
3690888203
369164013
36918372
369192483
3692128462
369305730
36931693
369361165
369379594
36941760
369504270
369529784
369534015
369573499
3695759352
369583954
36959762
369602017
369620366
369648215
369672248
36969470
369714563
369715385
369726404
36972997
3697360401
369760961
369770759
369779823
36978467
369828299
369901017
3699306921
36995380
36996853
37005435
37005437
370072541
37008697
37013222
37020800
370228061
370231471
370261250
3702616576
3702790037
37036390
370422357
37046857
37048866
370489604
37050704
370580371
370607312
37061150
370697459
370726302
3707373792
3707553133
3707759232
370793289
370859141
37086942
370968774
37100077
37103904
37106056
371094178
37112674
371156355
37115912
37127850
371381653
371444442
371452478
3715051
371539066
371594715
3716116994
371647364
371797880
371842668
37186839
371890989
371895528
3719300057
3719799136
3720042855
372046819
3720579377
37209193
372187968
37222058
3722854762
372314638
372346211
372347731
3724521614
372456694
372467371
372486798
372570563
372587109
372642280
372647554
372661481
372677761
3727338015
372777814
372798512
372798992
3728188701
372907728
372922391
372993453
373005245
37303498
373082914
373151147
373183795
3731897535
373205943
3732205885
373244712
37326823
373338732
373396902
37340424
373410448
3734155633
373452414
373468496
3734782041
373617451
373644362
373683618
37368948
373740777
373853722
373872556
373952620
37397428
373992687
3740061195
374031650
3740334387
374047420
37408442
374135040
374224886
37422522
3742784187
37438284
37442005
3744281
374451027
374517706
3745569193
374560910
374658826
374709955
374717196
3747886877
374858898
374904382
374951750
3749677108
374982287
374985218
375092310
3751450582
375145319
375184161
3751949236
37521145
375224383
375300670
37531278
37551096
375715649
37573894
375742729
375773220
375828308
3759021674
37593036
376010035
376047382
3760646959
37606723
3761109329
37611991
376180305
376190658
376191717
37622069
3762716356
376291394
376358488
376364316
376385312
376387897
376410700
376444395
37645010
37645132
37645542
376483523
37649776
376502929
37655212
37655765
37661465
376618077
376639510
376728505
376831467
376875289
376920145
376922057
376952128
376955768
3769698084
37698170
37700663
377123866
37716611
37738073
3774186674
37742873
377467601
377515866
377519609
37752089
377579573
37761415
377664245
377723508
377779477
377809470
37781492
3778655533
377876774
37787774
37790393
37792278
377959301
378028654
378118067
37813045
378141565
378143252
37818106
378184596
378246792
378264579
378359329
378369467
37837907
3783921803
3784517893
378495208
37853509
37871411
378728498
378730236
378746121
378748333
378757208
37877650
378778417
378836389
3788424317
378930683
378940502
37899481
378999405
3790074193
379095068
3792109097
37924397
37929948
37934216
37935744
37940072
37940975
3794100312
379411835
37945830
37947867
379518072
37953084
379543670
379590591
37961617
37969255
37969480
37972057
3798980548
379898152
379941935
379977569
379980176
38003148
3800463014
38007797
380105755
38013768
380182503
38027006
3802712895
38034435
380344760
380355731
380435147
380455999
3804776547
380487157
3805321334
3806882915
380749300
381113374
381143449
381152398
381157332
38116400
381174013
3812034735
38125774
38125898
381303723
381330343
381369140
38138829
38139268
381410023
38141698
38150247
3815048243
381516788
381611756
38161191
381620400
3816567737
38167858
381752827
3817536262
3817942692
381796074
381813372
381829918
38196475
38206864
382090639
3820960634
382134136
38213768
382147990
382181117
382193044
382267114
382269545
382311602
38232159
382376904
382406247
3825004059
3825227669
382572073
382615996
382646724
38265217
382665518
3826837943
382687915
382698473
382740274
38275814
3827816878
382788364
382810104
38281056
38282048
382823424
382855291
382856144
38286072
382878093
382880044
38289016
38293850
38302101
383140759
38314814
38320158
383379493
3834645913
38349184
3835084227
383549176
383586086
383601432
383734017
3838208654
38382552
38387578
383915183
38400130
38413836
38421062
384215987
3842652433
3843330381
38434191
38434723
384363377
38440946
384433579
384438102
384442046
384460730
38448220
38449826
3845161156
384529510
384532351
38456605
3845752462
38460961
3846396760
384700262
384763249
38477209
384772458
38478364
384794612
38483255
384852760
38485482
384891918
38491229
384913290
38495037
38498866
3850061715
385037555
385053687
38507478
385099876
38512457
38516689
3852099016
385291293
3853053749
385306338
385310610
385326089
38534021
385344053
385346548
38539421
385433544
385473825
385521385
385521929
385522168
385528891
385600524
385611809
385656130
385669174
38567159
385689121
385714610
385731093
385772566
385785765
385883466
38590277
386056280
386083521
3860849414
386112742
38612007
38614324
386169875
386170037
38617573
386182885
386209417
38631682
38638595
3864499175
38647512
386507775
386509139
3865815918
386588472
386604898
386612596
38662605
3866705320
386712911
386830764
38683121
386901709
386915587
386975801
38699138
387027891
3870854008
38708614
387088533
387094787
387186414
38721398
3872489297
387258838
3873362656
387346119
387353677
387465176
38749782
387506606
387543574
38762773
3876322150
387778715
3877924333
387980164
3880196242
38802824
38808088
388125509
388165733
388227860
388237790
3882596779
388283886
38830654
38833974
38834516
38837151
3883945932
38842466
388454072
388469209
3884832135
38848802
3886079894
38873232
3887671300
388768139
388774547
38880112
38882763
38885578
38887864
388982710
3889994655
389038362
389064459
389067673
389068535
389127684
3891325932
389313566
389374849
389380259
3893986707
3894003321
38941075
389492817
389542893
389543459
389574816
389681437
389701913
38970940
389727369
38977910
38978291
38978722
389792979
389801920
3898305639
3898766482
389888261
3899497877
39002335
390040217
390065224
39008044
39009060
390121203
39012232
390145855
39020403
390234152
39023617
390257537
390276551
390284285
390288192
39030654
39032403
390377012
390389073
390392773
390448687
39048899
3905515513
390568205
390607605
390627891
390691770
39073297
390770221
390800843
39080435
3908249532
3908301134
390863217
3909195373
3909460715
3909461832
390968854
390972165
390999601
391084315
39108656
391100856
391134462
391219846
3912788789
39130254
391303274
391304657
391336945
391445643
391474015
391488297
39152981
391601240
39166646
39171520
3917217552
391775735
391790406
391844287
39191308
3919177514
39197185
392015001
392058924
39211040
392130661
3921327737
3924677112
39248787
39250142
392506639
39252761
392546979
392567874
39257389
392593057
3927258395
392818437
392847346
392884284
3929063781
3929140655
393066504
39307307
393111043
3931283419
39316372
39317273
3931884312
39319668
3932634460
39327976
393319467
393341763
393348427
39335186
39335994
393378587
39340515
39343428
39344961
39349202
393541673
393542175
393562221
39357201
393574730
3936254592
39363952
39367703
3937111575
393715210
39373519
393735994
3937528583
393811791
393815189
393862050
39387668
393885518
393902100
393942843
394015406
394022301
394031689
394041325
394087611
394101339
3941351055
394147536
394154071
39416218
394176126
394216985
394230029
39424657
394264593
394269130
394269528
394278001
394339171
3943669453
394407875
394420238
394429161
394483826
39453747
3945716800
3946431
39473115
39474868
394782575
39479083
394824488
394887132
3949720273
395010447
395070828
39512124
395299284
39530187
395373161
395414198
395453683
3954554172
39546945
39549428
3957074657
395715619
39579133
395805052
395853126
39589819
39596518
395971308
39607824
396111326
39614857
39615521
396163676
396190545
396230445
39630126
396349377
39635084
39635446
3964832578
3965004861
39650205
39650822
396577487
396602871
39663864
39667408
396720814
39687915
39689218
397014675
3970166655
39704353
397053987
397105478
397117782
397123366
3971883682
397190856
397218237
39725438
3972554675
3972562461
39728371
39728435
39730284
397345931
3973575159
39736714
397405723
39743812
397490403
397497979
397501227
3975585192
3976570753
39766822
39768709
397689316
39773949
397749650
397762359
397767270
397782791
397836878
3978551435
397951790
3979810455
39799109
398007505
398021376
3980427134
39804292
39822897
398304192
398327660
398346107
398350495
398416585
39843214
398467201
398477344
39856006
39859394
398627964
398663437
3986835197
398685554
398706957
398752046
398785825
39879120
398795749
3989397732
3989678283
399154090
399197387
39922259
399277236
399380884
399388284
39940943
399412477
3995036555
399529394
3995311391
399538510
39961848
399655833
399665808
3996771086
399709147
399723501
3997566492
3997635853
399779729
399814591
39982410
39986021
3998750533
40000620
40001204
400089636
40009893
40010093
40010154
400128084
4001397299
400164617
400255860
4002737098
400312531
400359877
400382639
4004246320
40044371
4004939602
400532983
40068395
400690158
400703460
400712618
40072936
4007295494
40075093
40077017
40079685
400858078
40087733
40088181
40089945
400983194
40099386
401017163
401068720
401090263
4011399389
4011750928
401212191
401284516
40133712
401418720
4014433817
401574044
401579943
4016363122
4017404229
401768082
401775393
401788588
40183293
4018940705
40198892
40204560
402091536
40212920
402169706
40219672
402295384
402337670
402454021
40245758
4025202275
4025402902
40271429
4027668855
402780134
402830774
4028751976
40296465
40297217
402997846
40311707
40316065
4031994734
40319965
4033600632
4033772715
4034327953
403459590
403533781
403536668
403572542
403573735
40358743
403765458
403850319
4039134253
403926614
4039345572
40397155
40397897
403991138
404007522
4040534960
404066419
4041811152
4042157893
404221139
4043007852
404320298
40433343
40433607
404462068
40449158
404508332
40451155
4045745620
404586716
4046073927
404619155
40462935
404639965
404653733
404661154
40467140
40468955
40472159
4047343409
4047396501
404764872
40481816
4048893132
40505130
405073767
405104979
405190919
40519997
4052130916
4052362218
4052606715
4053209344
4053507913
405444409
405451104
40548108
405504389
405541340
405550114
405709299
405769071
405797288
4059038957
406020164
406045135
40604613
4060462094
4060639692
406079406
4063050700
406382833
406389017
406420931
406527960
406546054
40654708
406658267
406699838
406761349
40680010
4068012749
4068090275
406869976
4068709487
406917752
4069841354
40704088
407053372
407063010
407079857
40709756
407135737
4071576372
4071741552
407186784
40733615
4075260973
4075760297
407614732
407643068
4076656275
40769712
4077439067
4077694816
407882405
40788823
40790105
407944050
407963174
4080480435
408072407
4080900613
4081106480
4081766241
408200652
408293666
4083165995
408343240
408347027
4084799753
408638271
40868132
408729820
40875530
40879267
408898649
408908276
408913
40892318
40893150
4089711993
4089788494
40904203
409052781
409069081
409138943
40918816
409237236
40927173
409281529
40928919
40931023
40937793
409407637
40943309
409460129
40954616
40960328
409615650
40964106
40965341
409684822
409687240
40971109
409753732
409817008
409937739
4099583055
410075991
4100827096
410105628
41011143
410121512
41012191
410151321
41017380
410214497
410227834
410237839
41024302
4103214737
4103231833
41035489
41038352
4105010958
4105766727
410582571
41061127
41066735
41073372
41084386
41088384
410950195
410971537
41103517
411108662
411133921
411178789
41117987
41118841
41130914
4113591387
411393747
411396541
411403430
411462071
41153898
411545032
4116157754
411646375
41171239
411742302
411808317
411861822
411920751
41194487
412006529
41201146
412037761
41204222
41207820
41209938
41211498
412177159
41218060
412218262
412359316
41236516
412381421
412474587
412623324
412656024
412660221
412667425
412710623
412720177
412761843
412891380
412947950
412948963
4130100314
41301387
4130216207
41311495
41312733
4131433851
413212673
413214567
413250668
413253370
41325542
4134412067
413442657
413482705
413483863
413522406
413524073
413524974
41359434
41362922
41363075
41369172
413752616
41378381
413802355
41382780
413927547
413947981
413961753
41405468
41406567
414099990
41413338
41414557
4142057435
414247520
414250918
414303697
414374123
41438148
4144027332
41442340
414436134
41452572
414678452
414696414
414726712
414818069
414869859
414960647
414962189
4150255185
4152020367
415208978
4152091468
415209332
415278846
4153075270
4153160533
415339189
41538528
4154078897
41542581
41544839
415472140
4155047233
41550606
41551699
41561657
415724228
415769905
415773425
41577599
41580964
41582030
41584385
41584672
415860281
415877223
415898636
41591452
4159441272
4159571
41602172
416025003
416074377
416121938
416122442
41627437
4162830253
4162996463
4163733795
4164012074
416476798
4164932333
416553239
41655821
41657401
416610759
41664253
416690954
4168028659
416814339
4168242695
416879030
41687953
41691587
416962434
41702018
4170491
417088177
41712041
41718753
41719739
41724474
41734930
417356769
417384367
41750056
417527817
417555594
417571583
4175845635
41764136
41764820
417717677
417726266
417739798
417789205
417797707
41783471
417856150
41787921
4179013274
41795428
4179563000
41799103
4180021247
4180072252
41802124
418046783
418199730
4182894076
418293509
418444977
418478013
418582681
4185877812
4185881038
41870241
41874178
4187441979
418782191
4189054053
4189246096
41899582
419053542
41914440
41916943
419194764
419245995
419280715
419298953
4193694525
419524840
41958993
419604350
4196505444
419660903
419757788
419780201
4197995774
419851103
41995589
41998790
41999549
41999741
420017699
42002802
420057347
4201924096
4201996751
4202160556
420240476
4203239195
42034114
420366322
420409358
420461348
4204665382
420468181
42049824
4205115982
420518127
420572093
420606434
4206632655
42067025
420810311
4208164872
4208585652
420898915
42093992
4209694694
42101836
42101913
4211120206
4211226917
42117389
421256506
4212795134
42141479
42142250
4214321
421495337
42149881
421658968
421679071
4217869511
42179954
421836759
42184065
42185602
421900235
421905939
4220380829
422042144
422043691
42209362
422142820
42220353
422207050
422360342
4223855066
42255257
42258864
422798683
4229040399
42290868
4229345533
4229532921
42300064
4230031175
4230124083
4230733031
4230948616
423135707
423178047
42325862
423287286
423345974
42338316
42341746
42343812
423462477
423548238
423631989
42373491
42378378
42382503
42384748
4238772133
42389136
42390991
42391676
4239189972
423971188
42406704
424144191
424159523
42416977
4241915717
4242639484
424373786
4244088497
424464903
424578089
424660058
42475154
42476284
42481831
42482224
42486455
4248993381
42491302
424923977
425077747
425124911
425167544
4252296618
4253031505
425311350
42533156
42535683
425467092
4256039579
425617349
42567483
42571514
4257412673
42580197
4258268057
425881170
425893710
425899517
42595173
426021342
42622053
4262438479
426344026
4264113897
42645874
426507183
42651013
4265603909
42658822
42660183
42662397
42671361
4267163152
4267305016
4267453091
426768273
4268249172
426893102
426962696
426970764
42698498
427037301
427043715
427059715
4271366181
427142324
427168678
4271861314
4272651382
42734439
427344695
4273614641
42747906
4275050655
42755244
42765016
427688911
42769016
42772527
4277523495
4277617239
4277617342
427899804
42790254
42791906
427942584
42817118
42821540
428371211
42839072
4284039203
428454304
428518842
4285478254
42855444
428599683
42866071
42869411
428718110
4287871642
4288017807
4288322237
4288869151
428905360
4289055375
42891240
428944666
428982588
4289868493
429047408
42906876
429208535
42921639
42927636
429298107
42929895
429343469
429389807
429471504
429474617
42952078
429522710
42953981
429580982
42958829
429769093
42980426
429809205
42983659
4298458539
429851351
42985637
42987833
429952358
429977742
4300636456
43010499
43014978
4301940134
430220172
43023837
43024351
430272371
43029323
4303298356
430397794
43039891
430440014
4304448314
430589068
43061572
430620548
430666510
430692087
430763384
43077446
43078558
4308041962
430837389
43084679
4308516461
430966134
430995737
431023014
431029718
43109236
43110614
43112659
43113310
43115163
4311765681
43126175
43132686
43139414
431486478
431530533
431586713
431626908
43168615
431765849
431777800
4318468333
4318639042
4318854090
431892276
43192807
4319618547
43198449
4320228856
4321133652
432145565
4322395516
4322482820
432263329
432272055
4322732242
4323009861
4323278247
4323518302
432365580
432440242
432468870
4324873994
4325398279
4326463994
4326859634
43276916
43278778
43280910
432809372
43289403
432943643
43298203
4330102632
43302081
43303934
43304655
433068160
43309233
43310733
43312141
43317911
4331808335
433207702
43326045
43332560
433359917
43338578
43352106
4335487632
43359022
4335969978
433623743
43368985
43370680
433760083
433766266
43380004
433836989
43383705
4338452835
433893959
4339015883
43403778
43408626
4340901132
4341706653
43418594
434206192
4342369593
4343198435
434346330
434370600
4343997013
434451502
4344589042
43451256
43454212
434636085
43464027
43464948
434655132
434738008
43477325
434790644
43483364
434844586
4348765522
434940789
43495531
435086093
435094186
43509988
43510607
43517172
435188926
4351925176
435232010
435260935
435279193
435331179
435404423
435440622
435497565
4355187988
43552586
435542855
4355731
435574293
435619976
43568101
43571168
43573326
435746354
435819115
43597755
436019839
436026559
436086360
43611815
436141986
43620649
436266454
43633246
4363421652
436358425
43638469
436426924
436470131
43651678
436593707
43660789
4368381021
4370537475
4370562018
43709135
437109855
4371285852
4371889817
437218965
437429524
437474030
4374854716
43751325
437579037
437600294
43761682
437730495
437831345
4378855216
437939699
43797101
4379712558
4379971218
4380071233
438168212
438168407
438257018
438284978
438355707
43841697
438443784
438444719
438467375
4385067303
4385131273
438656496
43868179
43868224
43874352
43879159
43885373
438865748
43887634
439035260
4391165297
43913924
439203776
43924817
439249630
4392742761
439316860
439466065
439494342
439581679
4395821867
43965658
439673699
43974581
43982437
439832704
439846510
43989016
43993601
439954442
43998427
440030717
44020361
44021545
44021804
440227516
44030337
44039565
440551449
44055538
44060932
440647714
44067298
440690311
4406949047
440695991
44072036
440731894
44084633
440916146
44095512
44096053
440973240
4410362954
44111862
4411372099
441162523
44120635
441234489
44126404
441302923
44132303
441460736
44149300
44153291
44157878
44168607
44171755
44177201
44177383
441779125
44180616
4418429837
44189440
44191697
441922153
4420051113
442062358
44224079
4422477201
442271643
44228076
44229815
44231366
4423533136
44237013
442437582
4424528603
442565563
44257457
442593662
4426557017
442677627
4427190814
44286426
4428750924
44294961
442976787
44298484
4429974280
443033172
4430530575
4430622197
443124474
44315238
44315297
443191813
44324383
44325947
443324025
443328404
443337302
443369826
443490248
443567574
4435862354
44359302
44367945
4437183494
44373882
443803826
44386867
443885914
44394497
4439631201
44397959
44409004
444096351
44413353
44418062
444378105
44451545
444522096
4445908945
44467726
444767893
4448002766
4448014634
444838837
444859403
444880629
44488467
44490432
445078409
44519248
445210753
4452856713
4452951
44530272
4453513463
4453812625
44544222
44558414
44578328
44580409
445876808
445880830
44601026
446173045
44625917
44631411
44631433
446316582
44632715
446388764
4464864976
446514564
446541402
44654714
44661077
446632438
44666348
44672556
44676624
4467703452
44678417
44686962
44693072
446937299
44697418
446974428
447029209
44704055
44704537
44710171
44712792
44718864
44719130
44728980
447496357
44750985
44758474
44763075
447654825
44774279
44776017
4478350998
44784934
447851721
4478593221
447998693
4480118843
448017725
44808326
448088583
4482360561
44839509
4484115214
448461621
448493391
448504301
44874652
448805820
4489137138
44897971
4489808414
44902294
44906101
4490823374
4492124954
449272298
449326665
449415912
4494160287
449422338
44945327
44946325
44949890
44955232
449573716
44957606
44961616
44961877
449636746
4497107842
44979650
4498209202
449864075
44988185
44990136
44992488
449965092
44999681
45000407
4500169334
4500218114
45009640
450133368
45014353
450259838
450289619
45038044
450447796
450474254
4504778653
450539646
45059333
45060147
4506214107
450667485
4507521
45075214
450762904
4508180428
4508834415
45094193
4509497893
45097443
451013291
4510762632
45109741
451192624
4512124108
451260166
45128645
45142252
451460545
451482737
451585651
451596236
45162363
45163272
451756372
4518265397
4518282552
452139126
45214107
452187263
452411446
452452428
452457931
45259327
452607396
4526791
45268182
4528602807
4528810516
453030125
453065573
45313198
45314159
45323019
4532581338
453374987
4534461314
453467320
453473029
4535092202
453581529
453594174
45360908
45371459
453782538
4538392157
453998026
454034796
45406521
454067089
4541000969
4541164574
45413261
454197888
4542281174
454278875
454360094
454361580
454457345
45447681
45451524
45455483
45466926
454696257
4547752654
454800539
454853551
454909858
454933267
454939194
454981027
45500908
455256867
455259919
455269365
455288410
455292321
45529549
4553061
4554120017
45550693
455614452
455713101
45573874
45578720
45583209
455833092
45584284
455869077
45591393
456016010
456056180
45607805
45618045
456228105
45627710
456358071
456361587
456418900
456465801
456471908
45647701
45655109
456584644
456628722
456636692
45667380
45669384
456794981
456864723
45688457
456967378
457060718
457212971
457280859
4573911920
45747400
45762306
45762624
45768509
45770236
457711953
457742469
4578080239
45782565
457857996
457884215
4579516306
458035383
45804847
458058752
458068271
45812445
45814402
45819745
45823110
45823122
458234232
458319504
45834623
45840174
4584307332
458455072
45847801
45849641
45849858
45854037
45862515
458707506
4587325345
458754276
45879114
45881767
458910435
458920494
458979801
45900567
4590475515
459092531
4591161
459119926
459126134
4591961652
459271257
459333268
459461248
459530092
459606762
459626414
459732610
459735022
459764007
459815426
459843135
45990277
4599525252
4599712092
4601931155
46020276
460204018
46029061
460292158
4603472537
460368644
460518256
460579192
460618511
460660317
4607024296
46074537
46078438
46081904
46087412
460909682
46096376
4610065936
46104109
461134649
461140983
461212731
461233700
461281625
46134530
461444610
461447495
46145748
46148540
461509699
461577457
46158001
46158711
46162423
461678092
461688027
462076892
46208230
4621392093
46220856
4622344332
462288600
46238429
46241234
462495637
462513428
46260823
462712512
46277183
46281757
46289382
46292038
462941616
46296123
463054608
46306646
463127222
463145204
463194200
463249836
463255536
46335511
4633764912
4635379238
46353884
46370120
463745424
4637858597
4638225918
4639195224
463941256
464056843
464067709
464119756
4641709514
46427326
4644395895
46444336
46451072
464530974
4645726775
46460967
464647205
4646911700
464694427
46470122
4647164287
464751247
46479416
465023004
465057044
4650824990
46521556
4652508432
46527860
465299935
465698190
465750322
465760028
46583501
46594451
4659626701
4660383812
46603880
4660746949
466145821
46621270
4663716030
46639695
466400667
466420208
466466267
46648807
4665265835
466528970
466532637
466578596
46669559
466721952
466803699
466835878
466855555
46686058
466864852
46694497
46711226
467130216
467131207
46715437
467211769
46727847
467367566
46739782
46743920
4674884575
4675061922
46756531
467586819
467634893
4676910372
467701148
467709997
467730106
4678058142
46780776
467869874
4679612821
467999608
468016891
468078656
46808944
468150724
4681523918
468249929
46831734
468320337
468326912
468517832
4685580510
4685821309
468589378
46862123
468646961
46869333
46870495
4687097786
46873986
46876456
46879943
4688048388
46882012
46898164
46899351
469044191
469046717
4690693400
46910766
4691406558
469149222
46917724
46919036
46923131
46929472
469350414
469350610
469508969
4695338178
46958872
469651287
4696552878
469809263
469891600
4699063596
46996481
47003347
47008273
470099591
47016152
470222557
470225152
4703270250
47034524
470383386
470457803
4704930607
470505158
4705196303
470602430
4706191229
470637958
470797902
470808766
47085577
470919829
47094621
4711326499
4711685906
4711717992
471189237
47119099
47122016
47123519
471279913
471295442
47130663
47139982
47140175
47141124
471426839
4714400595
471454581
47151577
471615885
4716565044
471713421
4717321174
4717370366
4717662780
471773172
471781538
4718140370
471831519
47197217
4720227553
47203593
4720662882
472105019
472122299
472145673
47227386
4723490729
47253430
47257935
472594909
47261507
47262697
472690988
472830024
47285666
472872558
47292563
4729410290
472983997
473033224
4730675532
473084098
4730946619
4731132313
473204780
47321263
47334057
473393426
47340859
473453466
473494360
4735373248
473625140
473633388
47363493
4736578693
47371302
47371589
47374604
47402168
474041895
47414934
474152249
47419120
474366240
4743706032
4743967754
474423415
4744353975
474467264
474511579
47452040
47454092
4745426293
4745777055
47465882
474662932
4746706531
47468802
47472049
47475039
4747973338
47483086
474887617
4749115763
47493322
4749386172
474964424
4750634834
4751097822
4751330773
475138726
4751468954
475186162
47519500
475264806
475274172
4752755600
475354943
4753792729
475412732
47548651
475507923
47551969
4756320734
4756620762
4757658089
475780866
47580409
47580702
4758508407
4758633567
475871774
47590565
47591958
47599899
47604914
47609019
47614230
476241212
476323300
476390129
4763990838
476410624
47645083
476464156
476485701
476514192
4765364386
476565539
4766109733
4766599348
4767021
4767528991
4767745256
47679345
47686994
4768795707
47692031
47692104
47692251
47696030
477012156
47701599
47703544
4771918101
477224746
477269270
47728859
477352273
47737085
47740807
477417461
47745141
4775533818
47759102
477619123
47769956
477765635
4777826268
477790803
47781573
477922174
477964312
47797835
47799986
4780621634
4780677433
478069207
4780832983
47814419
478237061
47824384
4782495871
47826349
4782912374
478295779
478298060
478299022
4783015236
478435829
4784927239
478511594
47852114
4785404918
47854635
4785764884
47870267
47873272
478739122
4787501461
4787865995
478801564
47887837
47889092
4788937961
478914619
478931948
479033982
479033995
479044721
47906764
479069569
479089651
47909433
479116114
479231547
479240208
4792461621
479297376
47933399
4793997588
4794167714
47941897
47943706
4794394954
4795344505
47960006
47967486
47975126
4797841647
479785443
4798222545
47983954
479882621
479930228
479980886
480056249
4800864314
4801778164
48029066
480306928
48035511
4803745818
48037533
4804068999
480418245
480452567
480562828
48068468
4807015740
4807368283
480784848
480785251
480806004
480819245
480875170
48089045
4809044939
4811011050
48110818
481156800
481177236
481199291
481276811
481284818
481297682
481305642
4813347253
4813351157
481396927
481425334
48144950
48148030
48157037
481620213
48162456
481703086
481707036
4817275108
48172973
48177456
4817987136
481968135
4819878177
4819948029
481997386
4820804277
482334246
482338695
4823668455
4823944600
4824152675
4824319914
4824322873
482439219
482440005
48248079
48254999
48266839
48266859
48271477
4827186013
48272332
482770329
482800020
4828138865
4828276345
48289662
48302030
4830874006
483107974
483192121
48329693
4833173141
4833331271
48333426
4833396975
4833541078
483360630
4833703452
48343373
4834357679
4834479134
4834858912
48352311
483594860
4836006376
4836064754
48366616
483701821
48377958
48378236
48380788
4838140174
483863703
4839074315
483930658
4840157501
484072206
484124476
484134466
484164150
4843940806
484417726
4844544136
4844661
4845224342
48454651
48456091
4847042475
4847301607
48478726
4847946059
484821055
4848301
4848639225
4848860457
4849820914
4849898158
485009356
4850538313
48507794
48512272
4851559413
485195627
485201229
48520368
4852289459
485277451
4852784481
485312964
4853337733
48538025
485415861
4854308884
4854368519
48544422
48546576
4854735521
485475676
4854866614
4855644681
48573035
485737880
485746897
48575074
485805200
485860087
48586543
48592376
485930975
48602764
486048854
48607676
48608543
486092566
4861213579
4861307374
4861773228
4861931786
4862040201
4863400197
4864371742
4864402683
4864892085
48650395
4865175485
48652378
4865572816
4866713721
486694111
486755778
486766063
48685122
486879841
486886735
48689367
4869028191
486908878
4869569331
48699398
48706026
48706493
48708159
487107103
48712006
4871489231
487175227
4871781793
487179602
4872278522
4872636172
4872898326
487307955
487420362
4874280016
48744935
487469895
48749294
4874944797
487584390
4875878016
487591533
48759485
4876219038
487662656
4876726324
487686623
48771943
4877208435
4877516667
4877835874
487812528
4879157878
487922319
487937066
487944195
487962301
4880051398
488007815
488011724
4880247341
48802673
488077600
4880781801
48821786
4882607953
4882743003
48827616
4882918420
488322536
488324986
48834894
48842195
4884245112
48843089
488477215
48852835
488551462
4885800315
488683253
4887494541
4887608170
4887702412
4888600459
4888733177
4888868884
48890510
4889561214
48900077
48904796
4890514294
48906364
4891015559
4891053359
489125634
48916383
4892290569
489254924
4892685173
48927175
4892727759
4893839920
489397119
48942356
489442746
48946651
4894738653
4894745886
489475164
4894804899
489482046
4895025258
4895565605
4895797398
48975408
4897821029
4897944867
489809100
4898318603
48984819
4898796275
48992513
4899628187
4899639072
489975747
48999435
490002009
4900094838
49004421
490062578
4900890843
490095206
49012629
4901304789
4901919879
4902740890
49028660
49035671
4903824251
490459385
4904668651
4904744613
4905082029
490519920
49059333
490597651
4906520714
49067535
490695529
490703249
4907325358
4908189714
49084848
490990946
4909987960
4910072308
4910106339
49101368
4910446708
4910551035
49107830
49112382
4912768753
49130061
4913603244
491385944
4914701385
491510843
4915229716
49155439
49156409
4916110732
4916424890
4917244678
491742198
491743230
491789145
491856575
49188317
4918832592
491937044
49194097
4919482001
49195090
4919902485
492007823
4921378942
4922156785
49223444
4922881309
492385788
4924072528
49242625
492492626
49251910
492537849
492586313
492594528
4926409928
4926440345
492668066
492710425
4927311725
4927806155
492854622
49285926
492890318
492909670
492921574
49297056
493028748
49305033
49311606
493239732
49325344
493287945
493318687
493384029
493422202
493447865
493480037
493606253
493629084
493654829
49370599
493773661
493980491
493980846
494027712
49413866
494164992
49417006
494183029
494235142
49424424
494252830
49433981
49435493
49444636
49445627
494490561
494599000
494626920
494683709
494701047
494741673
49475449
494800024
494955170
495066576
495070255
495300028
495302757
49538700
49550736
4955811
495589462
49568059
495689433
49574130
49578312
49587334
49592004
49594566
496029207
496060628
496179182
496190214
49633816
49635635
49640770
496413006
496420541
496455154
49652957
49654153
49655127
496559962
496618321
49662361
496648238
496708362
49686539
49686679
49687037
49698174
497067921
49706919
497086647
497164538
497265497
497329097
497349753
497374560
49741096
497413402
497475905
49752279
49754814
49764028
49779243
497831813
49793110
497995758
498204986
49827406
49838667
498392326
498439814
49844473
49859711
498719623
498719627
49881923
498840555
49896058
499074221
499108236
499154896
49926399
499301763
499352772
499435681
499442399
499453083
499465962
499479056
499481109
49950808
49958733
49979157
49986323
499894847
499897481
499901468
500048680
50004938
50008697
50011708
500231605
500264882
500271953
50029325
500294769
500310949
500345045
500353369
500370398
500397014
500410246
500508716
500555086
50058004
50059286
500730938
500737670
50076513
50077498
50085192
500898758
500927706
50097116
501090284
50117879
501184509
50120499
50123331
501260446
501390396
501397421
501486593
501794095
50179859
50212556
502225740
50226915
502281810
50240265
50242372
502458528
50253505
5026541
50271716
50273693
50275257
502761149
50276630
50278507
50308435
50310637
503272829
503286068
50334047
50340794
50345319
503568949
503592898
50364803
503701211
50378374
50382497
503931529
50393960
50399502
50401467
50406342
50415505
50419863
504229781
504483890
504608166
50486198
504862255
504878704
50492040
504975696
50500679
505116245
505150217
505196984
5053141
505338041
50543759
50547284
50549964
505544317
50571047
50599780
506047085
50609698
506251115
50633388
506392979
506429053
50643002
506806752
50684256
506923082
50707720
50714810
50716553
507170556
507349945
507597364
50766625
50772918
507864785
507874515
507883437
50789545
507924465
50803545
508052367
50805788
50807838
50811932
50814080
508192147
508216463
50822027
508503884
50850872
50863281
50878308
50881406
509080304
50909488
509583836
50958547
50958577
509674759
50991251
50997451
51001054
51013623
510229280
51023770
510464011
510528209
510740358
51097151
51111863
51112072
511341068
51147107
511604531
51178084
51197470
512044262
51211854
512174178
51225976
512274283
512577026
51271663
512761916
51281263
51286078
51292461
51292934
512995467
513238384
513310390
513343953
513350418
51361478
513780352
513883865
513986412
514009984
514029927
51403576
51414907
51441283
51459056
514793921
514838295
514887483
514906953
515056851
515085969
515290070
515377496
51545868
515558769
515612988
515637244
515695098
515723503
515777800
515979415
51602393
516081403
516168981
516253276
516412769
516598814
516731926
51689310
517070647
517105402
51710567
51713098
517230552
517287534
517319985
517563032
517858762
518121774
518157561
518186022
518305781
518334117
51834139
518521500
518753324
518843501
51890807
518931960
518956946
519013121
519051866
51913011
519362917
51941080
519446494
51952810
519667196
519701687
51973943
519786971
519835531
519976325
520138644
520219861
520347215
52036177
520562187
52071972
52078696
52081758
52093498
52095925
52098514
52106375
52109327
52109909
521156845
521259405
52151324
521582345
521671084
52196137
522148344
522150543
52226304
522397657
522406067
522525589
522536533
52257328
5225991
522789085
52298751
523078921
523178156
52319803
523248016
52325314
52334969
52338305
523384471
523411543
523478713
52358452
52358544
523585519
523622635
523631856
52380716
52383667
523843082
523884618
52394367
524426253
524477077
524557553
524754019
524769634
524869533
524872414
524940885
524941932
52495092
524956178
52497540
525006087
52504158
52510089
525221067
52544715
52563709
525646469
525673730
525678474
52571677
525732089
525750848
525847148
52585436
525857359
52593821
52596376
525989262
526043799
526154200
52621418
52641183
52660746
526621470
52666548
52672615
52682311
527064557
52715735
52730608
527314044
527344454
527485870
52750956
52756413
52769612
52769722
52772661
527785376
527865347
527885749
527943283
528016807
528070761
528099501
52818271
528389751
528404643
528546784
528585986
52866770
528726979
528775542
52879173
528911765
528961780
529147678
529192106
529352320
52939106
529422422
529477577
529492517
529538157
52954894
529556635
529586293
529724032
52979440
53019309
53020000
53026961
530881699
530961025
53097744
53105096
53106736
531202184
531256024
53134591
531346945
53140212
53159373
53166374
531718121
53175490
53185280
531881411
53191194
53192639
531945177
53196305
531964724
532108433
53214283
532156362
532241033
532247573
53225826
532291966
532391513
532431639
532453867
532537089
532562634
53256542
532577970
532661320
532734293
53281621
532901034
5329332
533085085
53313129
53313935
53319235
533214733
53325503
533297878
53347647
533539522
533575103
533753630
533909957
53397258
534014591
534121273
53423743
53426727
534285941
534332966
534392656
534544509
534667076
534788190
535011301
53503202
535043114
535102300
53525377
535466024
53548539
535662805
535754224
535780088
535794827
535816155
53587456
53589935
535918478
535941202
536022883
53603059
536102733
536119989
53614847
536245133
536418049
53650056
536540206
536639805
536709199
536740155
536904693
537175623
537198374
537496507
537640579
537691563
537725764
537795028
53793032
538272082
53832326
53837402
53838357
53842070
538456752
538482349
538525553
53854893
53864354
538684370
53878672
538911242
539104576
53925116
5392522
53925278
539284781
539322301
539335310
539360108
53936921
539372352
53954512
53957183
53961824
539629996
539699081
5397442
539866153
53993613
539946595
540170104
540186163
540276103
540281606
540312557
54033567
540386665
540728635
540734980
540744197
540760044
540833817
540844830
54092387
54096130
540973577
54103892
541065603
541077115
541104645
541123073
541174362
54137142
541557586
54157261
541580978
54161723
541731281
5417322
54196885
542099288
542115536
54222784
54236760
54242627
54247341
542743037
542810451
542936202
54301390
54316357
54323449
54327995
54342491
543468506
54350322
54351001
54356684
54366616
54369972
543761210
5438722
54387680
543882769
544052574
544111242
54419426
54431518
544496706
544529957
544643530
54468739
544745519
54481723
54495457
54498988
544990828
545054666
54507492
54520479
545477432
545512624
54551470
545576012
545674125
545703074
546007788
546204587
546220941
546230743
54627767
546313843
54636688
546488925
54653263
546539606
54664757
546679647
546789394
546919667
54697521
547082026
547159900
547253108
547328022
547693795
547725920
547747984
547838573
547855104
547894545
547938518
54802472
548042346
548145196
54819183
54843801
548473375
548493684
54867330
54874253
548840150
548851929
54886540
54886635
54892886
54892956
548946086
54903471
54924846
549294498
54930784
54945432
549493001
549495823
54964857
549692104
54973011
54974466
549817688
549845388
549881550
549885999
54988943
54999242
550250082
55031092
55035698
550398412
550493482
55049447
551047427
55133012
551447909
551459541
55146058
551483643
551507199
55168192
55186601
55190298
55204143
552064025
5520672
552084514
552119609
552129236
552172358
55230288
552377995
55248150
552543142
552564864
55256494
55271144
55271791
552731613
552741802
552783037
552983877
552985513
553097596
553203630
553259733
55329156
553313044
553323788
55334133
553498223
55357327
553740112
553761348
55389338
553990226
554060122
55419844
55427607
554545635
554597803
554680905
554726674
555049341
555169584
555327618
55539703
55540568
5554222
555444633
555504754
555555819
555577381
555857498
55602169
556079802
556212490
556214449
55624154
5562502
556284373
556461139
55650719
556576141
556601571
55671434
556865087
556874600
557127760
55720891
557284645
557344637
557366938
55737360
557432349
55748107
55751233
557564493
557607310
55762356
557658184
557676145
557824090
55790584
557913971
558040899
558070692
558180233
558296533
558360059
558512700
55859695
558615340
558698640
55874399
558769636
558797310
558814703
558818756
55905235
559223515
559332217
55933729
559361264
559498035
559571712
559616121
55966222
559681926
559799828
559919694
560165933
560205052
560246892
560345234
56036655
56037328
560386246
560503932
56059778
560609578
560690469
560697217
560707426
5607602
56082946
560867723
560984935
56101799
5610592
5611152
561115297
561203783
56128047
561360727
561368563
56146059
56147198
561487220
56154457
561549614
561558519
561663764
56177685
561887188
561906116
56215103
562191269
562272986
56251413
562528211
562662650
56276953
562773631
562889745
562967099
56304605
563168113
56317566
563200511
563248428
563312042
56344398
563552212
563557286
56363520
56377323
56378846
56386566
563903972
563912827
56391919
56402878
56404068
56411848
56412100
564138146
564141120
564150922
5641772
56423025
564272426
56446996
564552443
564781329
564804506
56488059
56494256
564987992
565231577
565325453
565534065
565627479
56562803
565650086
565864573
565903875
566045849
566123772
566130046
56619099
56624340
566278892
56630476
56637351
566488490
566510294
56657187
566604477
566724856
566806945
566886032
566899383
567024946
567166702
567289542
567293908
56733
567374363
567407976
567425958
5676102
56767953
567797201
56792300
56798326
56799371
5680622
568075763
568080883
568143078
568220484
568326319
568381388
568522288
56859070
568617623
56879674
56894163
568981074
569021827
56905881
56917394
569214790
56921859
569280615
569475013
5694822
56960448
569608433
56961858
569629964
569643830
569693608
56981881
56995827
56999787
570011323
570233091
570248641
570352145
57037851
57039392
57056537
57066215
570690242
57071314
570746151
570769207
570819830
570875849
570894777
570907440
57103674
571138490
571214272
57129822
57145493
571469497
57172253
571819885
571964518
57198714
57201411
572051601
572079091
572282251
57235218
572360349
57248499
57288936
572928112
57299037
573173793
57319680
573303098
57343120
573583132
573697839
573745356
573754038
57393661
573979011
57402193
574054264
574146755
5741722
57417404
574432746
57449936
57466954
574786346
574796987
57494181
575014349
57501485
575075964
575136205
57516408
57519308
57558901
575866500
575922000
575925999
576315561
576359027
576365948
576481389
576512471
57653510
576632856
57666598
576694434
576762453
576797995
57698753
576988141
57703513
5770442
57709461
57718781
577311152
577407017
577500383
57768641
57774733
57778499
577961482
57804558
578114675
578179634
578201537
578428053
578460884
578464725
578585757
57871450
57876419
57882881
578922719
579006169
579039483
579134754
57917441
579209957
57923270
579287636
579381681
579447461
579624080
579693110
5796972
579774943
579788150
57979327
579817484
58006725
580143268
58015438
580177658
580191183
580207995
580211436
580216725
580373495
580435326
580808293
580979351
581034670
58105756
581067875
581096209
58113946
581143590
581208856
58122413
58124062
581279687
581301629
581351672
581375677
58144638
581450356
581607377
581798418
581828827
58191687
582013833
58214555
582403439
582405827
582452767
582548518
582563196
582653236
582739459
582850891
582887424
583300670
583327329
58340767
583441539
583514701
58352165
58354431
583643503
58369579
583730002
583775894
583791139
58381910
583834209
583948102
58397936
584240578
584388912
584701628
584723860
584783228
5849192
58500736
585036173
585206653
585221577
585229573
58529612
585332261
58539647
58550802
585549846
58562226
58569413
58571337
585733155
58574342
5859982
586111413
586212809
586256522
586482355
58653711
586556205
586574409
586609060
586652345
58678935
586832150
58684655
586855139
586909317
586960773
587049590
58713586
587166472
587248862
587270216
58729919
587348077
58744679
587489522
5875022
587690830
58774699
587826955
587828596
587851560
587905990
587925576
587926686
587955457
588017492
58802743
58812606
58819800
58822086
588243189
58828230
58836363
588499398
5885472
588551732
58865635
58867956
588752854
588782112
58882425
58886045
588961019
588963788
58902308
58917489
58919878
589304873
589349263
589417617
589433710
589434048
589513676
589524984
58972703
589841885
589901019
589934685
59015205
590161939
590197947
590316679
59040447
590412316
59041898
590420825
590555670
59061398
590807321
590841787
590970408
591110788
591166408
591229622
59143817
591503913
591631552
59164850
591680810
591741496
59189360
59189439
59204394
592122714
59240990
592413865
59242341
592459244
592877877
59296107
59297233
593054821
593069356
593239960
593391021
593519165
593628822
593690785
593727058
593774844
593822042
59390482
59393368
593975708
59402022
594041308
59416798
594223726
59425003
594257142
59428169
594288484
594376322
594425643
594490204
594562031
59469228
59471027
59476911
59490293
594977780
594982700
595027899
595083568
59508862
595196705
595368346
595446999
59553554
595593149
59560778
59565130
59569332
59577517
595802803
59582393
595854486
59590262
59590288
596078480
59609908
596183617
59621062
596268186
596281072
59656632
596573032
59661432
596841936
596843325
59686058
596889969
596964216
596966547
59703952
597076862
597144666
597239724
597251143
597386581
59740725
597407943
59743467
597465903
597517815
597561882
597611738
597674628
597741641
597808853
597817619
597960110
598060217
598085072
59814942
59852685
598547376
59869729
598911301
599008951
59902604
599033571
599081495
599119127
59911924
599281894
59937918
599397713
599456294
59950274
599527201
599535866
599715797
59984883
599907101
600069586
600117552
60025762
60025874
60026651
600398064
600508342
600532080
60085659
600980437
601107649
601147723
601148365
601261814
601270308
60127586
601283082
60143447
601539104
60170391
601715758
601868695
60189624
601981724
60211507
6021882
602854345
60307916
603173724
60330295
603343289
6034422
603734466
603883536
60391565
60399116
60433554
604394396
604474383
604498301
604507326
60467068
604840570
60495723
60506242
605126134
605265386
605269037
605349404
605509388
60563026
605691600
605926789
606007329
60603769
606114450
60617047
60618675
606190025
606219091
60622883
606249381
606272230
60628575
60637549
606411350
6065452
606561008
606625312
606627845
60663416
606736136
60674916
606769614
606786438
606893785
60693203
607316347
60740694
607434345
607541227
607591827
607691987
60774605
607750727
60775567
607848766
607867793
60790159
60790700
608033488
60807297
60807420
60807601
608223466
608289040
60843563
608455439
608517410
608610375
60862771
60864542
608665792
60870122
608732471
60878373
608826775
608827037
60886026
60890022
60919240
60919911
60920322
609244293
6092972
609311920
609425819
609462982
6094772
609517050
609599198
60980110
609900890
609929745
610076827
61015562
610183411
610341467
610388842
61064326
610719725
6107302
61078808
61081137
61083773
610896455
611087057
611159928
611363931
61149653
611658343
611711047
61177115
611779481
611924713
61198294
611986351
612021842
61213720
61214134
612151365
61220832
61227028
612511751
612560364
612702711
612764390
612821597
612931307
61298054
612998177
613251653
613352046
613365854
613433935
61344502
613453357
613531848
61375366
613887239
61411520
614249266
61427158
61433111
614364729
61437930
614400158
6144762
61459429
61480724
614950364
614977918
61499910
61509014
61517402
61521038
615270424
61534021
61536465
615566756
61624933
616307352
616327955
61637834
61639856
616510073
61660254
61663837
616702409
616740228
61676971
61680182
61689237
61724729
617266600
617337450
61736345
617431433
617479794
617491626
617496552
617500156
617532965
617604708
617613864
61762230
617648533
617666755
61773495
617793967
61781260
617854798
617888939
617956229
618041969
61815588
618207811
618281444
618306293
618352196
618387275
618551772
61858980
618625439
61863728
618661248
61874276
618783142
61887216
618939506
61897530
619154715
61935527
619379366
619459896
619484427
619517477
61987976
61992523
620007630
620040202
62008604
620136960
620197006
620667947
6207392
620755965
6207762
620849582
620900619
620923349
62093519
621170614
621247716
621355415
621423717
62144220
62145334
62166943
622032930
622073561
622093085
622143
62230014
622454613
62262253
62268886
622742049
62279216
62284604
622895156
62315516
62345429
623623
623672023
623712223
623938460
623968625
624036196
624163136
62416688
624252036
624315538
6243402
62438316
624485978
62454048
62455559
62473360
624752468
624810098
624858956
624949775
624981370
625039851
625080239
625110894
625140680
62538369
62557650
625588793
62560210
625631604
625678746
62576309
625848861
625860649
625908481
62591681
62594204
625999362
62613162
626286448
626976304
627012374
627069482
62714465
62734579
627525199
627530994
627618082
62806392
628256088
62832889
628409951
628424564
62847899
62849728
628516376
628626183
628689986
628801885
628817210
62890267
62902733
629280862
629284123
6294502
629475178
62975334
6298102
629812149
62988756
630031932
630063443
630120690
630371619
63057409
630578888
630633046
630713215
630846902
630902268
630915843
631029361
63114210
631142747
631259276
631311173
63136498
631447601
631478663
631509759
6315402
631618348
631634538
631695257
63177215
631779529
631810714
631865146
631874663
631937346
63194187
631958004
63196451
632013961
632062492
63206490
632104194
632172800
632216004
63222431
632299570
632324512
632355011
632384737
632501302
63250249
632654368
632687052
632702595
63291596
63296944
63307960
633108957
633260057
633346227
633425519
633525734
633807136
63384057
633843393
63397387
63423805
634330557
63466488
634704431
635032365
635207814
6352662
635380326
635608354
635660190
635701556
635750362
635760791
635804991
635840872
63592296
636089833
636229582
636289279
636626987
636647834
636714033
63691776
6369312
6369812
636985386
636989940
637119553
637196658
637259483
637287367
637314630
637320628
637350774
63750387
63769373
63771483
63778937
63795248
63799043
63806770
63907489
63933290
6395222
63994981
64022374
64024324
64032895
64044525
64049044
64053993
6406102
64076531
6423572
64242082
64246929
64256128
6427882
6433472
64345606
64359342
64370229
64375125
64396425
64417485
6442462
64452472
64565427
64569063
64635178
64644122
64698201
64698768
64704581
64704848
64729812
6473022
64733347
64743971
64745912
64785537
64786050
64789888
64793470
6486602
6487292
64876717
64883445
64884827
64902400
64915184
64948776
64964174
64993925
64998253
65014931
65051324
65052518
6507762
65114198
65130553
65134016
65159946
65221235
65231318
65232608
65234220
65284273
65354167
65358584
65360193
65375944
65386939
65429093
65520805
65551984
65553042
65560525
65566588
65579164
65637467
65647594
65690608
65698096
65707359
65728122
65734517
6577642
65888009
65912747
65937068
65940763
65941811
65946380
65970675
65975623
659833
66037316
66046963
66052632
6607222
66100958
66119059
6618212
66211398
66236671
66263785
66292826
66294475
66300624
66302603
66327431
66334416
66381461
66395780
66408053
66436079
66448805
66545644
66621747
66649933
66696458
66701560
66724335
66727768
66740988
66765996
66774765
66776059
66840157
66850040
66897297
6691762
66923871
66931497
66935683
66967746
66971981
6698022
66999295
67014608
67065090
67101073
67108950
67124033
67124670
67187062
67213875
6721522
67215899
67231441
67244474
67276156
67290915
67309671
67311034
67324224
67370482
67371889
673983
67418441
67448523
67449031
67476592
67506685
67568430
67577895
67628441
67647597
67660514
67711220
67730063
67770780
67849904
679183
67953340
67978376
68009696
68098718
6811832
68163955
68164273
68166442
68174035
68178222
68261372
68292955
68357033
68357219
68365933
68451121
68456832
6850582
68524735
68548942
68551737
68636682
68637042
68640609
68651207
68670553
68680081
68739089
68785243
68806595
68816598
68887844
68902976
68910096
68913959
68914690
68927629
68943848
68950503
68999404
69001458
69014314
69023312
69033444
69048032
69064266
69066566
69091742
69150792
69151690
69181624
69231187
69269105
69294940
69296910
69298376
69307829
69324340
69346768
69351689
69395620
69401695
69411258
6954
69558002
69575548
69576984
69592592
69636506
696572671790809089
6967252
696818323321974784
69689915
69723307
69841656
698656639537299456
6987882
69899423
699178838593396736
69921786
699337410606452736
69941209
699473256860880896
70005102
700071853
700309981
700359998
700385392240025601
700394410639552514
700406836252581888
7004532
700534740575584258
700578144789499904
700687749188222976
700704837105627140
700729943962079232
700825817358712833
700837976817807360
700903355174903808
7009202
700931106896412672
70095723
700962085258326021
70096587
700978005942865920
70101580
701023170
701032637431939073
701054511297724416
701070585569353729
701118813031550979
701135490196574210
701178906817253376
701259807278301184
701408838
701422790625402884
701436022647730176
701452441762529280
701460463033327616
701600871428153345
701638848464289793
701750402786717696
701758932818132992
701791384139866118
701844034755633157
701944493327720448
701980109008457728
70198432
702157624637317120
702205266
702261605703294976
702370884
702428346
702535329451008000
702628162941771776
702628629814124545
702641184737517568
702660572320391169
70270317
702798054357909504
702856798445895680
702868412754624516
702911587032678401
702927908755656705
703028450
703135266
703186602
703242139308785664
703314862198431744
703499674045411328
703502090
70353709
703626110
70374894
703872824402907136
703959293616365568
703983138725191681
704040592335118340
704052979909926912
704070213143232512
704093070254579713
704103482547167232
704109003123658752
704157601697820672
704167693
704219761
70423163
704258961340366849
70426799
704280174
704355557889671172
70435999
704407226384044034
70457616
704598397
704630262
70468535
704718761060868096
704741747725901824
704867245470535681
704892318
704980084415930368
705011648558473220
705217274605490178
70529694
705308740749135872
705414582
705429420
7054502
705453237500059648
705480643006898177
705492771
705498523953983488
705506692805619713
705512846923325440
705538644052934656
705635148
705642624
705703045900832768
705727189258412032
705747834486833154
705749959631638528
705769188300857346
705912192546312193
706076432
70617159
706209304378896384
706225427413655552
70624996
706251404
706301516878094340
706330707556085765
70638743
706513084882378753
706551531986935808
706558202062774273
706595600
706602755612217344
706633394864660481
70664371
706646642
70664947
706720321592696834
706778446110842880
706817354341089280
706979704386031616
707013008812146688
707067487
707067944
707130014978990082
707167491315748864
707189905
707197958333337600
707341058393415682
70740986
707489090183286784
707512656
707582186
70761415
707685510588801024
707698974917058561
70775228
70776910
70778344
707797417
707874154
707949734636474369
70796232
708008275
708143802259787776
708171671794876416
708186019
708201634937987076
708251236
708296578239430656
708323809
708336127204204545
708381986281291776
70844605
708530125583884288
708531498450812928
708633826411413505
708735166802489344
708752142
708826764
708894666649837569
708895200727334912
708958474504380416
70896608
70901586
709128027746279425
70921679
709229757108387840
709235695643004929
70926844
709358581116575744
709437204607705089
709441211648630784
709447592468463617
70949794
70951016
709569412370534400
709643266
709701206621462528
709740262
709808342
709812837565243392
709818246728392709
70989872
710057449663950848
710062850258108416
710134941707853825
710151902852476928
71023584
710377962466648064
710405335136075776
71048855
710587641457090560
710613226807885824
71061713
710640144164847616
710682235754532864
710729863313788928
71077281
710820510
710838951989346304
710940737668456448
71094225
710946953849393157
710982658541486080
710984371
71099570
711007492038201345
711027816
71106714
711077067836751872
7111412
71116364
711192595540541440
711281977144397826
711286234988023812
711292138143752192
711380311
711426349
711567710468104192
71168188
711684048
711691441
711745808
7117962
711833635
71191417
711943898
711995600028438528
712031027229810689
71210107
712213221445410816
712228535579058176
71223470
712234879300276224
712295521612910592
7123892
712463329013403649
712547162559811584
712603802
712660722140913665
712685130
712690051201695744
712730612
712742707186180096
712746481
712780598679445504
712784228493037568
71280219
712805675
712858313604603905
712897952
712945719599108097
713009720
713023110
713092364
713365734944976896
713366495527481344
71342333
713441894361989120
713454049836843009
71351724
713534789668614144
713545766472536064
713575674741567489
713582779
713588641
713615715895492608
713719382866722817
713761799103971331
713893875836788736
713931632777015296
713975197
714078135965208576
71420960
714213647007006720
714220731048058880
71424847
714249878
714254480
714256334
714417965383299072
714460503289028608
714480767120838656
714513187257913344
714557979324878848
714561932783693824
714570609385037824
714656161278984192
714681295
714684004495204352
71468442
714740146919383040
71475576
714767463586603009
714796165
714815306
714885973
714888948372398085
71491041
714940958207451136
714996735
715051486531682304
715081724
715092872618500096
715192564509458434
715242757208453120
7152572
715420788
715448200262455296
715528372047253504
71555146
715617989656051712
715623260533231617
715748395164573697
715774453423206401
715776382052212738
715827440359178241
715844061190598656
715901816857358336
715941914
715980527384268801
71598162
716039113665867776
71605189
71609269
716267083
716382561585512448
716388817242968064
716472149213634560
716493942410317824
7165672
716691001
716718250164232192
716771806724489216
716789855058051072
716813053
71686324
716896962
716905889
717059785716314112
717117023168299008
717158244544876544
717345649323352064
717350591765176320
717353949511213057
717438014079807492
717449758487552000
717493139171205120
717498825665982464
71750117
71763328
717804266
717812922441924608
717853069606797313
717878384664023040
717905524444889088
71807533
718080638696357888
718131044507975680
718139268
718146652733902848
718150263253635072
718166364658208769
718219178348560384
718378416815386625
718393346
718597092868919297
718723200071282688
718730649159483392
71873943
71878792
718844996439248896
718893724554506240
71891556
718928225360080897
71895505
71898105
719047897753501696
719133691193085952
719208072728690688
719211907660521473
71927013
719290546393640961
71935378
719365655066095616
719409588265549824
719419447
719478686
719529487998828544
719547560042442752
719569791376166912
719580182814814208
719616303967940608
719624962504581120
719663099
71975446
71977357
719928230627508225
719993150421344257
720002672141680640
720035276563877888
720159784792563712
720165751475343360
720214514294251520
720265901115711489
720323991894798336
720344493422026753
720420236076277760
720421156260487168
720432251956248576
720553244913758209
72063872
720639489341812736
720670010251853824
720721451796602880
720721788208951296
72073289
720804340353540097
72095672
721019693180387328
721059667217096704
721090011869917186
721139965
721179811
721333868
721353507
721397904
721445478
721493371378888704
721568500599373824
72160503
721643103904473088
72167041
721688390886912000
721698631837986816
721758229156356096
721802533
721831098
72183405
7218712
721915626
721947162
721982806218289153
72207113
722244131871821825
722302728819634176
722338038
722397546027610116
72243361
72243671
72247953
722490206780321793
722570661541969920
722586965132988417
722592726
72263832
722735254839156736
722739955
722828126
722833943158894593
722858760486518789
722861478424936449
722949420736724992
723162921212088320
723258780163547137
723281697253527552
723299613260701696
72341341
723479570435837952
723524157238075393
72354175
723562692309618690
723583351651618816
723735543964553219
723866725
723953312337289216
723960774
724034725501894656
724145070165757952
724186680
724206984
72426152
724327951370579968
724342718713892864
724531752
724537777170354176
724557996542537728
724571861271646208
724700330802315266
72473962
724987703662657540
725075970
725175240066736129
725242751676211200
725266460424040448
72539202
72545248
725469518
725509489026162688
72552866
725560486385831941
725650454735003648
725686324662046724
725765791
72584356
725845441229774849
725914327786479616
7262302
72627052
726313677897498624
726379555565375489
726435651659272193
72655429
72659003
726699553
726746983982075904
726762236
726767006905573376
726782316
726797568
726839398373838848
72684950
72688594
726901181595815936
726951074
727039754
727056229
727150541260906498
72721776
727433056001380353
727483
727528527696941057
72754598
727609873
727928536682496000
727951102822486016
728069693383180288
728076621169590273
728145033535234048
728169808534093825
72819944
728232802332905473
728248697654415360
728249388926160896
728266641046274048
728273994
728310908
728324764113211394
72836968
728441661429141505
72846479
728815325345660929
72888855
728918606
728932468112363521
72899999
729086825172766720
72915722
729168722
72917035
729246649
729280298924560385
729306207115169792
72931372
729343938952302593
729408068409282560
729414452651692032
729699807179067394
729804032
729816362
729947538137096192
72998401
730034999362265088
730042292959072256
730120670022144000
730125459963273217
730199393559793664
73022408
7302282
730404083903795201
73043514
730445264671117312
73049746
730501037912559616
730526980370776064
730541029783416833
730556698033684481
730559632851251200
730745480024592384
730803708351643648
730883730722562048
730905103
7309052
730915863755362304
730927208
730952666898169857
731125328
73119058
731231564
731292058283974656
731309970
731420551915442176
731445438935646208
731521574919114752
731571267376054274
7316622
731680370
731753064
731753429782036480
73181712
731844151499718656
731848716617977857
731854623221354498
73185544
731889888
731900980862705664
731901579587129345
731944786735841281
731980419072176128
732217064237207552
732251279666348034
73236658
73238146
732418136306225152
73243744
732462239110701056
73260722
732736080311635968
732738485413613569
732818324934012929
732947347
733016616531832832
733155819466948609
733249888683761664
733322844
733327957473787905
73336646
733450289618034689
733524830624960513
73359920
733644914798567424
733753601265434624
733762770605244416
733782620958511105
733808478737698817
7339572
733969354656649217
733998937
734007961
734031323229212672
734032580786298881
73406718
734069987602796545
734071311224438785
73407166
73407643
73413771
734148795492012033
73417863
734188074
734329461487898628
734408533362548736
734425814
734492654755577858
73451303
73452506
73453284
73463687
734721840
73474634
734755845808984068
734785818263486464
734840039998410756
734853834300751872
73495696
735010817435963392
735037550
735051909703315456
735198701484789763
735267597218766848
735317522300448768
735417418558939136
735488283744952321
735497173
735501884912340998
735536010
735568610547011584
735629439506210818
735669685073682432
73571019
735799382650572800
735832062
735839838499282944
735919858265686016
735962797373194245
7360442
736103959362863104
736185001457287169
73624511
7362602
736383630658932736
736393287678853122
73659965
736632572063719426
73664947
736800673782767616
736935466604363776
73694027
736945807
736951356070580225
737015420
73706121
737066858
737096576
737131740
737140237948715008
737319243566305281
737362108397060096
737387991820296192
737411099734204416
737510091218264064
737528978
737585496
737641519264501760
737648140539551745
737662502553722881
737675042281033729
73774936
737778759068057600
737807147266932737
737863220669648896
737958300189392897
737964408354287616
737980128832159744
738019344047845377
738022549
738115375477362688
738120418788270081
73813655
738145794
738176980458184704
738306710717267968
7383122
738504995759263744
738614984
738696998409363456
738752276836306944
738787902
738796494
738843820419350528
738855402780172288
738916388509786113
738963131569823744
73896824
739070594688262149
73909355
739117556137611264
739119366
7391432
739161013
739168447
739260818814967808
73939113
739411079407804416
739487196793720833
739498150650511361
739512240349581313
739606317321605120
739705717381201920
739727105940946944
739762692
739784130
739895645247438848
739981586133745664
740044558268960770
740073
740140942343163904
740225256418336769
740238342625890304
7402662
740374435249717249
740424493
740459431
740484698418339840
740509130
740534981143990276
74057041
740583951887044608
740590243741458432
740623508
740703245048287233
74083456
740910484241539073
741076333518835712
741093560032759808
741137918018883586
741200766451523584
74121455
741346383207206912
741350336670007297
741351807344103424
741353623
741418372416471040
741571680
741597772697239552
74164518
74186243
741946423
742004164994048001
742011504
74209221
742143
742181204443570177
742357816808067073
742439741241450496
742485750097182720
742496527
74256759
74260873
74264602
742658277620715520
74265849
742666622003974148
742699697693937664
742732369497587712
7428362
742877225259667457
742924247006203904
742925732
74302946
743033624
743129287461588992
743155992997691392
743224356294189056
743240922188513280
743292565
743322457386295296
743329853525499906
743496481106178048
743546487985025024
743560512504397824
743585142
743599406
743616312
743631546
743699910
74372443
74386780
74394857
744014753945821189
744048715
744143323141668864
744181077124620288
744236169374932996
744252001572233216
74426794
74430696
744313625398108160
744368156865617920
744542578847059968
744559800877342730
744572708
744573979709542400
744616500485558273
744634236439764992
74468291
74475174
744763584
74483386
744839561340149760
744861893907484673
744969334670434304
744992406815252481
745016659321061376
745032966695452673
745048261115928576
74510308
745161748731203584
745185680
74518740
745215731252498432
745237532825133056
745338363922812928
745361615667638273
745389300821299200
745504148
745557428582813696
745595735975038976
745596753865510912
745611048493977601
745699859169165312
745745929
745758443324080128
745771972466876416
74580436
745817053
745848188
745874570
745911914
74602029
746056999109074947
746062370
746069943498776577
746074051353907200
746083443352600576
746112895885283329
746194098999066624
746243075194793984
746247374264242177
746250703
746309068474691584
746412932360208384
74647116
746689772391927808
746720737327747072
746725195
746744672186413056
746800225860390912
74680070
74681972
74690822
74692745
746970864
74697858
747039582064156672
747060700242116611
747096251385135104
747163277424132097
747166653641854980
747178800719462400
747199903
74720323
747236355097432064
74724872
747352538597457920
74738759
74738794
747394850736185344
747469422516932608
74749064
747559554
747561662014758913
747610017394745344
747625079693938688
747641385021485056
747724909346947073
747883152190869505
747901327536173057
747901684282703876
747910243057807360
74792262
747958913966845961
7480172
748066632799502336
748277530830856192
748348755766702081
748419878827233280
748496630488391680
748561935797460992
748619718022537216
748761679
748797143608012801
748838176593240064
748853621136162816
748864401852145665
748908558066982916
748913947978428416
748974036089180160
749005051180355584
74911717
749130840186118145
74915072
74917233
749264624487399424
749307483160776705
749317971609325572
74947226
749515428
749543658
749565752
749642978
749740268333568000
749966648229101568
749978357719236608
750046943905058816
750080760640512001
750092621213757440
75011031
75028838
750330450351104001
75033178
750346628
750361013560696832
750374138578018304
750386497
750413341
750440889718284292
750463833651736576
750481571363164160
75051940
750632869572251648
750700174813560832
750726172397404160
750751206427860992
75078358
75081190
750821929255313408
750823175483785216
75082770
75087004
75088313
75102973
751061442334523396
75113883
751199651081007105
751273944808771584
751418463135096832
75155058
7517222
75187941
75190893
751919973497384962
751924722
752022270617350144
752107656656068608
752140380603318272
752140837614678016
752146837591691264
752222360
752288367111315457
752321687174078464
752469280910901253
75249298
752510522528927744
752532893587558400
752552658
752589122
75259532
75260968
752623891449647104
75267401
752723876585496576
75282133
752826845985288196
752877090492383232
753163541411049474
753177168528695296
753217501
753233805041815553
753246912145399808
753256486613217280
753264403286482944
7532872
753339233285263360
753355856687796224
753358988
75343905
753447445611307008
753447776730644480
75360155
753611446274129922
753623149929869312
753642516021469184
753653490484973574
75367781
753729818
753812562
753932081928007680
754023782419992576
75403792
754064420876214272
75407765
754286086608736257
754290234142121985
754295920548802560
754360164107497475
754370749851430912
754455561417089024
754526563
754555698055254016
754556
754592435003457536
754604381048344576
754700374926254081
754718787237281792
754779907297804288
754781415766528000
754827018403971077
75485506
754901470429011968
754913164827959300
754926759691350016
754996945018585088
755010432063172608
755051720217092096
755056931639795712
755057897583804416
75507528
755292960065892353
75532577
755331764348911616
755353145849499648
755372781680914432
755414445350850560
755471635575087104
75549943
755504
75550503
755513018608345088
755513905204588545
755521152924151814
755533943420624897
755562240
755687306078609408
755738394
755763652838330371
755778602894065664
755796022819950592
755798016
755835576
755861204
755919922979405824
755974370
756153199
756155529794297856
756326496537485313
756569436384026625
756569708732805120
756575275
756644126238515200
756646311596818432
756691491582513152
756713112
756938779571679233
75695920
757017835
757025354129080321
757098344254627840
75713619
757209347944570880
757212535019999232
757245618
757270831600840704
757289339298648064
757303975
757316918
757403272516886528
757494360602738688
757516941112246272
757529364
757546024458223617
757569494
757576142
75760902
757657553337720833
757695129176203264
757762650197467136
757832485
757891106
757938642
757979230244368385
758033623631093761
758042725820301312
758057371
758076823372718080
758102681382596608
75818713
758383008
758386615748263936
758401992779702272
758483778880704512
758514997995589632
758653375
758699099331919872
758723340387311616
758748254544629761
75885687
75896448
758965228050616320
7589742
75898964
758994870115545090
759008282610499584
759018259
75905761
75916664
759204738609152000
759204786390593536
759224013172465664
759251762918350848
759376514538475520
759433657
759481842814726144
759496926
759518636319117312
759571796978917378
759580259910049792
75959114
759636717569708032
759655316946554880
759667224483209220
75974281
759816746127720448
75982003
759829608631898113
759839353883340803
759892186229985280
759963230705971201
760015272
76004287
760087898
76014988
760177168005468161
760177674740301825
760182190185582592
760266564
760295917002100736
760329319
760359549295484928
76036686
760395242
76041991
760436883734147073
760457250
760489022695309312
760529971
760571745086672896
76058560
760750572127617024
760769084
760812051371593728
760876303922843648
760960036982165506
76102930
76117499
761226688281866240
761263128197926912
761343912
761369978
761390670
76145775
76146283
76153708
761624543815270400
761630653
761847679
761871575398309888
761902409773789184
761924811635331072
761926619607011329
761928597976256512
761934870432010241
762032333759324161
762121732283039748
762158388432076800
762223729720131584
762243473848369152
762305763838660608
762320337325334529
762336755957714945
762369019617959936
76260603
762669932706267138
762730590680461312
762799939395158016
762833339929591809
762906414041837568
76294023
763065003549270016
76316512
763175840779644928
763187953933746176
763313815
763341618
76348185
763540200979136512
763869570
763881199
76389387
763937394
76394173
763992516
76401350
764062689626886144
764116468648730624
764191741608157184
764401751013351424
764444310
764499144396443648
764618239
764666841759354880
764684670
764932986131378176
764950242244648960
765173239500775424
765243524115824640
765304015471206400
765345123056160768
765437664
765494949886488578
765507685630500868
765563348259835904
765599356980498432
765618069062422528
765859977198243840
76598846
766003898935115776
76601805
766072848268091392
76608145
766273641386508288
766286267298480130
766315602810138624
766315704446517248
76646387
766547376
766632256517525504
766915989095055360
76695766
767010325552128005
767026350
767124221973573632
76713848
76715323
767162953
767244034356097024
767270294775967746
767402780222980096
767432582610903040
767522616
767548568320155648
767641086323863553
767664904085970944
767678970
76777454
76780096
76785390
767862828736782337
767914441107124224
768094036871774208
768160820
768195298715836416
768233740942258176
768322974
76837768
768391135597395968
768476036849889280
768488138784202752
768677588617138176
76870450
768816366593929216
768872144470216704
769005906432368641
769012542
769108935726997504
769228033299472384
76923829
769251162
769276958542737408
769385175641825280
769403551
769455364198830080
769549979769671680
769610225972305920
769611811641491456
769646156
76966136
76972169
769727670338715648
769869708359237632
769920986258874369
769938096267796480
77005412
770242720099074048
770277935676809218
77029876
770307565515333632
770323159086206976
770338962523230208
770356860
770368399
770415498748059648
770522072
770650559699386369
77071492
770749092934787072
770768278759284736
770779384483643392
77082794
770887381
7709782
77098233
77104242
771058698768691200
771076568114425856
771083334
771106468355514372
771160003793170432
771198073942839296
771383605
771388593130483712
771388594153861124
771419791789699072
771487526
771634088
77168877
771707086090571776
771782178950832128
771804867841105920
771815132
771851136655589377
771851925650366464
771857450
7720142
77209956
772138379081383936
772190557
772239187
772502453157756928
772505154843205632
772516604
77254498
772618740638765056
772646638225469440
772702203525992448
772799980130209792
772919342849789952
772987584
77299353
773036406818086912
773094912023597056
77309849
773115279693971457
773177323352911872
773183984163487744
773224756971577344
773230010165563392
773261309450211328
773280684173463552
773326149799870464
773358727151902724
773371834121191424
7733902
77346069
773526096390266881
773570120132202497
773587749484068864
773626455045578752
773669825101070336
773770804068777984
773890978839166977
773990252386127873
774032990578040832
774195721000087552
774205437558259712
774208814576828416
774228263644332032
774375946614898688
774378072657240065
7744592
774477907
774610246350364672
77481782
77486927
774897966020595712
774946432579141632
775007527318724608
775036051773587458
775115559696408576
775175696645623808
77528520
775287119178760192
775341332155944960
775355256410701824
775374921614647297
77540359
775435783
775468048908029952
775482843191398401
775509266321051654
775518247055597568
775580022413275136
775611351792222208
77562115
775683751141519361
775705831887077376
775721125032693760
775875252555436032
775898996514652162
775961534212169728
776009589754126336
776021935771807744
77609333
776112713583976448
77612088
776121625229991936
776139742798811136
776166459261095936
776265271581388802
776381850864406528
776515779785330688
776545118274801664
776556378
776628654696599552
776724971502444544
776821909660893184
776926182
777257664
777294588994125825
777449463656902656
777462371149156353
777590146854039552
777615950
7777302
777851622
777874926933909508
777884769061367808
777913256467836928
778005628421754880
778045033828057092
778055836094435328
778105142
77821953
778229339557076992
7782442
778350614
778360417
778385469297954817
77849301
778507478912774146
778577690991403008
778619302354292737
778623
778634263935774720
778658403702931456
778678359819640836
778798705
778896197851283456
778962975038275584
778976910
779039921541484544
779060309256314880
779091626727763968
779112003260583936
779346928609951744
779358438660931584
7794142
779416353019203584
779478517926866944
77951180
779516085259341824
779594659295207424
779652608805965824
779691335125045248
77981051
779821454
779829132708319232
779833230
779915352
78001994
780093374082719744
780102727011565568
78012548
780139060199362560
780206406024691712
780341085809864704
780384414228447233
780386502689914880
780392587
780425326375628801
780429776897077249
780434854488014848
780457429003739136
780472047529029632
780530610800513024
780546876391067648
780553155243184129
780557478345924608
780572766709821443
780573374011445249
780585698139054081
780594370470748162
780615718169513984
780629221
780662906
780672432902250496
78067338
78080219
780813287877246976
780830094579216384
780856339153117184
780923975614496768
781026258012475392
781098263793524736
781178018454700033
781235054919946240
781265404442374144
781346578250346496
781451144266649600
78155250
781581671069995008
78163678
781639819600490500
781668118309507072
781701900
781704960014708736
78173849
781832000562929665
78183672
781836998009032704
781837634578452481
781847659
781938409
782041195035975680
78215732
78231411
782329675909435392
782373558831943680
782418489042669568
782569958626758661
78286903
782921080704872448
782973815496192000
7829912
783086442
78311949
783152967641812992
783206614207782912
78325962
783277761561591808
783470082856845312
783528709588389888
78361556
783744209475936256
783762643937005568
783769082395037696
78385848
783981240227594240
783987896319614976
784036478
784042738664804352
784165874957709312
78417631
78419512
78426020
78426650
784323176381624321
784377872
784380014657736704
784414257056247808
784455407486009344
784471541538926592
784600814396567552
78460365
78464995
784705308832694272
784738327425589248
784765142349258752
784797792464146432
784805614153195520
784842446
784842898105708544
784843771
784856878731890688
784911409717121026
78507566
78507634
78507836
785078425887334400
785099695895015424
78515008
785154746818633728
785189866745331713
785284455770497024
78529073
78533257
78533960
785375839965683712
785402336378322944
785411705916559360
785425199432863744
78553276
785546413274914816
785676811
785714174076727296
785744300705320961
785745367874752516
785751851501223936
785867235210436608
785968989092446209
785969305917751300
785998128168132609
786041379889840129
786047748508221440
786212895604379650
78621972
786314316001579008
786333656616886272
78637132
786402865
78645881
786546958307430400
786635251820990468
786646535421489153
786653106276884480
786664740
786787946091294720
786814082288525313
786863312847925248
786917635757895680
786937495
786944414782337026
786963810829512704
78706973
78713167
787236406787792896
787239
787288309739454464
787319477285203969
787323912568700928
78738356
787386727
787399476763693056
787406167794331648
78741475
78745126
78752164
787544607227781120
78757783
787605096020443136
787629229
78767466
787693935774707714
787727156
787867
787867138832736260
787869678
78787098
787885006723002368
787968971165216769
788024431712931840
788094255252250624
788097306247561216
788106950160609280
788131260359061504
78813398
788159535324155904
788225600
788298002662301696
788301897178423297
788311514
788315539760353280
788363167
788433936254799872
788445626405097473
788495486
788515
788549983
788597042
788617681
788618602291355648
78878485
788810432249159680
788817721773273088
788835278085578752
788854948586921984
78888398
788913611632586753
788927753852780544
788945812139151360
788963971
788982234
789037538
789038665984991232
789050904
78907272
789110278881419272
789122815798702080
789124004221038593
789168600565166085
789404739595218944
78958912
789605024
789637894088564740
78964894
789699432912564225
78973798
78974719
78988265
789888489068212225
789931818644561921
790078801
790247191675867136
79031518
790315751924195328
790412604715831296
790501416
790624550
790681628179857408
79069006
790702147901980672
790846916192002048
790859973760786432
790925792335331328
790962972034150401
790979294818398208
790985780
791065529385619457
791068613134483456
791171058573402112
79123097
791366729834176512
791454526200885249
791612573531668481
791638976
791728823943430148
79178279
791891778366431232
791927201931337728
792013148836487169
792017765544693760
792074973976244224
792082426503663616
79210192
792131179831037952
792207762
792308589348130816
792382164096737280
792416957047767041
792497646002966528
792533880
792608922
792637710158573568
792686086506024960
792702532183138304
792719372
792782917638455296
792793633468669953
792804632976297985
792825832620392449
792849205169643520
792921727567224832
79293791
79294815
793009748
793151176116174850
793154304458625024
79316152
793200858208931840
793245250575802368
793246524780216320
793256658659074048
793257137866768384
793331593
793449374244274176
793520017
793531036114092032
793540167021670400
793554027845943296
793591680335097856
793612297
793762580795912192
793836795846721536
793959192616898560
794124559
794174799001980928
794227301277990912
794241805894172672
794249524369879040
794266768479027200
794280157238398977
794357898
794426217055162368
79449976
794568188
79478121
794808
794815
794838394065055744
794906337146707968
794919428
794925866157539328
794927173245210626
794964934799003648
795029
795154605168422912
795280573761810433
795346260698025984
795402912151244800
795424917999206400
795452076
795485
795571728
795577974158462976
795632389
795660671413260289
795699442313809920
795740631121494017
795760697443549184
795843492790444032
795997748
796001849295966209
796061761606651905
796085600273240065
796098576430628864
796101168569020416
796133172027260928
79616718
796241086960271360
7962452
796285795271315456
796337399991336961
796353991760314368
796375385139093504
796423104
796434034666532864
796473629617819652
796480311848640512
796572560821485570
796636620476837888
796772137830850560
796839329368866817
796849786536206337
796868262667513856
796885255919718400
796907311
796986865433776128
797043924724543488
797059195438768128
797113691808276480
797127398416326656
79713608
797167724967432192
7971822
797190773510848512
797215806207774721
797215995014352901
797256896100978688
797355913
79736221
797367492
79742470
79745383
797477839649927169
797535492753555456
797548624070737920
797566368988200960
797566942991130625
797569831977422848
797574144057409536
797593573
797608760109694976
797629293060825088
797675836727922689
79769567
797908205561069568
797912044271910912
797926601451307008
798205169330769920
798374220182921217
798374480074702848
79845336
798545744
798547004477599744
798549680758067200
798565807059935232
798566047
798575883229495296
798578408489963524
798631103502368768
79863525
798647509933576194
798654622361669632
798671427952111616
798711382044708864
79873926
798764450048184325
79877196
79883392
79886492
79889618
798918201107251201
798946441687400450
79899301
799010005655633922
799071635231817729
799137805
799230306096205824
799250105572491264
799290111187943424
799308758509846530
799327816152137728
79937043
799388567101378560
799516368223830016
799563923577925632
79962986
799666997021659136
799855832057843712
799865946387152896
800004902
800037745024339968
800048334366998528
800098178
800108995365081088
800111181058838528
800124756
800148535899324416
800159764189544448
800313944581644289
800354198
800391305947774976
800391394191810560
800454156938919937
80052879
800538022273896448
80057625
800683138720501760
800694972412411904
800704496246484992
800707492346925056
800729274218987520
800802522
800840736
800942537083068416
800970574684160000
800983787945357312
80101830
801019229227118592
80102969
801094370338410496
801100959652970496
801112014529724416
801129099070734340
801130684811087872
801171229
801304144485240832
801315789236224001
801328301553909760
80144576
80151292
801528846872875008
801549353227841536
801741319496339456
801841042710495232
801923387908100102
80192497
801962070
801980905069957120
801983616213544960
801997428
802034597567598593
802130548072316928
802153117
802188198109704193
80221741
802246546607644672
802356409
80241264
802463957436878848
80258188
802596887677325312
802611960693014528
802625846439776256
802649408
802705350
802732874998968320
802811168
80287837
802880251277770752
802913449
80292447
802959501737463808
80298915
803004895901130752
803320111503462400
80332581
803326328
80333792
803343612
803353962988654592
803387560563077121
803424090
803453875709767680
803467130985398272
803475959529672704
803532484327669760
803575230425866240
8036392
803645967043940352
803648695660986369
80366372
803668846838218752
803675899937714176
803704409523748864
803748518301007872
803908099
803947171
803999265366282240
804006765142609920
804101936345731072
804109758131150848
80427281
804339218667503616
804343064949125120
804408501783117824
80443432
804481728400138240
804524251688607745
804525057980698625
804583788986638336
804605049859145728
804618439809757185
804635549638107136
804677905150316545
804713149542735874
804782370918461440
804792398014517249
804855315531374592
804942871
805004869
805064713256079360
805098341763780608
805136727669141504
805142466
805185025
805199241790582784
805215438
805300640352071680
805304222388457472
805306498968670208
805409991968624640
805417547659087872
805498327055945728
805573200998330368
805597485498593280
805734980
805747454
805754953
805819306873417728
805969758957031424
80597203
806053245324034048
80607933
806133
806168094624415744
806172194682368000
806174251
806177097265901568
806240323630432256
806258923896455179
8062702
80628196
806302035024998400
806334038554202112
806390649968852992
80648810
80650044
806507992031952896
806525640
80653307
80655195
806606209411231744
806639353875136513
806663320820400135
806862084277407744
806905652572340224
806909972252606464
806920059436212225
8069292
80713844
807160
807204395020591104
807213338
807250707841773568
807271301283016704
807337182
807485276947783680
807585861965664257
807668095397531648
807680822
80772893
807810340339744768
807844352424812546
80784806
807848929
807865098
807888491518443520
80797203
807973145445539840
807998420
808005559471505408
80803819
808040489769275392
808051518242979841
80811754
808182616348311552
808186477578362880
808227818194817024
808230910135046144
808320928958574592
808381776
808450734240972800
808551959187832832
808590454036041728
8086472
808705296
808850146905718784
808855336815919104
808907446513205248
809123481799557120
809130472655581184
809138746583031808
809218459783438340
809235985661726720
809243997625610240
809245189739057152
80928320
809332867
80943338
809449210147901440
80947060
80951359
809703533813649408
809766757
809823169053859841
80984866
809854452022865920
809860019827146752
809866
809887021
809955908323254272
810015564
810143923381227521
810178352871047168
810234389812613120
81031736
81043742
810496768047808513
810582112373981185
810621013666988032
810633407302660097
810635767135354880
810726799256809473
810730934
810732214673690624
810774642583597056
81107602
811182256140197888
811192656
811209924470538240
811233574624067584
811289031967379456
811311166567936000
811313565760163844
811362755861061632
811414973985550336
811477048447205376
811625724
81163402
811761399647059968
81184380
81186186
811972460560019456
812003289676021760
812130883020800001
812152113023381505
812292182451388416
812295444604866560
812311590733234176
812474688
812525300890406912
81253350
812631255376281600
812690513556017153
81281442
81290051
812993927112331264
813006503590432769
81302916
813073081761570816
813096
813099707610185728
813103596984291328
813130680037044224
813147420066545664
813286
813314931147816960
813417041394880512
813438425034584065
813450942456598528
813478382176333828
813523224
813587953
813689415029506048
813738086282694656
813778090165932036
81383527
813839965
813874087869218816
813884462291451904
81399051
814056392717832192
81409263
814099865462566912
814195076435968000
814223680158990337
814289414
814321546345021441
81436372
814375290470330368
814384746
814520468
814640524510560256
814641980709814272
814654909723262976
814667196592857088
814668421916950529
814675508227174400
814779031
814822926
81482674
814830263612096512
81483163
81484701
814904340448215040
814938344
81500650
815169124322201600
81517592
815236838935838720
815241883626520577
815325282336960512
815415600117911554
81554436
815593361495031812
81559648
815635965293236224
815680
81572408
81573365
815750087192219648
815871888
815929267251019776
815964852485259265
81599450
816009404290109441
816009980604203008
816010856328810496
816032063384158209
816039689127739392
81605543
816088230
816094880254590978
816135405477171200
81623567
816260792098000896
816298477844045824
816298918468259841
816303263586914304
816304578299908096
816308289457848320
816366818067496961
81647782
816478436835393536
81652409
816592081200279552
816625461195407360
816647941918052352
816652616625168388
816657732161966080
816770404366708736
816795525349539840
816815888
816909670631804928
816925178705932289
816947950345560064
816987801589837824
817007725666242561
817027978928459776
8170292
817076257770835968
817086280597209089
817099483
817389109
81741855
817530967195684864
81762459
817679968025055232
817770953019183104
817787496692072448
817787882395955200
817801594460897281
817824970944356352
817825066993860608
81783051
817853100
817864658073907200
817872195842146304
81803155
818142705075167232
818183359
818193596
818200542564454401
818206878429638658
818227992669327360
818238195372421120
818251136884875271
818278134
818295162740834305
818342108
81856710
818611856172548096
818668619961757696
81870938
818713465653051392
818855119588446208
818886214539427840
818888828056387584
818925034739761153
818991275793907713
818996125
819004
819019776844513280
819058494133432320
819176997037473792
819196471845253121
8192222
819324503473922051
819373245027581953
819411172256399360
819467034
819541552557162496
81955135
819577826
819701089343860736
819798781847666689
819799003432828928
819799061158952961
819799091026612224
819801657957490689
819802841275514880
819803084478025728
819803190463864833
819803533725704193
819803743185027073
819803766375399424
819803899926233088
819803941189787648
819803943127552001
819803958885523457
819803968431759361
819804125307092992
819804172010692609
819804178969030658
819804183549227008
819805799291588612
819807168706711553
819807428711587840
819807576950874112
819807891922108418
819808011401072641
819808107194826753
819808305581203458
819808536167206912
819873531160731649
819875812694458372
819884626328121348
819893696183357441
819902228110737408
820014675542806528
820021968808411137
820049961299611649
820053092
820079765897900032
82010260
820119530517057538
82019372
820220312654462976
820236583
820255908617920512
820304560971345924
820355797234266113
820379341
820405269138116612
82047481
820521182
820577460886458368
820585
820596079
82062348
820625786
820663100198227969
820710596521951233
82074137
820906071296475136
820980650
820981448777801729
821064032937537536
821080860963246080
821095334956961797
821105693948264448
821122178888384517
82116090
821172724701786112
821197105800810496
821339565071958017
821432729527054336
821442544894701572
821529904441344000
82155986
821610912469647362
82162775
82164527
821663633780436992
821668175494451203
82169273
821735158797795332
821759129517555712
82191042
821946256805208064
821946621462253568
821952329465282560
82195911
821965123040452609
82198351
822058799670427648
822072082607599617
822123302328168448
822126049093971968
822184076
822184196
822263394858401793
822283566914510850
822284948589531140
822413359
822445518928355328
822470150
822475925422034944
822476942
822506767502426116
822509856385093632
822555226150469634
822599416762744832
822665079309139971
822692020644958208
822757421567406082
822786168
822847432899891200
822855996146008064
822873810068180993
822964494510997505
823012965339140098
823014186
823083
823088206535016448
82313393
823137448783912960
823215284127461377
82322851
82324228
823243233174163456
823246377383825409
823252516662026244
823265236916416512
823269389000642560
823277462209593344
823295328082391040
823300777087275009
823312647793807361
823329
823334581155741696
823352521183858688
823384095917010946
823393124449943552
823408627381862400
823411428413599746
823412368441016320
823430059302195200
823450283963400194
823451281557581824
823541330
823541990772133889
823552739971977216
823565852922576897
823572840339406849
823578276
823598268688932864
823610492472164353
823629959017230337
823643324041007105
823668549856002048
82367973
823757034185224192
823766058909761536
82378893
823860
82389729
823897546804367361
823900206836187136
823912130202271745
823969931465138176
823972415931871232
824004883913310212
824012722635350016
824028437568438277
824045494754103299
824089298756472832
82409533
824097370921123840
824100475473723392
824132939390812160
824159892692992002
824162165561114624
824171349874769921
824283962621227010
824293326
82429791
824300725542866944
824313319477673984
824327470404902913
824334444060438528
824340526241640453
824354362629771266
824432417113006080
824525636719022080
824526881676558336
82453460
82455213
82455793
824573108937830400
82467928
82467940
824689962100592640
824690528511987712
824696114725195776
824706690864050177
824736144332058624
824754334936227840
824762326347706368
824795661933608960
824797212425191425
824813964
824825637676294144
824881377526976512
824925472526102528
824930170687651840
825019113948983296
82503827
825057711134035968
825067854
825152553822326784
825181839358701568
825230340704735232
825242699557007361
825244041138708480
825330310476861440
825405072502902784
825493431225040896
825521420465758208
825542802486407168
825550441
825571470613086211
825602515
825640340958957569
825644121448669184
825670395714007041
82568301
825729266910380032
825757017683943424
825759441832308737
825759558161276928
825766054047526912
825783812227489794
82579388
82581240
825907650
826024222849892352
826076271335636992
826113844015689730
826201235875311616
826220690441437184
826291220259299328
826382447885574144
82641756
82653691
826562429685473282
826704394469113856
826788054245445632
826816477923717125
826828344306126852
826845227315032065
826853688052432896
826882538467647488
826926124512985089
827207695619018752
827237152836685826
827238354425032704
827268552889503745
827407001353195523
827434158020579328
827439919
827455153867456512
827494604144537600
827537010952843264
827547903619190784
827554870592954368
827587823201034241
827595164961140737
827608804065996800
827629687778267140
827645780756426752
827725717676896256
827814256301187073
827878345132085249
827885826344370176
827896544481439744
827902447771320321
827906096
827925365167382528
827929944650981377
827938295975866368
827981478923481089
827983601811611648
828082897
828161484844736513
828265042651049984
828280674264170497
828281481730613249
82828746
8283082
82833716
828337737388285952
828364693425098752
828417190965735424
828421241228795904
82844253
828454426088050688
828561216918335489
828605443400282113
828631242887327748
828643302446661632
828720092405911553
828733909
828742454
828790826373349376
828816321307570177
82885976
828927216360767490
828972781698060288
82898318
829012886790033415
829036960417193984
829133273993469953
829166459553140736
829191420103766016
829331049381494784
829359462171320320
829390100639387648
829393917816688640
829397701103988736
829398156412588032
829444993160974336
829467819179900933
829512864809549824
829671384
829767078253051904
829772691955601408
829773470
829784906150600704
829815833949986816
829834513320726530
829855036372979712
829859948502929409
829860376896475137
829936284059607040
829949470334935040
83002087
830030189228855296
830055147258654721
83011510
83014575
830151760333381633
830159625093783552
830166830597677057
83024243
830271388992704512
830316386
83033339
830383937339916289
830465860825292800
830518839079235585
830546635
83057568
830618137964007424
83075662
830808076756328448
830852297202741248
830875467599245313
830882441795629057
830886553123700736
831013485500723200
831088844657135617
831102449528090624
831108482
831159630172680195
831224275910602752
831248331800190976
831354248
831388160
831395274
831464955559964672
83148331
831490300509974528
831572412
831595044809355266
831599129474301956
831617188536709120
831649277881491457
831654538117472256
831660964781158401
831693852146806784
831718579435286532
831768450
831802494313304064
831822407522480128
831877939088207872
831894753478373376
831957519446769675
83198074
832003969450909698
8320432
832050755326586885
832063246970585089
83207028
832198182192955393
832244052288475136
83226237
83233360
83234153
832377641059680257
832401353687212032
832405081811099648
832500978880544768
832587223782469632
832633667402944512
832656730521694213
832703749374177282
832757977417400321
832761847690457088
832785608
832900069938585600
832900713265188867
832906513
833081439491067904
833111518979952645
833158911549075456
833170111
833171547879792642
833209708857036800
833237962448068608
833302381727211520
833402240241065984
833437832660201472
83344828
833480592813617152
833506087013867521
833511063077400577
833519946
833520575045894146
833612154
833633515
833701023801831424
833742073002127362
833760307222753280
833820320
833834578116747264
833918219853320193
833919126833729536
833944375365345280
833966905
833988476810899456
833988769
833994793655074820
834031335190708224
834115529677774848
834134019348496384
834169340
83435676
834490964823703553
834502485658234880
834547825161629697
834563918
83475897
834783473273536517
834865797357006848
834887618198450176
834893605818912768
834935510321680385
834935986719174656
835020071453900800
835092084252114944
835138395932397602
835166542874755073
83516945
835209278600450054
835213758423162880
835252426265481216
835292138460020737
835301606107250688
83531741
835373586
835539313358090241
83567424
835858610810925056
835891692268056576
83590349
835912968781062144
835939837
835965567710330880
836033257
836039997153161217
836147492
83625419
836255887471730692
836266048907276288
836269333714202626
836278615
836429057776459776
836462772565094400
836497377661968384
836525664
836538750582808576
836539255
836609253376933890
836623284192096256
83668232
836692182891388928
83671419
836721050008313857
83674382
836753078153965570
836815461820088324
836834627771850752
83684370
836846553646129152
83694622
836953913207185413
836982906727845889
837013921059979266
837017637532143622
837022642938892288
83704547
837048318865862666
8370582
837099610497638400
837126367779008512
837131046
837267702297284608
837358277042257921
837480361152106496
837570356
837584115427868672
837600574531059712
837616356644302849
837671600099053568
83770449
8377362
837792649
837793226341875712
837793969232805892
837799326038568960
837834908835819522
837842965036847108
837863940625432579
83792970
838105707220201472
838350251169701888
838351435595149312
838354706
838375957
838405796081856513
838412919750733826
83846870
838556788421111809
838659934854217728
838694090128646144
838789353279209473
838900560
838938482
838941253
83894820
839093415505723392
839134694914605057
83914441
839149051253784579
839184799709425664
839226590
839238746637811712
839323933774065664
83932732
839543318321123328
83957328
839590899562737667
839616233859399680
839628259042209792
839734220620722176
839802908
839854176762904577
83989520
839905562406043648
839990047764017153
840047143863877633
840137322767118336
840241467637551104
84024720
840289352
840440614063767552
8404632
840537294272643072
840584610
84063737
840645219636793344
840646971534655488
84077400
840882654786531328
840968850216779779
840969061
841131968
841168889933361152
84119348
84123573
841301209885622273
841318439109169152
841385187049132033
841387337879822336
841404403856879618
841437061
84145727
84146348
84154515
84160783
841680807534161920
841688604858560512
84171690
841720022435209216
841722371576848384
841760697025462272
841800916823113729
841842912870645760
841924695859580928
841968137373421568
842015163360378881
842090758626664448
842156465800503296
842185242807042048
842336676
842348160034959360
842446259311001603
842470674107142144
842495095572238338
842495268
842550390818201600
842581424
842593365980041217
842666897741111296
842669612
842670369500676096
842781499325730816
84281580
842825118002958341
842837946982121474
84290893
842965703632142336
842985642288173056
843035790
843056155601510401
843111265006436352
843125031714676738
8431652
843175991145062400
843203472887595008
843447680
843479602693586944
84351228
843549798301126656
843604820019748864
843610954801827840
84366480
843679027613356032
843718836
843774265136627712
843782947870334976
843835913369137152
843855762409570306
843897064627101696
843903442712252416
844002278243799040
844002818117767168
844062990
844120587521998848
84412602
844263379
84426342
844264196
844273312301793281
844296821644185601
844297206387687424
844324152509116418
84432492
844366034425409536
8443752
844380578
844454443
844508580
844520976759111683
844647036179927040
844650740
844685449499099136
844707731072323585
844852386
84487892
844909959263518720
844934740306264065
844959696909996032
844995286321659904
845104548213657601
845129568331612161
845178282752430081
845246888848883716
845299284388040704
845309384
845342349077233665
845362383010873346
845375405196558336
845405120695291905
845408006309363712
845409976680099840
845487333008982021
845500759886233600
845597494046265344
84560995
845688717800976385
845699665865691136
845791874514391040
845793138321113088
845824702954246144
845978994
845984788569870336
846014125050290177
846036713990320128
846064201332273152
846099369522872320
846135298559959040
84614572
846155475037163521
846186826494816256
846312488
846326389850722304
846421584
846447728
846505910038155267
84650849
846518452584173569
84657691
846666424152141824
846788545880690688
846801440706351104
84685398
846923375209594880
847017228033806336
84704680
847081730129432576
847137677090656256
847146463
847154816593752064
847176279493193728
847198791031762944
847221322497372161
847323997154885633
84734907
847353314224111621
847376136
847422670635323395
847646281887395841
847710257996472321
847730274330845184
847892635482238976
847895355362562048
847923787
84797998
847996253929701378
848026647643262976
848077376391180288
848148994102611969
848184964852191241
84824576
848255386582953985
84827737
848322740
848518471
848544636
848547773440020481
848560033113788417
848587728904237056
848609180218949633
848822905
848872437425070082
848937366173564928
848951078867447808
848993302640820224
849035597637443584
849286606695608327
849299412623007745
84932964
849346291322806272
84936614
849368289792884736
849369122324566018
849438806298304512
849516200
84957890
849607396523728896
84968233
849703669
849785595618570241
849816306538823680
849820813410713600
849835616
849856003
849904062
849958749980827648
849988818140880897
850056246136774656
850096219539914752
850098233372286976
850115800320983041
850170003349438466
850178866337415168
85018352
850302463504596992
850421186
850425349112565760
850439570839793664
850473241957281792
850497361
850511565480574977
850585173561356288
850689038889623553
850710096032092160
85071244
85074142
850763880775262208
850765289641963522
850813535676444672
850846910
850895071
850919758371274755
850946989
8510242
85110657
851207343303868416
851375646
851384035125243904
851457928481710082
851517722517159937
851526166100029442
851540696192483329
85169525
851724906
85176008
851985789072408576
852123936
852170507034218497
85218923
852195915028987905
852265934240849920
85230067
852389079975165953
85248610
852510027432603648
852540707818680321
852811956390051842
852871441
853249386545127427
853381369724063745
853496964952076288
853646311941451778
853651248
853669477
853745276
853835628613689344
853977926
854160254296178688
85420236
854278538018553856
85431088
854349630565494784
85436344
854383811047641093
854586252
85458626
854614125003014144
85462891
854769693051297794
854858896845832192
854871218612310016
854958724154306560
854978705663250432
855032813388783620
855087038252675077
855153350672822272
85516475
855168018820861952
855220651
855240223432769538
8553112
855476090
855532096181456900
85554612
855614725782196224
85569220
855704672
855834844613320704
855883779155648512
85599723
855999444
85605967
856091034996154368
856148305
856165617942089728
856183223449247746
856189893332094976
856288002435420160
856344540
856418099884642306
856543956
85655044
856575710605037569
85659105
856640595191668736
85672605
856728713316229122
856748509579534336
856875542770925568
856925550
85693971
85694915
856978453
857107100861911040
857159220776628225
857187994536693760
857221386875662337
857244014755536897
857248362
857279309148553216
85728965
857301314
85732762
857331013
857390805895581696
857437594006638592
85760252
857604230496038912
857618777076367361
857742814746218496
857785492539973632
857928965121597440
857936728165896204
85794542
857951733053632513
85796380
858079420338249728
858102293928886272
858354574893219840
858356366
858409473760796673
85844795
858458035089440771
858545422050217985
858599292
858603955991044096
858615936428933120
858634842057134081
85863824
858638826020929536
858686316
85874860
858760555607326721
85878357
858786082971955202
858843877507301379
858869445833490432
858906443826601984
859003099285008385
859076238912126977
859085802218893312
859101343356772353
859133161703436289
85913912
85920748
859234990340546560
859252235804520448
85930341
859313784535560193
859363899291742210
859377203242426368
85948847
859541565508734976
85954870
85960231
859692971893157889
859720912316268544
859730252
859774107419897856
859877537081696258
859935124934107136
859993803066716160
860217970836025346
860233519787778048
860302902535102464
860324399894888449
860400248
860433787
860523725199777793
860540923
860712752
860731584
860744858734120961
860763476914049025
860934549253087232
861142785600172032
861144656
861157256573923328
861170130
861224534812364800
861332122425991170
861390829
86141342
861478096536453121
861523844238102528
861571069978722305
86166834
86168072
861716259221774337
861738869045297153
861739539370352641
86174088
86176255
861778656980377600
861798690
861818668023500800
861845473543540736
8619542
861971819573768193
861989837930409984
862003931706273793
8620362
862036811866136576
8622212
862241977630208000
86224590
862268080394784768
862378543468163072
86237898
86240588
862461065283616768
862461535
862472210367361025
86260293
862616442361049089
862627598
86264076
8627002
86271665
86271989
862766520
862792098986180608
862793120680779776
862980936
862998737119039488
863015978786934786
863082908
863115334085160960
863174735559045120
863174852
863222366775541760
86330674
863356087486996480
863360298
86342401
86343155
863441084403286017
863450335075065858
863480987417817090
863538430575353858
863540149
863623309
863638706921406464
86364947
863657424200151040
86375064
863804454604124160
863873989
8639012
86401456
864057403871973376
86410896
864137784725876736
864179937347031040
864181508730372102
864192327727886336
864242674383167489
864252535
864347902029709314
864352279
864449335227842561
864490495
864491026723069952
864504523
864574872369848320
864574988527038464
864624748738875392
864803604
864910272
864933792749953026
864947274287382528
864986260384997378
865054100345507840
86511785
865200110
865208814764732416
865238462538141697
865262835265359873
865315737690284032
865366539377283072
8653962
865490222745702401
865614138013212672
865676036
865679498120802304
865680194778144769
865892803
866010939916775425
866200892923629568
866218749992587264
86622682
866259212858310656
866307345760092160
866474104811126784
866504532
86650800
86658130
866603455
866648553543913474
866652609851084800
866726061786238976
866736610066350081
866900055583735808
86694421
867046889195274240
867117034089435136
867202884680785921
867214392
867343717
867347413937250308
867353936897986560
867411036583989248
867420820863406080
867462325049208833
867473093844926464
86764977
867661368933048321
867706148945883136
867873970904854528
86805687
868220034153369600
86824492
868334191603142657
868374723138277376
868554679239811078
868618880612089857
868648623608741888
868673067223887872
86867430
868856461
868911490534920192
868942675420033027
86912159
869156158979817472
86925202
869302480697524224
869378368508092416
869439849350270976
86946790
869472613332078592
869586877
86960389
869619261840535554
869625061
869687717252222976
86968911
869820168
869914913979760640
869959916
869977232357433345
870008125537046529
870016594214137857
870027250460233728
870056541214343168
870188817537355776
870194246220783616
870218861190279168
870261102268907520
870284449274937345
870363113308160000
870388867039453184
870429873621172226
870436306718818304
870440456890585088
87044545
870447381006868480
870473605473198080
870550445412032512
870592531247116289
870645098748497921
870685364716883969
870689858628362241
87098924
871004077097877504
871005704
871018516564107265
87113558
87118217
871240626116804611
87144651
871460878587187200
871488220760027136
87159465
8716442
871679331008790528
871785391
871866650244632578
871927322588446720
871958607214018560
87198649
872016284
872024441433337856
87204299
872156132688711681
872158753008877569
872168064153989120
872208946139934720
872243911208480768
872244684990664704
872258602786017281
87230974
872328298294128640
872330515
872387485
872410623954616323
872446118919102464
872463614
872502889272365057
872578922868871168
872609678533984257
87261403
872632225
872772661
872860249992122368
872918476863582208
872950861722521600
872958773224235009
872964081019478016
873037586742128640
873141867197628416
873165244889280512
87318093
873185490375233537
873215206935191552
873314053
873365946
873514666206654464
873516575638171657
873535741963448320
873600909225361412
873636843627196416
873649124876451841
873720764226166784
873736014967255040
87374775
873755047
873919257238786049
873926462
873964702728114176
87397874
873980303081123841
87401080
87407427
874084080
874105890302967809
874143005090906113
874148114399154176
874244489078026241
874300694
874344140481249280
87452212
87455955
874563713264693248
874567705
874694993377710080
87470849
87471023
874745063313731585
874748971381600256
874934154684764165
87494579
875039516683366400
875102174824542208
875163722783883264
875280010877296640
87528671
875315480126468096
875331928525873152
875346096
875416482
875443196
875495754537861121
875685333404438528
875696023
875700962878304261
875814660506832899
875955067
875973511
875996262981447680
876036812875149313
876110561905262592
87615156
876178094083723266
876240395470069760
876281245
87642907
876459584944300032
876502603
876535906752221185
876548002722103296
876627181245407232
87674057
876794657669353472
876823172447821825
876907464465104896
876912709748609024
87691397
87712431
877179826733334529
877198536961650688
877226798618161153
877251565924622336
877258921412636673
877331791
87734419
877355058236604416
877385706863296512
877441709256445953
877496569079013378
877643434152087552
877825666368118784
877908705672650754
877913686077300736
877922299
87796600
877968869138329601
877973052650336258
878119205291180032
87818409
878288366781042688
878319014514114560
878406853109182464
878471153114902528
8785142
87853386
878639300904079361
878643656982507520
878722392046153728
878770426142490625
878772504
87884725
87888260
878956752158560256
878972635677372418
879037554586079232
879043594329497600
879051864
879237882753335297
879244261
879268612531531776
879347215789154304
879370182858219521
879370932174716930
879380176810987520
879388079055884288
879445795577241600
879494100256407552
87951215
879520340287922177
879573342700875777
879613009127145473
879613408974430209
879701838
87973711
879802096278790147
879886619553267712
879930257431724033
88000244
880028463704363008
88005239
880075474495582208
880129799879970817
880142286176231425
880144357415714816
880148317468061697
880200434
88036963
880382933579812865
880412538625810432
880423858339168256
88045259
88057017
880622484806086658
880630045580054529
880631440370786304
880706656262381568
880718376875806720
880755910230110208
880773538420068352
880802996149518340
880823724953489409
880918346522398720
881080172522250241
881105019667447808
881155375
881159017644654592
881188266
881222783170228224
881248503514714112
8813602
881433840
881517449144918016
881578506903314432
881631585010831360
881705032718077952
881886431735631874
88215673
882173190
882182154838585344
882232731979198464
882310979014594560
88232531
882331758120771585
882403440785326081
882526212870086656
882535474773991424
882546383097655297
882616334
882663436550844419
882677958967566336
882697727553011712
882712217879269376
882723243379093506
882742477920194560
882751502
882766961737961473
882823727951556609
882854146021376000
883023436913692672
883025052907708416
883096772163325952
883107948
883204278659284992
883216950469566464
883218287932444672
883353569730211841
883362021353426944
883447870929723392
883452591555973120
883466928
883467071727616000
883473128
883494294362783745
88366811
8838382
883862462365347840
883894556235661312
883920606
883931708206206976
884011184604594176
884022229
88403889
884059369637326848
884109059242250240
88419449
884230295427268608
884369177368199168
884378714
88440926
884433208703672324
884530585972101120
884737728147017728
884752561
884763225891459074
884876724659511296
884951651487850497
88504820
88509405
885137321229733888
885159090313449473
885166741961179138
885168759081709569
885202628216573953
885206174261542912
885239645700853761
885250913543245828
885263698000052224
88534700
885368325294891009
885428494037123076
88543209
88547503
885507673
885532862346407937
885814222021591041
885815451703541761
885822236409692161
885928702734999552
885945007353376768
88596684
886259478777036801
886274402027012096
886304527
886361066342686720
886398296146706432
886509708
88662336
886628090696388608
886697616964235264
886704248
886706334
886752747852353536
88678057
886857086717628416
88708191
887093607907414017
887121706199994369
887143848773787648
887167340
887203562
88722311
887238361487818752
887287586
887321475358838784
887418963759648768
887492486117167104
88750092
887561417259237377
887626873
887663203
887693897652097025
887694674
887732866423173125
887733472206499845
887820096063897600
88783759
887857031897640962
88794413
888042960549552129
888058610877706240
888171786256261120
88820794
888239667547602944
888407648617594882
888417978559078400
888449203688677377
888459519503761413
888481889887059968
88853117
888542179081277443
88859872
88860908
88876655
888796167798128640
888799008310874112
889181092019830784
889221137871360000
889273682
889289408
889348599837933568
889396536
889471293233352705
889472467156164608
889490683
889521506409164802
88956904
889578475
88960514
889672898020990976
889779861300137984
889831292623360000
889862238168727556
889931184142249985
89004095
89023047
890236151344267264
890244087869263877
890256018231480320
890260183
890312909020123137
890324747950714880
890346811285798914
890411029355778048
890414840224903169
890437448919994368
89047634
890497537806749696
890527419958001664
890577536953892865
89060869
890683265836695552
890762265938591746
890794186324140032
89084561
89085489
890889240715943936
890891
890892441225711616
890897569387347969
890941985300901888
891055385586565120
891064163480608768
891075625
891086574917738496
891115795022880769
891119762847277056
891149802464882688
891252146733170688
891262201243115520
89130329
89135015
891547159
89168924
891701342342926336
891724871239127040
891806948
891978415498289152
892038468
892047618389487616
89208202
892099513
89211580
892125759963312128
892128180
892175730003595265
892195983391698944
892214750297436160
89227582
892278998
8923182
892349748
89236161
892456809268523008
892458294484381697
892462674042396672
892468748426391552
892472366999187457
892491627088011264
892503488193855488
892523619502436352
892524747308662784
892613619610812416
892707024
89275162
892794846548828160
892807102917464064
892859169971294212
89287997
89288276
892970329395613697
892970365105967104
892971229958766592
893012720559296512
893030660662845440
893032046439813120
893034050880851968
893035499904004097
893036841145741313
893039880241991681
893041156191289349
893041173031473152
893044118707994624
893044136248561666
893045068256432128
893045629865181185
893045962654064640
893046027154010112
893047298862845953
893047537875034112
893049256004640769
893049278532288512
893051371091578881
893055385761927168
893055394515431425
893055829225721856
893056110030094336
893056465321283584
893056927911071744
893057006478782464
893057938037907456
893057946975862784
893059631676887040
893061485496115200
893062551961030656
893062907738468353
893064526161203208
893065096083144704
893067106832457728
893067878018162688
893069482331131905
893069495593553921
893071268207112192
893071996564758528
893072017137836032
893072641074106368
893073529675165697
893074379927691264
893074394465136640
893075363806552064
893204788921253889
893284234042855424
893285196543479809
893299346367692800
893491916884652032
893602974
893821372773920768
893840395502841856
893878287927091201
893879213039775745
893883585228410880
893919612332650496
893928720
893933220064112640
89397089
893991678
894013062
894026622709280772
894346522841808900
894353913486254080
894476053
894639244907610112
894708856596553728
894717906
894834369734606848
894869813012688897
894902257140908033
894994323254726656
895079268996329473
89522068
895308672947171328
895321638358716417
895322623206465536
895436852018257925
895559496
89561713
895648205534351360
895701702799638528
8957592
89598209
89604232
896103634907402240
896301798084030465
896375539883270144
896380839591723008
896388093695098880
896429028260933632
896464643899744256
89647296
896481204752592900
89652207
896536097655853059
896622942469070848
89669859
896740409346371584
89675708
896831344923353088
896901955402047488
896929608720764928
896947737068920832
896989600798826498
897047265113546752
897083413466951680
897088756171329536
897171225855774720
897180245006180352
897206587747700740
897288866595340288
897330134
897349503816040448
897360248737902593
897360667648303105
897466731551219717
897488194773688321
897505069196877828
897511191010062339
897525907711184897
897529878379200514
897611631018074112
897620758385393664
897655143297990656
897686248311205890
897806394811961346
897817604802392068
897876390409785345
89787662
897886992
897895452850388993
897901827546652676
897938772
897940472580239361
897942927644782592
897944126536200192
898000644
898031260395810816
898047137946116097
898104771285991426
898196722547032064
898235400942223362
898237122146181121
898272794802360321
898284042331631616
898292922075930624
898293720486993922
898297024784859136
898317114754334721
898495392735784960
898556010071117824
898565402346827779
898651031508324353
89865827
898703517719773184
898765628
898774726474158080
898795569757532160
898809349
89884883
898897892
898910599626842114
898917787539820545
898933051
898944220811186176
898979912
898990083944173569
89903229
899047400320495616
899067645873582080
899085537243516928
899091021895786496
89910128
899207866015293440
899248084508491776
899266669213646849
899305435127271425
899307374711799808
899329975
899340282436747267
899398578388467712
89941723
899420411045093376
899485684158935045
89951128
899688441474154498
899697150380134400
899802065979015169
89985226
899974189
900158671035916288
900215691709751298
900231078
900243059048300544
900249915607011328
900335799077658624
900398191438417921
900410167786909696
900417076074082304
900422299039301632
900438218100944896
900452583457816576
900466709852819457
90055382
900654517439664129
900756550775705600
900764907716698112
900770658790948864
900794431590338562
900801688562524160
900867940517646336
90103891
901060389600886784
901113594829471745
90122464
901256460566487041
901386473815121920
901398998594068480
901438989181362177
901518389881032706
901531094507507715
901606785622134784
90166438
901874434994266116
901886689
901893400538087429
90189404
90195892
901982858
902011202
902127499479359488
90221278
902224860419678208
902282851499917312
90229026
902356780486930432
902439718134185984
902448516
902536502
90254543
902548250057728001
902553572365045760
90258002
902585748263768065
902600080078905344
902603451850522625
902667731786280960
902689690704367616
902758409136730116
902771323
902834539277508613
902926941413453824
902949236916060160
90300296
903006319128453120
903006501459169281
90300872
903038889316589568
903084796615806977
903279844292775936
903289795962695682
90329934
903325822206992384
903335676002926592
903339238032322561
903368516664950785
903385494909792257
903426608836382721
903661267000446976
90374395
90374813
903782631703240704
903935958
903961590093012993
903999241231663104
904005666255368193
90403900
904047154997719040
90405805
90407341
90409471
90420519
904230019827773440
904233170999984128
904283597988782082
90435409
904452463205523457
904581504357019649
90466734
904700529988820992
904751762954956802
904805006418857984
904816698
90481750
904842635008819200
90484488
904890946323587072
904945287029940224
90497345
904988933100011520
904992942
905002248123686913
905100393167892480
905138839039115264
90519221
905202993175314436
905326755610845184
905330092041273344
90533735
905346261141774336
905400428434792448
905416143313219584
905445560089538561
90548782
905496545096851456
905510568051826692
905524795252625408
905530064984576000
90555260
905563470707515394
905573430
90557923
905647424
90572771
905737194270326784
905750126
905775245067526144
905853050203471872
90586572
905876674553581568
905916735416659968
905927261211181056
905947321158041601
905966422248919041
906079581081407488
906105384854630400
906114092
906266192188465154
906276319
90639372
90648677
90651198
906530576445984769
906606306810843138
906637525426589696
906734342
90673584
906747322498998272
906874393
906920358
906940705133748226
906971212370386944
907024609937117189
90706344
90711442
907115786
907182024
907302868645953537
90731613
907321207
907382738
907391373069787137
907392421956247552
907396622132187136
907405963488927745
907406773258117120
907418685148508160
907540136765902850
90758171
907618940154728449
907664267285016576
907694266029301760
907722191562833920
907770555973042176
907787818898001920
907795771201916928
907870645316313088
907910807723356161
907911435145146368
907959981743366144
90804011
908058492619182080
908105956319428615
908129025893081088
908133204569346048
908182447
908199270981029888
9083222
908324994635194369
908349097827897345
908466132453007360
90847585
908516163637846016
90855146
908600227468271616
908738372096581632
908749800102875137
908794752446767104
908810922
908820789511774215
908847139727593472
908859036950335488
908877552042762240
90895400
908960889839194112
909058648256729088
90917796
909205722809876480
909232748371603456
909352141
909393527955746816
909406047768596480
909414205136052225
909437395
909510474470973442
909519301299892225
909589900130910208
90964854
909730256206012416
909731535665975296
909743718575611905
909748653480398848
909812860192096256
909815426334330881
909851582635941888
909852000338173952
909876082517712896
909904847687835650
90996954
910155475085332480
910254330292375552
910279763356524544
910305551220826113
910506671738376192
910513857340346369
910621028212203521
910675036385824769
910694455
910732590960668672
910755049
91086481
910961859787763713
911220102556798976
911230320325812224
911235229
911326128924758017
911360726526189569
911489991888400384
91149180
91153898
91154123
91158266
911587640444628992
911590723862122497
911594350345428993
911619601133445120
9117482
91176384
911843315477307392
911910938193702912
912027446169489409
912089850639089664
912218448234762241
912232086211371008
912274745831411712
912321332649570304
912359571947085824
912373306375929857
912377216897601536
912429525539131393
912458450214572032
912465842549297152
912478531
912654222554025984
912684815199145986
912695803
912770287
91283210
912837488
912975337
912988142
912990579444912128
913023860710297600
913041
913049358882373632
913053009524948992
913063871681835008
9130702
913081624094486528
913118929278705664
913141570802782208
913253991986819072
913267967185637377
913268243875323904
913288098632658949
913320383528538112
913392551041912832
913473475255222272
913481822293463040
913490287145734144
913592009851641856
913613547879383041
913639056348553216
913660905262641152
913664130
913670377661800448
913711039648292864
913744892869955584
913755612344934400
913777688464232448
91380210
913835190572670976
91384012
913891656784662530
914040906
91409081
914147090015670272
914187466806104065
914223286606876672
9142362
914238097868689410
91425768
914281548
91434673
91434962
914352835982106624
91454173
914590137174167552
914593386690052096
914612453127811079
914615102
914725498445430784
914734717529866240
914947235582013440
915035799535497216
915062732
91525942
915268873997344768
915374022
91543826
91545572
915462061
915511481063628800
91556413
91556718
915604712367509510
91569402
915694591537500160
915842948
915851361819934720
91596869
916010177677201414
916113921471156224
916114570833551360
916138354202222592
916163922
916241339821510656
916364191476404224
916365196561649664
916681460228247552
91672895
91676348
916831535080153088
916950398
916964462657142785
917041163999125504
917067807115874311
917163560639320064
917175139
91731354
917334498
917353047705178112
917389190328877056
917392647148441602
917397799972605953
917483373085392896
917490181594214400
917514064695320576
917515137577373697
917539205999345664
917555706
917587402985693184
917615692760928261
91763277
917687828104007680
917691656
917697298020421633
917761755098550272
917805340103790592
917856734
91786600
918081686339911682
918094109230776320
918114097165684743
918160525892001792
918183376842084356
918207351940726784
918210860652343296
918236712643411968
918290215
918291738703171584
918299444
918316548506267648
918318180
918318518
918449385943588864
918525228602535936
918540006
918630371926798338
91870534
918723043798560768
918804624303382528
918845895147442176
918895937476579330
919025262884515840
919040099764944896
919100556
919113784727281664
919131332
919150777
91916908
919200187
919205876682158080
91926550
919279868541587456
919283024000356357
919310751797358592
91942557
919487742177890304
919511505426681856
91970211
919854192428240896
919860212
919944079
919994318336733185
920052446403203075
920270694151176192
920297721495543810
920309065158397952
920332104541466624
920337044425072640
920339307533144065
920364181488132096
920373567157452800
920421084700205056
920453825835741184
920495432349995010
920500142
920501100624703491
920543400826490880
920686272464785408
921033470712918016
921048750549798912
921112723211149312
92114157
921143191
921214860175781890
921274424430559232
92132362
921400462838042624
921431790
921432523
921439597753757696
92165695
921818491
92182754
921834679
921840072
921914337983377409
92194394
921973026219896832
922021191799287808
922032257455374336
922109833637126147
92211807
922211802
92242395
922464867436593153
922471310911000576
922602722
922668622496931840
922761057768177664
922816932860088320
922838150598221824
922853948024700928
922861225
922867547220987911
922897395284938752
922916113364557824
922918229428834304
92292805
922928836836130816
923035766799917056
923102848069414912
923120359808704512
923178070563065856
923277670602833920
923282909309661184
923303740551172102
923378016377622528
923409963589996545
923412207001657345
9235982
923599713978470400
923638018896007169
923684132680536064
923704345362759680
92374095
923767416823386112
923839146077986821
923933846646771712
923984176193462272
923986483857514496
924014226317885440
924120291441238016
924122054676197377
924195579655327746
924305581254492160
924347208
924361172
924382207157813248
924393996746739713
924452045242773505
924504899811004417
924509704662892544
924752116639567873
924757470488100864
924767342319386624
92476849
924779782822178817
924790563953676288
924836857988313088
92492429
924978799313326080
92499902
925112851894865920
925128142611652608
925292545910829056
925345004
925350176117555200
92536053
925367395933450240
925371146001887237
925385771112071169
92542227
925430427665485829
925436774096261120
925457674963124230
925500296742211585
92551736
925560520207302656
925646880
925663808210817024
925763864964354048
925780682550468613
925808959
925847397921472512
92586353
925897969
925963170841116674
926049255755788288
92609091
92611744
926197605377310720
926309671773683712
926331497363136512
926400629853040645
926459885210013698
926495035
926509794902532096
926533332275474433
92654268
926558698012585984
926577967123267591
926578068
926814150944161793
926983142472404993
927013390534328320
927024908969820160
92705962
92720521
927254775862845440
927305017916141570
927354083756961793
927427782115606528
927480949
927492788354035712
927497147213213696
927629316548042752
92764064
927662736
927677011
927751333247111168
92776929
927820410632028160
92783517
927848545935245313
927909674837458944
928223455
928269303761158145
928312772
928331302004289537
92838931
928394522442321921
928464832180789250
928582106
92861299
92867252
928709462621290496
928719382921994240
928739141701066752
928754500931899392
928755000007897093
928758856859000832
928783446817890305
928830350226161664
928897793845895168
928905062159732736
92892764
928981995358773248
928995935388094465
928998313
929011371412414464
929030062803996672
92909429
929171096141750277
92917860
929191647686090754
92922681
929288027720921088
929330853334999040
92933817
929350720888999937
929373746
929464906012864512
929548699004366848
92958432
929604929488019456
929797143338119168
929839573802323973
929852825412292608
92986792
929895579215208448
929907138
930147829
930218534730371072
930224841067843585
930230996166774785
930344428400766977
930414286907752449
930453075457921029
930454131394916352
930482766332022784
930497239876816903
930513408
930519797858574336
930557785808523265
930566198
930594649
930600170802249728
93071370
930733516681293824
930829985241280512
930862428061077505
93091583
93115683
93116921
931210000944340992
931240267226714112
931243412971548672
931244582
931246711
931275310825385986
931278517
931287728
93129160
931356291385176065
931359603207655424
931368758412800002
931384856
931389813021925377
931532198
931541481252360192
931605320
931710226939633664
931802857
93193090
931954897540481027
931998561054552064
932048245450313728
932061026
932119854840246272
932173624756264961
932387781850075137
932392163782152192
9323952
932461306833133569
932520734
932563216571535361
932633730
932755834181840897
932786452739407872
932807688815120384
93287033
933048179511218176
933060886259834880
933083951106797570
933100416258076672
933170624
933234825296723969
933295738045345792
93330579
933339131362471936
933384529766682626
933400952643600384
933440778394841088
933616080844713985
933631656
9336402
933652559318962176
933737516
933769312292294657
933832547112488970
934049237628841984
934057362595266562
934112312
934218325
934283762
934294021
934354112652570624
934367068694171648
934490267511611395
934520075050213376
934552494
934698494
93476670
934795967928328192
934954245933207554
935093418472235008
935142655213703168
935161442
935179914508210176
935199431393132544
935228127059611648
935260995123073025
935267710946045952
935312564149465088
935323314314141696
935329048485597184
935445678490374144
93547146
935476794
935488800008146944
935544985977589760
935632100862050304
935676335250399232
935731958386225157
935742315389444096
935877816457089024
935883301
935886804028243969
93589781
935906118
935916447427186689
935943359771713536
935964414141874176
935969937969074176
93609284
936187286051545088
936202809573367808
936240398002946048
936286650350669824
936298125685350401
936305690519527425
936365359531163651
936377724
936438213144645633
93657860
936591669067071488
936645535104151553
936715640848732160
936738775543308294
936739449257545728
936764913648840704
936780913257541632
93687900
936904334813536256
937022372883980290
93707061
937137978765463553
93714983
937154990
93716941
93730228
937355247621681152
937419946065141760
937422446323314688
937479867796525056
937499232
937540637968224256
93756517
937569759507484673
937612903640981504
937678874095300609
937689794200719360
937721239971475464
937778257952432128
93780257
937865677
937886772075282432
937963107456036865
938079432778047488
938095903516307458
93809998
938135524480569345
938251197429043201
938301480
938432065724395527
938458859278163968
938462604330262528
938464358
938520283270463488
938525304053567489
938533034659168256
93858456
938724387125190656
938786421661368320
938798479035584512
938799619772952577
93880386
938921035902136320
938940592356077568
93908298
939089750
939090464468168704
939091
93910940
939121727581208576
93912218
939127503469334528
93913274
939147132
939167518807248896
939399035378597888
939410138
939420390
93946973
939601522236841986
939673452763639811
939697315379646465
939714944144232449
939743193674977280
939751421758631936
939789092006563840
939803940
939808321
939847838346989568
939899923
939998521436012544
940000666189221890
940029426229641216
94004565
94005100
940057867
940120243
940129115897782272
94013297
940136915897958400
940232794877452293
94023535
940301512512823296
940367275
940478957723336704
940523137288081408
940557250111987712
94068362
940795375107092480
940796666466197508
940803150
940818682502107136
940819783758598144
94085945
94089529
940929891662475264
941002556112859136
941020303123275776
941132459621613568
941287588056518656
941364940073467906
941444512592945152
941480354
94155231
94165230
941662868927406080
941723281320792065
941771878695186432
94190621
941997700320452608
94200795
942098814
942154875508547594
942200851
942202693015220224
942266413401739264
942398900
942461740041801733
942468811
942483137376014339
942518599171928064
942663361954590720
94270652
9427392
942786030
942875810439995397
942878337806032901
943102333017362437
943103610598150144
94311203
94311240
943117695670784000
943125174
943134800159891457
943181244
943210460
943280437144768515
943319545
943360129449316352
94338433
943406110781952001
943506806931734528
94350709
943519108154269696
943579275134930945
943590049941254144
943718948004020226
943747680
943788254
943869816045277186
943957341719932930
94399007
944047168188432386
944149608992854017
944219939396833280
944246724960366592
944332226463854592
944462285573099520
944548421381382145
944593203000500227
944657395363479552
944659154
9446832
944892522895089664
945014509701423105
9451052
945243776
94529866
945700517816291329
945735089480232960
945766859483369472
945808554480537600
945917263
945998026392424448
946018506268700672
946056711277867009
946105242436878336
94610606
94610976
946126124
946140031697203200
946166358676594688
946199776412033025
946207759422259200
946595410793164805
946668161041969152
946794563615838210
946799059829960706
94681168
946847190110019584
946858579209973760
946877029831593986
94693173
946989055006437376
947050907321143296
947146745296883712
947385583
947498318556413952
9475102
94751777
947542594569097216
947587280
94761188
947673769694416896
947798720187379713
947858954566164480
94786475
947872632434765825
947874327852040192
947903256134602752
94791080
947916998553620480
947931989587439616
947934725271846912
947983647566647296
948003288666034178
94809283
948117051046006784
948130329239457792
948132960909348864
948169852547715072
948220217678876672
948444535
948571325819445248
948573662613069824
948611
948622217323032576
948641786
948648084
948684051874856960
948721001252012032
948744755617386496
948766715416141824
948775674
948868194084839424
94889299
948943344
948978698
949044941862424579
949047386462138368
949059797701230592
949103554345697280
949128203657871361
949134972547248129
94917504
949254913854451712
949311970037190656
949324120520609794
949416462963302401
949471566458433536
949679084
94968995
949723812941238278
949771863382724608
949852563704180736
949853664822333446
949942900888018944
950036971715547137
950069113
950091704295706624
950094367078993920
950108795820302336
950117780702941186
950170661384724480
95022046
950249762
950259931990523904
950367584721035264
950373718286626817
950410848283119616
950437303838797824
950477244
95048311
950558867099824128
950610474
950695815047036929
950709896172982272
950746018261463040
950823495759532032
950824252562903040
950856988984070152
95086007
95092020
95096236
951068984698433536
951117242774769665
951228956
951264393978720256
951305368436662272
95131944
951415217950519296
95151029
951601536584396800
951602064815108096
951694627224072192
951695460808429568
951718942438957056
951862334707982337
951893968794484736
951918498560712704
951957279087190017
951998058
95204831
952111279233118208
952133580876079104
952259558
952267464
952311656217968640
952314738
952332778456133632
95244036
95250102
952528632966254592
952560764577046531
952596055534768128
952597844162203651
952636350158819328
952755407788826624
952828777
952891170681745408
952912800292143106
952928477392420864
952976175374123008
953046318393503744
953078630
95315665
953160623046647809
953284716945399809
95338396
953486584338411520
95349395
953559767242498049
953592132
95359953
953681936651714566
953689350
953751012
95376174
953885732602503168
953927954266034176
953946416719843328
95394865
95398415
95399839
954005058793832448
954044605774860288
954072202466549760
954117681740791808
954219064406114304
954228213386915840
954241844262723585
954242606
954251414976516096
954348379
954362580
954505254321651712
954545827187384320
954567617242517505
95465386
954705596
954812176547700737
954824765449166848
954857285813243904
954886695534567425
954954864013930496
955057265312137221
955081090619924480
955116625329467393
955187278913114114
955228610
955281524307447809
95539607
955478040158588928
955561609782439937
955564040901877760
955655045713887232
955692347123105792
955694894
955752963707817984
95576107
955808450
955822928360329216
955923905335656448
955925072375701504
95592686
955965238859329536
956041561854414848
95607516
95610041
95610132
956151901925486592
956171191
956188013301829632
956200063209955329
956209593398546433
956266072440635392
956415027468226560
956494460166184966
956516400343986176
956525144960389121
956654925282512896
956670209695166464
95670129
956739120327548928
95676302
9567972
956914000725454854
956925241
95693222
956938646250237952
956946106935578624
956958888347275264
957031936001806336
95706867
95707666
95708774
957112680413741057
95718878
957212210
957285588
957300818
957396820237234176
957453602456555525
957491828948791296
957500238
957599336191406080
957655193260363778
95766237
957747545874337792
957757234154496001
957771626
957816788535992320
95783396
95790405
957916044286480389
957984075805024256
958010291240841216
958054778
958158515629187073
958180461506891778
958192618940252160
958288105
958321164048191490
958420333240954881
958458436840296449
958650727139872768
958685436112658432
958694618
958702217355251713
958740146
95876495
958785027906646016
958812372
958871015060267008
958916273060175872
959034181
95907502
959101779186200576
959162504810192896
959164093
95921392
959272765772546049
959365668507410433
959381001838395394
95942791
959443980218961920
959471389282578432
959531866993844224
9595362
959543935214456834
95967521
959736809419927553
95981793
959842209355870209
959899324019769344
95994080
960129987998244865
960143858024595456
960183816269819904
960187993
960233547549364225
960246822055813121
960259635885367297
960342304820285440
960411667
960469503380545536
96049165
960528227562409984
960534172413583361
960728404676005888
960817018193764352
960832142916890624
960837874810748928
96088711
960915305299152896
960924413049933824
9609622
961010304
9610442
961105574
961113187453165569
961130248216743936
961238499675394048
961247332644851713
961292399879380992
961305445
961332369939628032
961333881365549056
961390739371380738
96145275
96149284
961555475186688000
961562238019620864
961580058
961674368358035456
961725211
961961458346135552
962040057216380928
96205284
962069820
962092001154940928
962095667375165440
96211530
962174928
962199075188826113
962651436994658304
962741203
962773563106263046
962775952530067457
962851137853337600
9629222
963021113277255681
963027639899340800
963031213
963136800926683136
963157886
963193795
96319592
963235464709857280
963318708662931456
963489806
96350647
963528590586470409
963542914403094528
96354656
9636632
963725846
963737351846428673
963764892342935552
963792240232488961
963813649155526657
963815942131273729
963921191084929024
96392311
963946541445599233
96395029
964035774
964053459640160256
964216167933071360
964244906
964277934692470784
964312639332642820
964317604046241792
964591724503777280
964602156866154497
964701632071196672
964704328559812608
964725283
964759214840209408
964763624349691904
964811474769195008
964854498
964865616967553024
964949498
965007824
96501265
965015705123930114
965016348416933888
96502351
965094030164901888
965175812520644614
96525980
965266179836252161
965302152800407553
965339896452931584
965347196425134080
965347428919533568
965574689321095168
965579440209256450
965588254899699713
965591988786446338
96561734
965635817338159105
965663795258544141
965699704896987137
965726217637912576
965764685625671680
965767890
965935355492032514
96602314
966050884886155264
966079537
966082474232213504
966251137413378048
966289204459331585
96637337
966435171003084802
966458701
96646729
966513420446003200
966621689441288192
96665046
96668306
96671558
966724209773858826
966740329041772544
96682294
966908276272017408
966923171399024649
966927542111236096
966975783100145664
967022241601880064
967027984426242053
967030755955216384
967111508114264070
967145325881319425
967154422286561283
967297733747863554
96731074
967375061840728065
967378617721290752
967544345090916352
967606106
96760992
967612161508835328
967645238796812288
967691147161124864
967716247847751681
9677372
967794726983348224
967800718626189313
967853319166230529
967875800111439874
967955020351090688
968068952558653440
968074352
968076176777465857
96809048
968116951959687168
968200669
968211836
968225395152596992
96822790
968228221069148160
968309206305640448
968316680052137989
96838049
968387471536017410
968432037697806337
968454187318001666
96846955
968472613973643265
968514570443780098
968548682844065792
96859510
968651315550318592
96877126
968776251983966209
968854355058229248
968896771
968922760972976128
96894306
968972541787344897
969005373834215424
969025319180017666
969028051651710976
96905060
969094527033139200
969118788292661248
96911989
969123456544624640
969138694308421632
969293274
969407661195210753
969407783413071872
969410232240635905
969493747238100992
96951800
969531174468059137
969568485700526080
96958201
969588605755805696
969592299574517761
96965958
969666853772636171
969688546373193729
969904736836182016
969918307452190720
969992311
969996386874937345
970044719295115264
970109612597895168
970113980780896256
970252675697737728
970259974457823232
970373395136303105
97040343
970403808340832257
970432163467354112
970492214986997760
970540035328978945
970589398604615680
970648781522956289
97065490
970671341144870912
970686182
970694433967693826
97071323
970773861510926336
970781846538776576
970792697198936064
970815571041415168
97082147
970867245596528641
970873780221353984
970930663
970939705629069312
970994516357472257
970996677061509121
971011334920900609
971019115824640005
97106823
971115238933241857
971154850951061505
97130047
971315817358020608
971350654634504192
971359111
971363280
971477051449409537
971521185287569408
971554675181998080
97158120
971616331928776704
971797859623251968
971842555062169602
971894091179950080
971947872152408065
971967740914237441
971970133924102144
9720592
972115741204885505
972220856
97223779
972302214508130304
9723772
972401226565472262
972407496
972457330142072833
972521408264835072
972534918482886657
972551817950318599
972555321439932416
972585677429919746
972588125649293312
972678104
97268285
972695664147746816
972701414521819136
97272374
972776789830438912
97279574
97283842
972975231173316609
97303517
97307535
973117032949538816
973153975
973161381372440576
973193420004118530
973261711
973264549020397568
973313340
973315043340312577
973325175679631361
973328574185799680
973400007373213696
973482906
973500819197669376
973502953112915973
973519850160185344
973557737211727880
973565460343087104
973582794
973614613316227072
973638935669870593
973659995035328513
973702205378240512
973737053451051008
973770115442446338
973909213662646272
973910373136064512
973922442182832128
973926070557822977
97407796
974124364257026053
974128654363054081
974144123480494080
974191426216124416
974205286259900417
974230200014684160
97425373
974271932509147136
974377446727409665
974418080
974450684874588161
97452095
974591474
974623705
97470066
974720407092817920
974725752
974740907412086784
97479037
974950296
974991379
975021831580131328
975033012370001921
975066451630526464
97507777
975084801253396480
975162391938793472
975175601228275713
975258908179640320
975284731284619264
975289218367926272
975295405
97535301
97538560
975395073230811136
975397972967149568
97540090
975455102
97548523
975493802197594112
975501327592701952
975558929584279552
975638137614499841
975657050041671682
97565966
975665886286753792
975731
975735690498596864
975791701901172736
975806263601672192
975812678
975893461
97601699
97606428
976084572
976098246882885634
976119108050800640
97620342
976249441744310272
976286915933736960
976417451540967424
97641775
976451233245483008
976453096388907008
97648525
976512948540661762
976532502
976573273080287232
976580192679399429
976604963743842304
976626354
976670801469558784
97672763
976812211824943104
976881396
976890655585816577
976937247273553920
976975904978231297
977002392368680960
977010265
977147568529518592
977168498
977257968
977279375287767040
977287195
977298824489140224
977302343552204805
97732135
97734871
977376740
97753971
977540850
977558357694406657
977565912848101377
977578339010461696
977644381669765120
977645398486585344
977682231216017408
977746172
977763038693507073
977784528998621184
977796337151307776
977822080166125568
977841440918245376
977882258207109120
977918720071880704
978071643359674368
978119359087353856
978184299122892800
978207597160366080
97822202
978285801850245121
978375169650511872
978414188
978438936862355456
978529355327418368
978605046085627904
978611720422871040
978711668409753600
978719506196520960
978728818725806081
978759523
978779699353616385
978811097594478592
978947769888116736
978989437530066945
979006225
979009873248624640
979039564009484288
979055898365632512
979086635940876289
979140480096071680
97916695
979225070764634112
97923908
979246856
979273137136300032
979295678
979324777
979367557
979406816978194432
979420224
979432124
979539228
979567748962426881
979588164670164993
979641195382149121
97982011
979921201358393345
979935422439657473
979957166131089409
98003021
980061678
980078717387943936
980148119458533377
980197980346175488
980203468806868996
980218279678574592
980452313616719873
980534898871209986
980546926192902144
980590384865669120
980611
980703501440487424
980751310642233345
980783300
980796620
980867624362852352
980924950541422592
980929253956050944
981128259738972160
981168617310978049
981172746
98121293
981233778986225664
981258849486295043
981260906125582337
981392266748219392
981425370
981456754901946368
981516627475775489
981612393116700673
981708645573496832
981722591025971200
981838101025730560
981858778936209410
981897048701235200
981909443205050368
981931648081186823
981960751777767424
98196583
982017242354388992
982044966578016258
98205749
982267237787566081
982284343
982311259646312448
982314804361728001
982359599138377730
982370363626569728
982631863087960070
982639412491243522
98266142
982767486
982897681
98300110
983032148381786113
983045358099025920
98324619
983301143609528320
98330351
983340228
983368083497775106
983415997
98342860
983443022514925571
983495718810857474
983529984441667584
98358195
983654589525307393
983722425039769600
983757262081503232
983765765215186949
983973752
984061401651138560
984131272082681860
984206856141893634
984219920014725121
984232716651511808
98427903
98429846
984469423028391936
984487124073353216
984539190930149377
984558778375749632
98471035
984717717927333888
984728556625453056
98478595
984821395254280192
98484351
984987579534708736
984989302550552576
985
985146235039506432
985158406125375488
985173660435668992
985204199326564353
985210269801558022
98546373
985472161178640384
9855132
985513982969696257
985614206719291393
985648135220244480
985668711708213248
985679548678311939
985733282292731905
985909712041529344
985936972878237696
985944432
986015627554025472
986017128359890944
986024891131596805
98605029
986380469959909376
98639150
986398552128569344
986443433786175488
986523931354980352
986620546115952640
986637113700446208
986665412
986761887923752961
986851016
986878498559193088
986898619876823045
986956174301032449
986957400811950080
98696877
986991198559666176
986997855796768768
987023001546903552
987061319378587649
987096944731414529
987115108529852416
987148809561141248
987223336697524224
987236107669655552
987268303
987284629819244544
98729176
987436482
987586064230502400
987646563806859264
987661153
987782816338411526
987798415
987816650039848960
987849932
987905759878041600
988151785935261696
988177634
988234593525518336
988242637722271744
988392068505628672
988423091129905152
988531805904097284
988595306303401984
988728833753874433
988805425595342853
988843891
988878715881959425
988900345
988925184
988943262982402048
988955288
988975103785365504
989013553473454081
989020069
9890492
989075401
989152462396379136
989178055393497091
989220696596369408
989268674534981633
989410325022863362
989425508763959296
989442787123789824
989452274
989513968573087744
989625621629296640
989654509
989696761689063424
989770481266929666
989797831
989821
989842418
989912836901089282
98995547
99001501
990078564421730305
990250236114341888
990317363915579392
990497161325395968
99061413
990668742077038592
99074409
990891818
990922883420614657
990956738710003713
990994414603468801
991043283534139392
99108935
991293475961225216
991325810295562241
991345218678116353
99135533
991444445148180480
99146895
99151115
991544173160419329
99155517
991603208857509888
991670881
991673881399308288
991726746402738178
991741424130551809
991741610718257152
991742338270670849
991747694195593216
991799581
991824054
991834084455436288
991859923469438978
991878086
99194695
992069133687840768
992152036517937152
992222259757633536
992307060
992402853338730496
992417198118506496
992425519957364736
992561376
992729372804157440
993061794296938497
993101890291298304
993134676180127744
993140100
993278238037299200
993301872751529984
99333493
993412047881695237
993455238
993490465
993492864066768899
99356010
993600836
99367063
993700828857880578
993743166
993849096
993881829189894145
9940162
994017313245581314
994063587328045056
994071446669447168
994142608715927557
994172479
994298599528808448
994345699541041153
994413643
994415530651009024
994442132
994571434382053376
994579422937321472
994600058879430656
994629214799187968
994635396821630976
994723213694373889
994887474039197697
994988859065708545
995004128182067200
995030012398047232
995052921359294464
995085565962915841
995116589866504192
995258737
995265275481284608
995369593744035840
99543658
995436724493807616
995443722
995468840564903936
995493197164904449
995616980009922562
99590142
996029104267976704
99606644
996164600092504064
996207487
996234724363431936
99628982
996299570
996373477660741633
996390163
996486209055657984
996511670053650432
996572761
996573679612903425
996701863
996812732065308673
996856263731490817
996874375583412224
996889377157496833
997041906340085760
997051182630793217
997065151072362496
997069656904085504
997145418961055744
997178725539164163
997210064741072897
997224070528815104
997428397
997478213248061442
997524641664061440
997586795771678720
997860407464214528
997873045971730432
997909379327320065
997929842447286273
997952467605315585
997963547933118465
997993578273034240
998140573008695296
998265882106265601
998293328318926849
99850254
998503348369272832
998693754981703682
998756110600458240
998863634
998865867860361216
998898104723271681
998907684102594561
998927474317840384
998951665087778816
99896251
999045586182647808
999123575142465538
999227088681881602
999281878942273537
999352028064198661
999611785048150016
999641286
999694284734566400
999707613695705088
99982945
999839276174135296
UNKNOWNUSER139564
UNKNOWNUSER139565
UNKNOWNUSER139566
UNKNOWNUSER139567
UNKNOWNUSER139568
UNKNOWNUSER139569
UNKNOWNUSER139570
UNKNOWNUSER139571
UNKNOWNUSER139572
UNKNOWNUSER139573
UNKNOWNUSER139574
UNKNOWNUSER139575
UNKNOWNUSER139576
UNKNOWNUSER139577
UNKNOWNUSER139578
UNKNOWNUSER139579
UNKNOWNUSER139580
UNKNOWNUSER139581
UNKNOWNUSER139582
UNKNOWNUSER139583
UNKNOWNUSER139584
UNKNOWNUSER139585
UNKNOWNUSER139586
UNKNOWNUSER139587
UNKNOWNUSER139588
UNKNOWNUSER139589
UNKNOWNUSER139590
UNKNOWNUSER139591
UNKNOWNUSER139592
UNKNOWNUSER139593
UNKNOWNUSER139594
UNKNOWNUSER139595
UNKNOWNUSER139596
UNKNOWNUSER139597
UNKNOWNUSER139598
UNKNOWNUSER139599
UNKNOWNUSER139600
UNKNOWNUSER139601
UNKNOWNUSER139602
UNKNOWNUSER139603
UNKNOWNUSER139604
UNKNOWNUSER139605
UNKNOWNUSER139606
UNKNOWNUSER139607
UNKNOWNUSER139608
UNKNOWNUSER139609
UNKNOWNUSER139610
UNKNOWNUSER139611
UNKNOWNUSER139612
UNKNOWNUSER139613
UNKNOWNUSER139614
UNKNOWNUSER139615
UNKNOWNUSER139616
UNKNOWNUSER139617
UNKNOWNUSER139618
UNKNOWNUSER139619
UNKNOWNUSER139620
UNKNOWNUSER139621
UNKNOWNUSER139622
UNKNOWNUSER139623
UNKNOWNUSER139624
UNKNOWNUSER139625
UNKNOWNUSER139626
UNKNOWNUSER139627
UNKNOWNUSER139628
UNKNOWNUSER139629
UNKNOWNUSER139630
UNKNOWNUSER139631
UNKNOWNUSER139632
UNKNOWNUSER139633
UNKNOWNUSER139634
UNKNOWNUSER139635
UNKNOWNUSER139636
UNKNOWNUSER139637
UNKNOWNUSER139638
UNKNOWNUSER139639
UNKNOWNUSER139640
UNKNOWNUSER139641
UNKNOWNUSER139642
UNKNOWNUSER139643
UNKNOWNUSER139644
UNKNOWNUSER139645
UNKNOWNUSER139646
UNKNOWNUSER139647
UNKNOWNUSER139648
UNKNOWNUSER139649
UNKNOWNUSER139650
UNKNOWNUSER139651
UNKNOWNUSER139652
UNKNOWNUSER139653
UNKNOWNUSER139654
UNKNOWNUSER139655
UNKNOWNUSER139657
UNKNOWNUSER139658
UNKNOWNUSER139659
UNKNOWNUSER139660
UNKNOWNUSER139661
UNKNOWNUSER139662
UNKNOWNUSER139663
UNKNOWNUSER139664
UNKNOWNUSER139665
UNKNOWNUSER139666
UNKNOWNUSER139667
UNKNOWNUSER139668
UNKNOWNUSER139669
UNKNOWNUSER139670
UNKNOWNUSER139671
UNKNOWNUSER139672
UNKNOWNUSER139673
UNKNOWNUSER139674
UNKNOWNUSER139675
UNKNOWNUSER139676
UNKNOWNUSER139677
UNKNOWNUSER139678
UNKNOWNUSER139679
UNKNOWNUSER139680
UNKNOWNUSER139681
UNKNOWNUSER139682
UNKNOWNUSER139683
UNKNOWNUSER139684
UNKNOWNUSER139685
UNKNOWNUSER139686
UNKNOWNUSER139687
UNKNOWNUSER139688
UNKNOWNUSER139689
UNKNOWNUSER139690
UNKNOWNUSER139691
UNKNOWNUSER139692
UNKNOWNUSER139693
UNKNOWNUSER139694
UNKNOWNUSER139695
UNKNOWNUSER139696
UNKNOWNUSER139697
UNKNOWNUSER139698
UNKNOWNUSER139699
UNKNOWNUSER139700
UNKNOWNUSER139701
UNKNOWNUSER139702
UNKNOWNUSER139704
UNKNOWNUSER139705
UNKNOWNUSER139706
UNKNOWNUSER139707
UNKNOWNUSER139708
UNKNOWNUSER139709
UNKNOWNUSER139710
UNKNOWNUSER139711
UNKNOWNUSER139712
UNKNOWNUSER139713
UNKNOWNUSER139714
UNKNOWNUSER139715
UNKNOWNUSER139716
UNKNOWNUSER139717
UNKNOWNUSER139718
UNKNOWNUSER139719
UNKNOWNUSER139720
UNKNOWNUSER139721
UNKNOWNUSER139722
UNKNOWNUSER139723
UNKNOWNUSER139724
UNKNOWNUSER139725
UNKNOWNUSER139726
UNKNOWNUSER139727
UNKNOWNUSER139728
UNKNOWNUSER139729
UNKNOWNUSER139730
UNKNOWNUSER139731
UNKNOWNUSER139733
UNKNOWNUSER139734
UNKNOWNUSER139735
UNKNOWNUSER139736
UNKNOWNUSER139737
UNKNOWNUSER139738
UNKNOWNUSER139739
UNKNOWNUSER139740
UNKNOWNUSER139741
UNKNOWNUSER139742
UNKNOWNUSER139743
UNKNOWNUSER139744
UNKNOWNUSER139745
UNKNOWNUSER139746
UNKNOWNUSER139747
UNKNOWNUSER139748
UNKNOWNUSER139749
UNKNOWNUSER139750
UNKNOWNUSER139751
UNKNOWNUSER139752
UNKNOWNUSER139753
UNKNOWNUSER139754
UNKNOWNUSER139755
UNKNOWNUSER139756
UNKNOWNUSER139757
UNKNOWNUSER139758
UNKNOWNUSER139759
UNKNOWNUSER139760
UNKNOWNUSER139762
UNKNOWNUSER139763
UNKNOWNUSER139764
UNKNOWNUSER139765
UNKNOWNUSER139766
UNKNOWNUSER139767
UNKNOWNUSER139768
UNKNOWNUSER139769
UNKNOWNUSER139770
UNKNOWNUSER139771
UNKNOWNUSER139772
UNKNOWNUSER139773
UNKNOWNUSER139774
UNKNOWNUSER139775
UNKNOWNUSER139776
UNKNOWNUSER139777
UNKNOWNUSER139778
UNKNOWNUSER139779
UNKNOWNUSER139780
UNKNOWNUSER139781
UNKNOWNUSER139782
UNKNOWNUSER139783
UNKNOWNUSER139784
UNKNOWNUSER139785
UNKNOWNUSER139786
UNKNOWNUSER139787
UNKNOWNUSER139788
UNKNOWNUSER139789
UNKNOWNUSER139791
UNKNOWNUSER139792
UNKNOWNUSER139794
UNKNOWNUSER139795
UNKNOWNUSER139796
UNKNOWNUSER139797
UNKNOWNUSER139798
UNKNOWNUSER139799
UNKNOWNUSER139800
UNKNOWNUSER139801
UNKNOWNUSER139802
UNKNOWNUSER139803
UNKNOWNUSER139804
UNKNOWNUSER139805
UNKNOWNUSER139806
UNKNOWNUSER139807
UNKNOWNUSER139808
UNKNOWNUSER139809
UNKNOWNUSER139810
UNKNOWNUSER139811
UNKNOWNUSER139812
UNKNOWNUSER139813
UNKNOWNUSER139814
UNKNOWNUSER139815
UNKNOWNUSER139816
UNKNOWNUSER139817
UNKNOWNUSER139818
UNKNOWNUSER139819
UNKNOWNUSER139820
UNKNOWNUSER139821
UNKNOWNUSER139822
UNKNOWNUSER139823
UNKNOWNUSER139824
UNKNOWNUSER139825
UNKNOWNUSER139826
UNKNOWNUSER139827
UNKNOWNUSER139828
UNKNOWNUSER139829
UNKNOWNUSER139830
UNKNOWNUSER139831
UNKNOWNUSER139832
UNKNOWNUSER139833
UNKNOWNUSER139834
UNKNOWNUSER139835
UNKNOWNUSER139836
UNKNOWNUSER139837
UNKNOWNUSER139838
UNKNOWNUSER139839
UNKNOWNUSER139840
UNKNOWNUSER139841
UNKNOWNUSER139842
UNKNOWNUSER139843
UNKNOWNUSER139844
UNKNOWNUSER139845
UNKNOWNUSER139846
UNKNOWNUSER139847
UNKNOWNUSER139848
UNKNOWNUSER139849
UNKNOWNUSER139850
UNKNOWNUSER139851
UNKNOWNUSER139852
UNKNOWNUSER139853
UNKNOWNUSER139854
UNKNOWNUSER139855
UNKNOWNUSER139857
UNKNOWNUSER139858
UNKNOWNUSER139859
UNKNOWNUSER139860
UNKNOWNUSER139862
UNKNOWNUSER139863
UNKNOWNUSER139864
UNKNOWNUSER139865
UNKNOWNUSER139866
UNKNOWNUSER139867
UNKNOWNUSER139868
UNKNOWNUSER139869
UNKNOWNUSER139870
UNKNOWNUSER139871
UNKNOWNUSER139872
UNKNOWNUSER139873
UNKNOWNUSER139874
UNKNOWNUSER139875
UNKNOWNUSER139876
UNKNOWNUSER139877
UNKNOWNUSER139878
UNKNOWNUSER139879
UNKNOWNUSER139880
UNKNOWNUSER139881
UNKNOWNUSER139882
UNKNOWNUSER139883
UNKNOWNUSER139884
UNKNOWNUSER139885
UNKNOWNUSER139886
UNKNOWNUSER139887
UNKNOWNUSER139888
UNKNOWNUSER139889
UNKNOWNUSER139890
UNKNOWNUSER139891
UNKNOWNUSER139892
UNKNOWNUSER139893
UNKNOWNUSER139895
UNKNOWNUSER139896
UNKNOWNUSER139897
UNKNOWNUSER139898
UNKNOWNUSER139899
UNKNOWNUSER139900
UNKNOWNUSER139901
UNKNOWNUSER139902
UNKNOWNUSER139903
UNKNOWNUSER139904
UNKNOWNUSER139905
UNKNOWNUSER139906
UNKNOWNUSER139907
UNKNOWNUSER139908
UNKNOWNUSER139909
UNKNOWNUSER139910
UNKNOWNUSER139911
UNKNOWNUSER139912
UNKNOWNUSER139913
UNKNOWNUSER139914
UNKNOWNUSER139915
UNKNOWNUSER139916
UNKNOWNUSER139917
UNKNOWNUSER139918
UNKNOWNUSER139919
UNKNOWNUSER139920
UNKNOWNUSER139921
UNKNOWNUSER139922
UNKNOWNUSER139923
UNKNOWNUSER139924
UNKNOWNUSER139925
UNKNOWNUSER139926
UNKNOWNUSER139927
UNKNOWNUSER139928
UNKNOWNUSER139929
UNKNOWNUSER139930
UNKNOWNUSER139931
UNKNOWNUSER139932
UNKNOWNUSER139933
UNKNOWNUSER139934
UNKNOWNUSER139935
UNKNOWNUSER139936
UNKNOWNUSER139937
UNKNOWNUSER139938
UNKNOWNUSER139939
UNKNOWNUSER139940
UNKNOWNUSER139941
UNKNOWNUSER139942
UNKNOWNUSER139943
UNKNOWNUSER139944
UNKNOWNUSER139946
UNKNOWNUSER139947
UNKNOWNUSER139949
UNKNOWNUSER139950
UNKNOWNUSER139951
UNKNOWNUSER139952
UNKNOWNUSER139953
UNKNOWNUSER139954
UNKNOWNUSER139955
UNKNOWNUSER139956
UNKNOWNUSER139957
UNKNOWNUSER139958
UNKNOWNUSER139959
UNKNOWNUSER139960
UNKNOWNUSER139961
UNKNOWNUSER139962
UNKNOWNUSER139963
UNKNOWNUSER139964
UNKNOWNUSER139965
UNKNOWNUSER139967
UNKNOWNUSER139968
UNKNOWNUSER139969
UNKNOWNUSER139970
UNKNOWNUSER139971
UNKNOWNUSER139972
UNKNOWNUSER139973
UNKNOWNUSER139974
UNKNOWNUSER139975
UNKNOWNUSER139976
UNKNOWNUSER139977
UNKNOWNUSER139978
UNKNOWNUSER139979
UNKNOWNUSER139980
UNKNOWNUSER139981
UNKNOWNUSER139982
UNKNOWNUSER139983
UNKNOWNUSER139984
UNKNOWNUSER139985
UNKNOWNUSER139986
UNKNOWNUSER139987
UNKNOWNUSER139988
UNKNOWNUSER139989
UNKNOWNUSER139990
UNKNOWNUSER139991
UNKNOWNUSER139992
UNKNOWNUSER139993
UNKNOWNUSER139994
UNKNOWNUSER139995
UNKNOWNUSER139996
UNKNOWNUSER139997
UNKNOWNUSER139998
UNKNOWNUSER139999
UNKNOWNUSER140000
UNKNOWNUSER140002
UNKNOWNUSER140004
UNKNOWNUSER140005
UNKNOWNUSER140006
UNKNOWNUSER140007
UNKNOWNUSER140008
UNKNOWNUSER140009
UNKNOWNUSER140010
UNKNOWNUSER140011
UNKNOWNUSER140012
UNKNOWNUSER140013
UNKNOWNUSER140014
UNKNOWNUSER140015
UNKNOWNUSER140016
UNKNOWNUSER140017
UNKNOWNUSER140018
UNKNOWNUSER140019
UNKNOWNUSER140020
UNKNOWNUSER140021
UNKNOWNUSER140022
UNKNOWNUSER140023
UNKNOWNUSER140024
UNKNOWNUSER140025
UNKNOWNUSER140026
UNKNOWNUSER140027
UNKNOWNUSER140028
UNKNOWNUSER140029
UNKNOWNUSER140030
UNKNOWNUSER140031
UNKNOWNUSER140032
UNKNOWNUSER140033
UNKNOWNUSER140034
UNKNOWNUSER140035
UNKNOWNUSER140036
UNKNOWNUSER140037
UNKNOWNUSER140038
UNKNOWNUSER140039
UNKNOWNUSER140040
UNKNOWNUSER140041
UNKNOWNUSER140042
UNKNOWNUSER140044
UNKNOWNUSER140045
UNKNOWNUSER140046
UNKNOWNUSER140048
UNKNOWNUSER140049
UNKNOWNUSER140050
UNKNOWNUSER140051
UNKNOWNUSER140052
UNKNOWNUSER140053
UNKNOWNUSER140054
UNKNOWNUSER140055
UNKNOWNUSER140056
UNKNOWNUSER140057
UNKNOWNUSER140058
UNKNOWNUSER140059
UNKNOWNUSER140060
UNKNOWNUSER140061
UNKNOWNUSER140062
UNKNOWNUSER140063
UNKNOWNUSER140064
UNKNOWNUSER140065
UNKNOWNUSER140066
UNKNOWNUSER140067
UNKNOWNUSER140068
UNKNOWNUSER140069
UNKNOWNUSER140070
UNKNOWNUSER140071
UNKNOWNUSER140072
UNKNOWNUSER140073
UNKNOWNUSER140074
UNKNOWNUSER140075
UNKNOWNUSER140076
UNKNOWNUSER140077
UNKNOWNUSER140078
UNKNOWNUSER140079
UNKNOWNUSER140080
UNKNOWNUSER140081
UNKNOWNUSER140082
UNKNOWNUSER140083
UNKNOWNUSER140084
UNKNOWNUSER140085
UNKNOWNUSER140086
UNKNOWNUSER140087
UNKNOWNUSER140088
UNKNOWNUSER140089
UNKNOWNUSER140090
UNKNOWNUSER140091
UNKNOWNUSER140092
UNKNOWNUSER140093
UNKNOWNUSER140094
UNKNOWNUSER140095
UNKNOWNUSER140096
UNKNOWNUSER140097
UNKNOWNUSER140098
UNKNOWNUSER140099
UNKNOWNUSER140100
UNKNOWNUSER140101
UNKNOWNUSER140102
UNKNOWNUSER140103
UNKNOWNUSER140104
UNKNOWNUSER140105
UNKNOWNUSER140106
UNKNOWNUSER140107
UNKNOWNUSER140108
UNKNOWNUSER140109
UNKNOWNUSER140110
UNKNOWNUSER140111
UNKNOWNUSER140112
UNKNOWNUSER140113
UNKNOWNUSER140114
UNKNOWNUSER140115
UNKNOWNUSER140116
UNKNOWNUSER140117
UNKNOWNUSER140118
UNKNOWNUSER140119
UNKNOWNUSER140121
UNKNOWNUSER140122
UNKNOWNUSER140123
UNKNOWNUSER140124
UNKNOWNUSER140125
UNKNOWNUSER140126
UNKNOWNUSER140127
UNKNOWNUSER140128
UNKNOWNUSER140129
UNKNOWNUSER140130
UNKNOWNUSER140131
UNKNOWNUSER140132
UNKNOWNUSER140133
UNKNOWNUSER140134
UNKNOWNUSER140135
UNKNOWNUSER140136
UNKNOWNUSER140137
UNKNOWNUSER140138
UNKNOWNUSER140139
UNKNOWNUSER140140
UNKNOWNUSER140141
UNKNOWNUSER140142
UNKNOWNUSER140143
UNKNOWNUSER140144
UNKNOWNUSER140145
UNKNOWNUSER140146
UNKNOWNUSER140147
UNKNOWNUSER140148
UNKNOWNUSER140149
UNKNOWNUSER140150
UNKNOWNUSER140151
UNKNOWNUSER140152
UNKNOWNUSER140153
UNKNOWNUSER140154
UNKNOWNUSER140155
UNKNOWNUSER140156
UNKNOWNUSER140157
UNKNOWNUSER140158
UNKNOWNUSER140159
UNKNOWNUSER140161
UNKNOWNUSER140162
UNKNOWNUSER140163
UNKNOWNUSER140164
UNKNOWNUSER140165
UNKNOWNUSER140166
UNKNOWNUSER140167
UNKNOWNUSER140168
UNKNOWNUSER140169
UNKNOWNUSER140170
UNKNOWNUSER140171
UNKNOWNUSER140172
UNKNOWNUSER140173
UNKNOWNUSER140174
UNKNOWNUSER140175
UNKNOWNUSER140176
UNKNOWNUSER140177
UNKNOWNUSER140178
UNKNOWNUSER140179
UNKNOWNUSER140180
UNKNOWNUSER140181
UNKNOWNUSER140182
UNKNOWNUSER140183
UNKNOWNUSER140184
UNKNOWNUSER140185
UNKNOWNUSER140186
UNKNOWNUSER140187
UNKNOWNUSER140188
UNKNOWNUSER140189
UNKNOWNUSER140190
UNKNOWNUSER140191
UNKNOWNUSER140192
UNKNOWNUSER140193
UNKNOWNUSER140194
UNKNOWNUSER140195
UNKNOWNUSER140196
UNKNOWNUSER140197
UNKNOWNUSER140199
UNKNOWNUSER140200
UNKNOWNUSER140201
UNKNOWNUSER140202
UNKNOWNUSER140203
UNKNOWNUSER140204
UNKNOWNUSER140205
UNKNOWNUSER140206
UNKNOWNUSER140207
UNKNOWNUSER140208
UNKNOWNUSER140209
UNKNOWNUSER140210
UNKNOWNUSER140211
UNKNOWNUSER140212
UNKNOWNUSER140213
UNKNOWNUSER140214
UNKNOWNUSER140215
UNKNOWNUSER140216
UNKNOWNUSER140217
UNKNOWNUSER140218
UNKNOWNUSER140219
UNKNOWNUSER140220
UNKNOWNUSER140221
UNKNOWNUSER140222
UNKNOWNUSER140223
UNKNOWNUSER140224
UNKNOWNUSER140225
UNKNOWNUSER140226
UNKNOWNUSER140227
UNKNOWNUSER140228
UNKNOWNUSER140229
UNKNOWNUSER140230
UNKNOWNUSER140231
UNKNOWNUSER140232
UNKNOWNUSER140233
UNKNOWNUSER140234
UNKNOWNUSER140235
UNKNOWNUSER140236
UNKNOWNUSER140237
UNKNOWNUSER140238
UNKNOWNUSER140239
UNKNOWNUSER140240
UNKNOWNUSER140241
UNKNOWNUSER140242
UNKNOWNUSER140243
UNKNOWNUSER140244
UNKNOWNUSER140245
UNKNOWNUSER140246
UNKNOWNUSER140247
UNKNOWNUSER140248
UNKNOWNUSER140249
UNKNOWNUSER140250
UNKNOWNUSER140251
UNKNOWNUSER140252
UNKNOWNUSER140253
UNKNOWNUSER140254
UNKNOWNUSER140255
UNKNOWNUSER140256
UNKNOWNUSER140257
UNKNOWNUSER140258
UNKNOWNUSER140260
UNKNOWNUSER140261
UNKNOWNUSER140262
UNKNOWNUSER140263
UNKNOWNUSER140264
UNKNOWNUSER140265
UNKNOWNUSER140266
UNKNOWNUSER140267
UNKNOWNUSER140268
UNKNOWNUSER140269
UNKNOWNUSER140270
UNKNOWNUSER140271
UNKNOWNUSER140272
UNKNOWNUSER140273
UNKNOWNUSER140274
UNKNOWNUSER140275
UNKNOWNUSER140276
UNKNOWNUSER140277
UNKNOWNUSER140278
UNKNOWNUSER140279
UNKNOWNUSER140280
UNKNOWNUSER140281
UNKNOWNUSER140282
UNKNOWNUSER140283
UNKNOWNUSER140284
UNKNOWNUSER140285
UNKNOWNUSER140286
UNKNOWNUSER140287
UNKNOWNUSER140288
UNKNOWNUSER140289
UNKNOWNUSER140290
UNKNOWNUSER140291
UNKNOWNUSER140292
UNKNOWNUSER140293
UNKNOWNUSER140294
UNKNOWNUSER140295
UNKNOWNUSER140296
UNKNOWNUSER140297
UNKNOWNUSER140298
UNKNOWNUSER140299
UNKNOWNUSER140300
UNKNOWNUSER140301
UNKNOWNUSER140303
UNKNOWNUSER140304
UNKNOWNUSER140305
UNKNOWNUSER140306
UNKNOWNUSER140307
UNKNOWNUSER140308
UNKNOWNUSER140309
UNKNOWNUSER140310
UNKNOWNUSER140311
UNKNOWNUSER140312
UNKNOWNUSER140313
UNKNOWNUSER140314
UNKNOWNUSER140315
UNKNOWNUSER140316
UNKNOWNUSER140317
UNKNOWNUSER140318
UNKNOWNUSER140319
UNKNOWNUSER140320
UNKNOWNUSER140321
UNKNOWNUSER140322
UNKNOWNUSER140323
UNKNOWNUSER140324
UNKNOWNUSER140325
UNKNOWNUSER140326
UNKNOWNUSER140327
UNKNOWNUSER140329
UNKNOWNUSER140330
UNKNOWNUSER140331
UNKNOWNUSER140332
UNKNOWNUSER140333
UNKNOWNUSER140334
UNKNOWNUSER140335
UNKNOWNUSER140336
UNKNOWNUSER140337
UNKNOWNUSER140338
UNKNOWNUSER140339
UNKNOWNUSER140340
UNKNOWNUSER140341
UNKNOWNUSER140342
UNKNOWNUSER140343
UNKNOWNUSER140344
UNKNOWNUSER140345
UNKNOWNUSER140346
UNKNOWNUSER140347
UNKNOWNUSER140348
UNKNOWNUSER140349
UNKNOWNUSER140350
UNKNOWNUSER140351
UNKNOWNUSER140352
UNKNOWNUSER140353
UNKNOWNUSER140354
UNKNOWNUSER140355
UNKNOWNUSER140356
UNKNOWNUSER140357
UNKNOWNUSER140358
UNKNOWNUSER140359
UNKNOWNUSER140360
UNKNOWNUSER140361
UNKNOWNUSER140362
UNKNOWNUSER140363
UNKNOWNUSER140364
UNKNOWNUSER140366
UNKNOWNUSER140367
UNKNOWNUSER140368
UNKNOWNUSER140369
UNKNOWNUSER140370
UNKNOWNUSER140371
UNKNOWNUSER140372
UNKNOWNUSER140373
UNKNOWNUSER140374
UNKNOWNUSER140375
UNKNOWNUSER140376
UNKNOWNUSER140377
UNKNOWNUSER140378
UNKNOWNUSER140379
UNKNOWNUSER140380
UNKNOWNUSER140381
UNKNOWNUSER140382
UNKNOWNUSER140383
UNKNOWNUSER140384
UNKNOWNUSER140385
UNKNOWNUSER140386
UNKNOWNUSER140387
UNKNOWNUSER140388
UNKNOWNUSER140389
UNKNOWNUSER140390
UNKNOWNUSER140391
UNKNOWNUSER140392
UNKNOWNUSER140393
UNKNOWNUSER140394
UNKNOWNUSER140395
UNKNOWNUSER140396
UNKNOWNUSER140397
UNKNOWNUSER140398
UNKNOWNUSER140399
UNKNOWNUSER140400
UNKNOWNUSER140401
UNKNOWNUSER140402
UNKNOWNUSER140403
UNKNOWNUSER140404
UNKNOWNUSER140405
UNKNOWNUSER140406
UNKNOWNUSER140407
UNKNOWNUSER140408
UNKNOWNUSER140409
UNKNOWNUSER140410
UNKNOWNUSER140411
UNKNOWNUSER140412
UNKNOWNUSER140413
UNKNOWNUSER140414
UNKNOWNUSER140415
UNKNOWNUSER140418
UNKNOWNUSER140419
UNKNOWNUSER140421
UNKNOWNUSER140422
UNKNOWNUSER140423
UNKNOWNUSER140424
UNKNOWNUSER140425
UNKNOWNUSER140426
UNKNOWNUSER140427
UNKNOWNUSER140428
UNKNOWNUSER140429
UNKNOWNUSER140430
UNKNOWNUSER140431
UNKNOWNUSER140432
UNKNOWNUSER140433
UNKNOWNUSER140434
UNKNOWNUSER140435
UNKNOWNUSER140436
UNKNOWNUSER140437
UNKNOWNUSER140438
UNKNOWNUSER140439
UNKNOWNUSER140440
UNKNOWNUSER140441
UNKNOWNUSER140442
UNKNOWNUSER140443
UNKNOWNUSER140444
UNKNOWNUSER140445
UNKNOWNUSER140446
UNKNOWNUSER140447
UNKNOWNUSER140448
UNKNOWNUSER140449
UNKNOWNUSER140450
UNKNOWNUSER140451
UNKNOWNUSER140453
UNKNOWNUSER140454
UNKNOWNUSER140455
UNKNOWNUSER140456
UNKNOWNUSER140457
UNKNOWNUSER140458
UNKNOWNUSER140459
UNKNOWNUSER140460
UNKNOWNUSER140461
UNKNOWNUSER140462
UNKNOWNUSER140463
UNKNOWNUSER140464
UNKNOWNUSER140465
UNKNOWNUSER140466
UNKNOWNUSER140467
UNKNOWNUSER140468
UNKNOWNUSER140469
UNKNOWNUSER140470
UNKNOWNUSER140471
UNKNOWNUSER140472
UNKNOWNUSER140473
UNKNOWNUSER140474
UNKNOWNUSER140475
UNKNOWNUSER140476
UNKNOWNUSER140477
UNKNOWNUSER140478
UNKNOWNUSER140479
UNKNOWNUSER140480
UNKNOWNUSER140481
UNKNOWNUSER140482
UNKNOWNUSER140483
UNKNOWNUSER140484
UNKNOWNUSER140485
UNKNOWNUSER140486
UNKNOWNUSER140487
UNKNOWNUSER140488
UNKNOWNUSER140489
UNKNOWNUSER140490
UNKNOWNUSER140491
UNKNOWNUSER140492
UNKNOWNUSER140493
UNKNOWNUSER140494
UNKNOWNUSER140495
UNKNOWNUSER140496
UNKNOWNUSER140497
UNKNOWNUSER140498
UNKNOWNUSER140499
UNKNOWNUSER140500
UNKNOWNUSER140501
UNKNOWNUSER140502
UNKNOWNUSER140503
UNKNOWNUSER140504
UNKNOWNUSER140505
UNKNOWNUSER140506
UNKNOWNUSER140507
UNKNOWNUSER140508
UNKNOWNUSER140509
UNKNOWNUSER140510
UNKNOWNUSER140511
UNKNOWNUSER140512
UNKNOWNUSER140513
UNKNOWNUSER140514
UNKNOWNUSER140515
UNKNOWNUSER140516
UNKNOWNUSER140517
UNKNOWNUSER140518
UNKNOWNUSER140519
UNKNOWNUSER140520
UNKNOWNUSER140521
UNKNOWNUSER140522
UNKNOWNUSER140523
UNKNOWNUSER140524
UNKNOWNUSER140525
UNKNOWNUSER140526
UNKNOWNUSER140527
UNKNOWNUSER140528
UNKNOWNUSER140529
UNKNOWNUSER140530
UNKNOWNUSER140531
UNKNOWNUSER140532
UNKNOWNUSER140533
UNKNOWNUSER140534
UNKNOWNUSER140535
UNKNOWNUSER140537
UNKNOWNUSER140538
UNKNOWNUSER140539
UNKNOWNUSER140541
UNKNOWNUSER140542
UNKNOWNUSER140543
UNKNOWNUSER140544
UNKNOWNUSER140545
UNKNOWNUSER140546
UNKNOWNUSER140547
UNKNOWNUSER140548
UNKNOWNUSER140549
UNKNOWNUSER140550
UNKNOWNUSER140551
UNKNOWNUSER140552
UNKNOWNUSER140553
UNKNOWNUSER140554
UNKNOWNUSER140555
UNKNOWNUSER140556
UNKNOWNUSER140557
UNKNOWNUSER140558
UNKNOWNUSER140559
UNKNOWNUSER140560
UNKNOWNUSER140561
UNKNOWNUSER140562
UNKNOWNUSER140563
UNKNOWNUSER140564
UNKNOWNUSER140565
UNKNOWNUSER140566
UNKNOWNUSER140567
UNKNOWNUSER140568
UNKNOWNUSER140569
UNKNOWNUSER140570
UNKNOWNUSER140571
UNKNOWNUSER140572
UNKNOWNUSER140573
UNKNOWNUSER140574
UNKNOWNUSER140575
UNKNOWNUSER140576
UNKNOWNUSER140577
UNKNOWNUSER140579
UNKNOWNUSER140580
UNKNOWNUSER140581
UNKNOWNUSER140583
UNKNOWNUSER140584
UNKNOWNUSER140585
UNKNOWNUSER140586
UNKNOWNUSER140587
UNKNOWNUSER140588
UNKNOWNUSER140589
UNKNOWNUSER140590
UNKNOWNUSER140591
UNKNOWNUSER140592
UNKNOWNUSER140593
UNKNOWNUSER140594
UNKNOWNUSER140595
UNKNOWNUSER140596
UNKNOWNUSER140597
UNKNOWNUSER140598
UNKNOWNUSER140599
UNKNOWNUSER140600
UNKNOWNUSER140601
UNKNOWNUSER140602
UNKNOWNUSER140605
UNKNOWNUSER140606
UNKNOWNUSER140607
UNKNOWNUSER140608
UNKNOWNUSER140609
UNKNOWNUSER140610
UNKNOWNUSER140611
UNKNOWNUSER140612
UNKNOWNUSER140613
UNKNOWNUSER140614
UNKNOWNUSER140615
UNKNOWNUSER140616
UNKNOWNUSER140617
UNKNOWNUSER140618
UNKNOWNUSER140619
UNKNOWNUSER140620
UNKNOWNUSER140621
UNKNOWNUSER140622
UNKNOWNUSER140623
UNKNOWNUSER140624
UNKNOWNUSER140625
UNKNOWNUSER140626
UNKNOWNUSER140627
UNKNOWNUSER140628
UNKNOWNUSER140629
UNKNOWNUSER140630
UNKNOWNUSER140631
UNKNOWNUSER140632
UNKNOWNUSER140633
UNKNOWNUSER140634
UNKNOWNUSER140636
UNKNOWNUSER140637
UNKNOWNUSER140638
UNKNOWNUSER140639
UNKNOWNUSER140640
UNKNOWNUSER140641
UNKNOWNUSER140642
UNKNOWNUSER140643
UNKNOWNUSER140644
UNKNOWNUSER140645
UNKNOWNUSER140646
UNKNOWNUSER140647
UNKNOWNUSER140648
UNKNOWNUSER140649
UNKNOWNUSER140651
UNKNOWNUSER140652
UNKNOWNUSER140653
UNKNOWNUSER140654
UNKNOWNUSER140655
UNKNOWNUSER140656
UNKNOWNUSER140657
UNKNOWNUSER140658
UNKNOWNUSER140659
UNKNOWNUSER140660
UNKNOWNUSER140661
UNKNOWNUSER140662
UNKNOWNUSER140663
UNKNOWNUSER140664
UNKNOWNUSER140665
UNKNOWNUSER140666
UNKNOWNUSER140667
UNKNOWNUSER140668
UNKNOWNUSER140669
UNKNOWNUSER140670
UNKNOWNUSER140671
UNKNOWNUSER140672
UNKNOWNUSER140673
UNKNOWNUSER140674
UNKNOWNUSER140675
UNKNOWNUSER140676
UNKNOWNUSER140677
UNKNOWNUSER140678
UNKNOWNUSER140680
UNKNOWNUSER140681
UNKNOWNUSER140682
UNKNOWNUSER140683
UNKNOWNUSER140684
UNKNOWNUSER140685
UNKNOWNUSER140686
UNKNOWNUSER140687
UNKNOWNUSER140688
UNKNOWNUSER140689
UNKNOWNUSER140690
UNKNOWNUSER140691
UNKNOWNUSER140692
UNKNOWNUSER140693
UNKNOWNUSER140694
UNKNOWNUSER140695
UNKNOWNUSER140696
UNKNOWNUSER140697
UNKNOWNUSER140698
UNKNOWNUSER140699
UNKNOWNUSER140700
UNKNOWNUSER140701
UNKNOWNUSER140702
UNKNOWNUSER140703
UNKNOWNUSER140704
UNKNOWNUSER140705
UNKNOWNUSER140706
UNKNOWNUSER140707
UNKNOWNUSER140708
UNKNOWNUSER140709
UNKNOWNUSER140710
UNKNOWNUSER140711
UNKNOWNUSER140712
UNKNOWNUSER140713
UNKNOWNUSER140714
UNKNOWNUSER140715
UNKNOWNUSER140716
UNKNOWNUSER140717
UNKNOWNUSER140718
UNKNOWNUSER140719
UNKNOWNUSER140720
UNKNOWNUSER140721
UNKNOWNUSER140722
UNKNOWNUSER140723
UNKNOWNUSER140724
UNKNOWNUSER140725
UNKNOWNUSER140726
UNKNOWNUSER140727
UNKNOWNUSER140728
UNKNOWNUSER140729
UNKNOWNUSER140730
UNKNOWNUSER140731
UNKNOWNUSER140732
UNKNOWNUSER140733
UNKNOWNUSER140734
UNKNOWNUSER140735
UNKNOWNUSER140736
UNKNOWNUSER140737
UNKNOWNUSER140738
UNKNOWNUSER140739
UNKNOWNUSER140740
UNKNOWNUSER140741
UNKNOWNUSER140742
UNKNOWNUSER140743
UNKNOWNUSER140744
UNKNOWNUSER140745
UNKNOWNUSER140746
UNKNOWNUSER140747
UNKNOWNUSER140748
UNKNOWNUSER140749
UNKNOWNUSER140750
UNKNOWNUSER140751
UNKNOWNUSER140752
UNKNOWNUSER140753
UNKNOWNUSER140754
UNKNOWNUSER140755
UNKNOWNUSER140756
UNKNOWNUSER140757
UNKNOWNUSER140758
UNKNOWNUSER140759
UNKNOWNUSER140760
UNKNOWNUSER140761
UNKNOWNUSER140762
UNKNOWNUSER140763
UNKNOWNUSER140764
UNKNOWNUSER140765
UNKNOWNUSER140766
UNKNOWNUSER140767
UNKNOWNUSER140768
UNKNOWNUSER140769
UNKNOWNUSER140770
UNKNOWNUSER140771
UNKNOWNUSER140772
UNKNOWNUSER140773
UNKNOWNUSER140774
UNKNOWNUSER140775
UNKNOWNUSER140776
UNKNOWNUSER140777
UNKNOWNUSER140778
UNKNOWNUSER140779
UNKNOWNUSER140780
UNKNOWNUSER140781
UNKNOWNUSER140782
UNKNOWNUSER140783
UNKNOWNUSER140784
UNKNOWNUSER140785
UNKNOWNUSER140786
UNKNOWNUSER140787
UNKNOWNUSER140788
UNKNOWNUSER140789
UNKNOWNUSER140790
UNKNOWNUSER140791
UNKNOWNUSER140792
UNKNOWNUSER140793
UNKNOWNUSER140795
UNKNOWNUSER140796
UNKNOWNUSER140797
UNKNOWNUSER140798
UNKNOWNUSER140799
UNKNOWNUSER140800
UNKNOWNUSER140801
UNKNOWNUSER140802
UNKNOWNUSER140803
UNKNOWNUSER140804
UNKNOWNUSER140805
UNKNOWNUSER140806
UNKNOWNUSER140807
UNKNOWNUSER140808
UNKNOWNUSER140809
UNKNOWNUSER140810
UNKNOWNUSER140811
UNKNOWNUSER140812
UNKNOWNUSER140813
UNKNOWNUSER140814
UNKNOWNUSER140815
UNKNOWNUSER140816
UNKNOWNUSER140817
UNKNOWNUSER140818
UNKNOWNUSER140819
UNKNOWNUSER140820
UNKNOWNUSER140821
UNKNOWNUSER140822
UNKNOWNUSER140823
UNKNOWNUSER140824
UNKNOWNUSER140825
UNKNOWNUSER140826
UNKNOWNUSER140827
UNKNOWNUSER140828
UNKNOWNUSER140829
UNKNOWNUSER140830
UNKNOWNUSER140831
UNKNOWNUSER140832
UNKNOWNUSER140833
UNKNOWNUSER140834
UNKNOWNUSER140835
UNKNOWNUSER140836
UNKNOWNUSER140837
UNKNOWNUSER140838
UNKNOWNUSER140839
UNKNOWNUSER140840
UNKNOWNUSER140841
UNKNOWNUSER140842
UNKNOWNUSER140843
UNKNOWNUSER140844
UNKNOWNUSER140845
UNKNOWNUSER140846
UNKNOWNUSER140847
UNKNOWNUSER140848
UNKNOWNUSER140849
UNKNOWNUSER140850
UNKNOWNUSER140851
UNKNOWNUSER140852
UNKNOWNUSER140853
UNKNOWNUSER140854
UNKNOWNUSER140855
UNKNOWNUSER140857
UNKNOWNUSER140858
UNKNOWNUSER140859
UNKNOWNUSER140860
UNKNOWNUSER140861
UNKNOWNUSER140862
UNKNOWNUSER140863
UNKNOWNUSER140864
UNKNOWNUSER140865
UNKNOWNUSER140866
UNKNOWNUSER140867
UNKNOWNUSER140868
UNKNOWNUSER140869
UNKNOWNUSER140870
UNKNOWNUSER140871
UNKNOWNUSER140872
UNKNOWNUSER140873
UNKNOWNUSER140874
UNKNOWNUSER140875
UNKNOWNUSER140876
UNKNOWNUSER140878
UNKNOWNUSER140879
UNKNOWNUSER140880
UNKNOWNUSER140881
UNKNOWNUSER140882
UNKNOWNUSER140883
UNKNOWNUSER140884
UNKNOWNUSER140885
UNKNOWNUSER140886
UNKNOWNUSER140887
UNKNOWNUSER140888
UNKNOWNUSER140889
UNKNOWNUSER140890
UNKNOWNUSER140891
UNKNOWNUSER140892
UNKNOWNUSER140893
UNKNOWNUSER140894
UNKNOWNUSER140895
UNKNOWNUSER140896
UNKNOWNUSER140897
UNKNOWNUSER140898
UNKNOWNUSER140899
UNKNOWNUSER140900
UNKNOWNUSER140901
UNKNOWNUSER140902
UNKNOWNUSER140903
UNKNOWNUSER140904
UNKNOWNUSER140905
UNKNOWNUSER140906
UNKNOWNUSER140907
UNKNOWNUSER140908
UNKNOWNUSER140909
UNKNOWNUSER140910
UNKNOWNUSER140911
UNKNOWNUSER140912
UNKNOWNUSER140913
UNKNOWNUSER140914
UNKNOWNUSER140915
UNKNOWNUSER140916
UNKNOWNUSER140917
UNKNOWNUSER140918
UNKNOWNUSER140919
UNKNOWNUSER140920
UNKNOWNUSER140921
UNKNOWNUSER140922
UNKNOWNUSER140923
UNKNOWNUSER140924
UNKNOWNUSER140925
UNKNOWNUSER140926
UNKNOWNUSER140927
UNKNOWNUSER140928
UNKNOWNUSER140930
UNKNOWNUSER140931
UNKNOWNUSER140932
UNKNOWNUSER140933
UNKNOWNUSER140934
UNKNOWNUSER140935
UNKNOWNUSER140936
UNKNOWNUSER140937
UNKNOWNUSER140938
UNKNOWNUSER140939
UNKNOWNUSER140940
UNKNOWNUSER140941
UNKNOWNUSER140942
UNKNOWNUSER140943
UNKNOWNUSER140944
UNKNOWNUSER140945
UNKNOWNUSER140946
UNKNOWNUSER140947
UNKNOWNUSER140948
UNKNOWNUSER140949
UNKNOWNUSER140950
UNKNOWNUSER140951
UNKNOWNUSER140952
UNKNOWNUSER140953
UNKNOWNUSER140954
UNKNOWNUSER140955
UNKNOWNUSER140956
UNKNOWNUSER140957
UNKNOWNUSER140958
UNKNOWNUSER140959
UNKNOWNUSER140960
UNKNOWNUSER140961
UNKNOWNUSER140962
UNKNOWNUSER140963
UNKNOWNUSER140964
UNKNOWNUSER140965
UNKNOWNUSER140966
UNKNOWNUSER140967
UNKNOWNUSER140968
UNKNOWNUSER140969
UNKNOWNUSER140970
UNKNOWNUSER140971
UNKNOWNUSER140972
UNKNOWNUSER140973
UNKNOWNUSER140974
UNKNOWNUSER140975
UNKNOWNUSER140976
UNKNOWNUSER140977
UNKNOWNUSER140978
UNKNOWNUSER140979
UNKNOWNUSER140980
UNKNOWNUSER140981
UNKNOWNUSER140982
UNKNOWNUSER140983
UNKNOWNUSER140984
UNKNOWNUSER140985
UNKNOWNUSER140986
UNKNOWNUSER140987
UNKNOWNUSER140988
UNKNOWNUSER140989
UNKNOWNUSER140990
UNKNOWNUSER140991
UNKNOWNUSER140992
UNKNOWNUSER140993
UNKNOWNUSER140994
UNKNOWNUSER140995
UNKNOWNUSER140996
UNKNOWNUSER140997
UNKNOWNUSER140998
UNKNOWNUSER140999
UNKNOWNUSER141000
UNKNOWNUSER141001
UNKNOWNUSER141002
UNKNOWNUSER141003
UNKNOWNUSER141004
UNKNOWNUSER141005
UNKNOWNUSER141006
UNKNOWNUSER141007
UNKNOWNUSER141008
UNKNOWNUSER141009
UNKNOWNUSER141011
UNKNOWNUSER141012
UNKNOWNUSER141013
UNKNOWNUSER141014
UNKNOWNUSER141015
UNKNOWNUSER141016
UNKNOWNUSER141017
UNKNOWNUSER141018
UNKNOWNUSER141019
UNKNOWNUSER141020
UNKNOWNUSER141021
UNKNOWNUSER141022
UNKNOWNUSER141023
UNKNOWNUSER141024
UNKNOWNUSER141025
UNKNOWNUSER141026
UNKNOWNUSER141027
UNKNOWNUSER141028
UNKNOWNUSER141029
UNKNOWNUSER141030
UNKNOWNUSER141031
UNKNOWNUSER141032
UNKNOWNUSER141033
UNKNOWNUSER141034
UNKNOWNUSER141035
UNKNOWNUSER141036
UNKNOWNUSER141037
UNKNOWNUSER141038
UNKNOWNUSER141039
UNKNOWNUSER141040
UNKNOWNUSER141041
UNKNOWNUSER141042
UNKNOWNUSER141043
UNKNOWNUSER141044
UNKNOWNUSER141046
UNKNOWNUSER141047
UNKNOWNUSER141048
UNKNOWNUSER141049
UNKNOWNUSER141050
UNKNOWNUSER141051
UNKNOWNUSER141052
UNKNOWNUSER141053
UNKNOWNUSER141054
UNKNOWNUSER141055
UNKNOWNUSER141056
UNKNOWNUSER141057
UNKNOWNUSER141058
UNKNOWNUSER141059
UNKNOWNUSER141060
UNKNOWNUSER141061
UNKNOWNUSER141062
UNKNOWNUSER141063
UNKNOWNUSER141064
UNKNOWNUSER141065
UNKNOWNUSER141066
UNKNOWNUSER141067
UNKNOWNUSER141068
UNKNOWNUSER141069
UNKNOWNUSER141070
UNKNOWNUSER141071
UNKNOWNUSER141072
UNKNOWNUSER141073
UNKNOWNUSER141074
UNKNOWNUSER141075
UNKNOWNUSER141076
UNKNOWNUSER141077
UNKNOWNUSER141078
UNKNOWNUSER141079
UNKNOWNUSER141081
UNKNOWNUSER141082
UNKNOWNUSER141083
UNKNOWNUSER141084
UNKNOWNUSER141085
UNKNOWNUSER141086
UNKNOWNUSER141087
UNKNOWNUSER141088
UNKNOWNUSER141089
UNKNOWNUSER141090
UNKNOWNUSER141091
UNKNOWNUSER141092
UNKNOWNUSER141093
UNKNOWNUSER141094
UNKNOWNUSER141095
UNKNOWNUSER141096
UNKNOWNUSER141097
UNKNOWNUSER141098
UNKNOWNUSER141099
UNKNOWNUSER141100
UNKNOWNUSER141101
UNKNOWNUSER141102
UNKNOWNUSER141103
UNKNOWNUSER141104
UNKNOWNUSER141106
UNKNOWNUSER141107
UNKNOWNUSER141108
UNKNOWNUSER141109
UNKNOWNUSER141110
UNKNOWNUSER141111
UNKNOWNUSER141112
UNKNOWNUSER141113
UNKNOWNUSER141114
UNKNOWNUSER141115
UNKNOWNUSER141116
UNKNOWNUSER141117
UNKNOWNUSER141118
UNKNOWNUSER141119
UNKNOWNUSER141120
UNKNOWNUSER141121
UNKNOWNUSER141122
UNKNOWNUSER141123
UNKNOWNUSER141124
UNKNOWNUSER141125
UNKNOWNUSER141126
UNKNOWNUSER141127
UNKNOWNUSER141128
UNKNOWNUSER141129
UNKNOWNUSER141130
UNKNOWNUSER141131
UNKNOWNUSER141132
UNKNOWNUSER141133
UNKNOWNUSER141134
UNKNOWNUSER141135
UNKNOWNUSER141136
UNKNOWNUSER141137
UNKNOWNUSER141138
UNKNOWNUSER141139
UNKNOWNUSER141140
UNKNOWNUSER141141
UNKNOWNUSER141142
UNKNOWNUSER141143
UNKNOWNUSER141144
UNKNOWNUSER141145
UNKNOWNUSER141146
UNKNOWNUSER141147
UNKNOWNUSER141148
UNKNOWNUSER141149
UNKNOWNUSER141150
UNKNOWNUSER141151
UNKNOWNUSER141152
UNKNOWNUSER141153
UNKNOWNUSER141154
UNKNOWNUSER141155
UNKNOWNUSER141156
UNKNOWNUSER141157
UNKNOWNUSER141158
UNKNOWNUSER141159
UNKNOWNUSER141160
UNKNOWNUSER141161
UNKNOWNUSER141162
UNKNOWNUSER141163
UNKNOWNUSER141164
UNKNOWNUSER141165
UNKNOWNUSER141166
UNKNOWNUSER141167
UNKNOWNUSER141168
UNKNOWNUSER141169
UNKNOWNUSER141170
UNKNOWNUSER141171
UNKNOWNUSER141172
UNKNOWNUSER141173
UNKNOWNUSER141174
UNKNOWNUSER141175
UNKNOWNUSER141176
UNKNOWNUSER141177
UNKNOWNUSER141178
UNKNOWNUSER141179
UNKNOWNUSER141180
UNKNOWNUSER141181
UNKNOWNUSER141182
UNKNOWNUSER141183
UNKNOWNUSER141184
UNKNOWNUSER141185
UNKNOWNUSER141186
UNKNOWNUSER141187
UNKNOWNUSER141188
UNKNOWNUSER141189
UNKNOWNUSER141190
UNKNOWNUSER141191
UNKNOWNUSER141192
UNKNOWNUSER141193
UNKNOWNUSER141194
UNKNOWNUSER141195
UNKNOWNUSER141196
UNKNOWNUSER141197
UNKNOWNUSER141198
UNKNOWNUSER141199
UNKNOWNUSER141200
UNKNOWNUSER141201
UNKNOWNUSER141202
UNKNOWNUSER141203
UNKNOWNUSER141204
UNKNOWNUSER141205
UNKNOWNUSER141206
UNKNOWNUSER141207
UNKNOWNUSER141208
UNKNOWNUSER141209
UNKNOWNUSER141210
UNKNOWNUSER141211
UNKNOWNUSER141212
UNKNOWNUSER141213
UNKNOWNUSER141214
UNKNOWNUSER141215
UNKNOWNUSER141216
UNKNOWNUSER141217
UNKNOWNUSER141218
UNKNOWNUSER141219
UNKNOWNUSER141220
UNKNOWNUSER141221
UNKNOWNUSER141222
UNKNOWNUSER141223
UNKNOWNUSER141224
UNKNOWNUSER141225
UNKNOWNUSER141226
UNKNOWNUSER141227
UNKNOWNUSER141228
UNKNOWNUSER141229
UNKNOWNUSER141230
UNKNOWNUSER141231
UNKNOWNUSER141232
UNKNOWNUSER141233
UNKNOWNUSER141234
UNKNOWNUSER141235
UNKNOWNUSER141236
UNKNOWNUSER141237
UNKNOWNUSER141238
UNKNOWNUSER141239
UNKNOWNUSER141240
UNKNOWNUSER141241
UNKNOWNUSER141242
UNKNOWNUSER141243
UNKNOWNUSER141244
UNKNOWNUSER141245
UNKNOWNUSER141246
UNKNOWNUSER141247
UNKNOWNUSER141248
UNKNOWNUSER141249
UNKNOWNUSER141250
UNKNOWNUSER141251
UNKNOWNUSER141252
UNKNOWNUSER141253
UNKNOWNUSER141255
UNKNOWNUSER141257
UNKNOWNUSER141258
UNKNOWNUSER141259
UNKNOWNUSER141260
UNKNOWNUSER141261
UNKNOWNUSER141262
UNKNOWNUSER141263
UNKNOWNUSER141264
UNKNOWNUSER141265
UNKNOWNUSER141266
UNKNOWNUSER141267
UNKNOWNUSER141268
UNKNOWNUSER141269
UNKNOWNUSER141270
UNKNOWNUSER141271
UNKNOWNUSER141272
UNKNOWNUSER141273
UNKNOWNUSER141274
UNKNOWNUSER141275
UNKNOWNUSER141276
UNKNOWNUSER141277
UNKNOWNUSER141278
UNKNOWNUSER141279
UNKNOWNUSER141280
UNKNOWNUSER141282
UNKNOWNUSER141283
UNKNOWNUSER141284
UNKNOWNUSER141285
UNKNOWNUSER141286
UNKNOWNUSER141287
UNKNOWNUSER141288
UNKNOWNUSER141289
UNKNOWNUSER141290
UNKNOWNUSER141291
UNKNOWNUSER141292
UNKNOWNUSER141293
UNKNOWNUSER141294
UNKNOWNUSER141295
UNKNOWNUSER141296
UNKNOWNUSER141297
UNKNOWNUSER141298
UNKNOWNUSER141299
UNKNOWNUSER141300
UNKNOWNUSER141301
UNKNOWNUSER141302
UNKNOWNUSER141303
UNKNOWNUSER141304
UNKNOWNUSER141306
UNKNOWNUSER141307
UNKNOWNUSER141308
UNKNOWNUSER141309
UNKNOWNUSER141310
UNKNOWNUSER141312
UNKNOWNUSER141313
UNKNOWNUSER141314
UNKNOWNUSER141315
UNKNOWNUSER141316
UNKNOWNUSER141317
UNKNOWNUSER141318
UNKNOWNUSER141319
UNKNOWNUSER141320
UNKNOWNUSER141321
UNKNOWNUSER141322
UNKNOWNUSER141323
UNKNOWNUSER141324
UNKNOWNUSER141325
UNKNOWNUSER141326
UNKNOWNUSER141327
UNKNOWNUSER141328
UNKNOWNUSER141329
UNKNOWNUSER141330
UNKNOWNUSER141331
UNKNOWNUSER141332
UNKNOWNUSER141333
UNKNOWNUSER141334
UNKNOWNUSER141335
UNKNOWNUSER141336
UNKNOWNUSER141337
UNKNOWNUSER141338
UNKNOWNUSER141339
UNKNOWNUSER141340
UNKNOWNUSER141341
UNKNOWNUSER141342
UNKNOWNUSER141343
UNKNOWNUSER141344
UNKNOWNUSER141345
UNKNOWNUSER141346
UNKNOWNUSER141347
UNKNOWNUSER141348
UNKNOWNUSER141349
UNKNOWNUSER141350
UNKNOWNUSER141351
UNKNOWNUSER141352
UNKNOWNUSER141353
UNKNOWNUSER141354
UNKNOWNUSER141355
UNKNOWNUSER141356
UNKNOWNUSER141357
UNKNOWNUSER141358
UNKNOWNUSER141359
UNKNOWNUSER141360
UNKNOWNUSER141361
UNKNOWNUSER141362
UNKNOWNUSER141363
UNKNOWNUSER141364
UNKNOWNUSER141365
UNKNOWNUSER141366
UNKNOWNUSER141367
UNKNOWNUSER141368
UNKNOWNUSER141369
UNKNOWNUSER141370
UNKNOWNUSER141371
UNKNOWNUSER141372
UNKNOWNUSER141373
UNKNOWNUSER141374
UNKNOWNUSER141375
UNKNOWNUSER141376
UNKNOWNUSER141377
UNKNOWNUSER141378
UNKNOWNUSER141379
UNKNOWNUSER141380
UNKNOWNUSER141381
UNKNOWNUSER141382
UNKNOWNUSER141383
UNKNOWNUSER141384
UNKNOWNUSER141385
UNKNOWNUSER141386
UNKNOWNUSER141387
UNKNOWNUSER141388
UNKNOWNUSER141389
UNKNOWNUSER141390
UNKNOWNUSER141391
UNKNOWNUSER141392
UNKNOWNUSER141393
UNKNOWNUSER141394
UNKNOWNUSER141395
UNKNOWNUSER141396
UNKNOWNUSER141397
UNKNOWNUSER141398
UNKNOWNUSER141399
UNKNOWNUSER141400
UNKNOWNUSER141401
UNKNOWNUSER141402
UNKNOWNUSER141403
UNKNOWNUSER141404
UNKNOWNUSER141405
UNKNOWNUSER141406
UNKNOWNUSER141407
UNKNOWNUSER141408
UNKNOWNUSER141409
UNKNOWNUSER141410
UNKNOWNUSER141411
UNKNOWNUSER141412
UNKNOWNUSER141413
UNKNOWNUSER141414
UNKNOWNUSER141415
UNKNOWNUSER141416
UNKNOWNUSER141417
UNKNOWNUSER141418
UNKNOWNUSER141419
UNKNOWNUSER141420
UNKNOWNUSER141421
UNKNOWNUSER141422
UNKNOWNUSER141423
UNKNOWNUSER141424
UNKNOWNUSER141425
UNKNOWNUSER141427
UNKNOWNUSER141428
UNKNOWNUSER141429
UNKNOWNUSER141430
UNKNOWNUSER141431
UNKNOWNUSER141432
UNKNOWNUSER141433
UNKNOWNUSER141434
UNKNOWNUSER141435
UNKNOWNUSER141436
UNKNOWNUSER141437
UNKNOWNUSER141438
UNKNOWNUSER141439
UNKNOWNUSER141440
UNKNOWNUSER141441
UNKNOWNUSER141442
UNKNOWNUSER141443
UNKNOWNUSER141444
UNKNOWNUSER141445
UNKNOWNUSER141446
UNKNOWNUSER141447
UNKNOWNUSER141448
UNKNOWNUSER141449
UNKNOWNUSER141450
UNKNOWNUSER141451
UNKNOWNUSER141452
UNKNOWNUSER141453
UNKNOWNUSER141454
UNKNOWNUSER141455
UNKNOWNUSER141456
UNKNOWNUSER141457
UNKNOWNUSER141458
UNKNOWNUSER141459
UNKNOWNUSER141460
UNKNOWNUSER141461
UNKNOWNUSER141462
UNKNOWNUSER141463
UNKNOWNUSER141464
UNKNOWNUSER141465
UNKNOWNUSER141466
UNKNOWNUSER141468
UNKNOWNUSER141469
UNKNOWNUSER141470
UNKNOWNUSER141471
UNKNOWNUSER141472
UNKNOWNUSER141473
UNKNOWNUSER141474
UNKNOWNUSER141475
UNKNOWNUSER141476
UNKNOWNUSER141477
UNKNOWNUSER141478
UNKNOWNUSER141479
UNKNOWNUSER141480
UNKNOWNUSER141481
UNKNOWNUSER141482
UNKNOWNUSER141483
UNKNOWNUSER141484
UNKNOWNUSER141485
UNKNOWNUSER141486
UNKNOWNUSER141487
UNKNOWNUSER141488
UNKNOWNUSER141489
UNKNOWNUSER141490
UNKNOWNUSER141491
UNKNOWNUSER141492
UNKNOWNUSER141493
UNKNOWNUSER141494
UNKNOWNUSER141495
UNKNOWNUSER141496
UNKNOWNUSER141497
UNKNOWNUSER141498
UNKNOWNUSER141499
UNKNOWNUSER141500
UNKNOWNUSER141501
UNKNOWNUSER141502
UNKNOWNUSER141503
UNKNOWNUSER141504
UNKNOWNUSER141505
UNKNOWNUSER141506
UNKNOWNUSER141507
UNKNOWNUSER141508
UNKNOWNUSER141509
UNKNOWNUSER141510
UNKNOWNUSER141511
UNKNOWNUSER141512
UNKNOWNUSER141513
UNKNOWNUSER141514
UNKNOWNUSER141515
UNKNOWNUSER141516
UNKNOWNUSER141517
UNKNOWNUSER141518
UNKNOWNUSER141519
UNKNOWNUSER141520
UNKNOWNUSER141521
UNKNOWNUSER141522
UNKNOWNUSER141523
UNKNOWNUSER141524
UNKNOWNUSER141525
UNKNOWNUSER141526
UNKNOWNUSER141527
UNKNOWNUSER141528
UNKNOWNUSER141529
UNKNOWNUSER141530
UNKNOWNUSER141531
UNKNOWNUSER141532
UNKNOWNUSER141533
UNKNOWNUSER141534
UNKNOWNUSER141535
UNKNOWNUSER141536
UNKNOWNUSER141537
UNKNOWNUSER141538
UNKNOWNUSER141539
UNKNOWNUSER141540
UNKNOWNUSER141541
UNKNOWNUSER141542
UNKNOWNUSER141543
UNKNOWNUSER141544
UNKNOWNUSER141545
UNKNOWNUSER141546
UNKNOWNUSER141547
UNKNOWNUSER141548
UNKNOWNUSER141549
UNKNOWNUSER141550
UNKNOWNUSER141551
UNKNOWNUSER141552
UNKNOWNUSER141553
UNKNOWNUSER141554
UNKNOWNUSER141555
UNKNOWNUSER141556
UNKNOWNUSER141557
UNKNOWNUSER141558
UNKNOWNUSER141559
UNKNOWNUSER141560
UNKNOWNUSER141561
UNKNOWNUSER141562
UNKNOWNUSER141563
UNKNOWNUSER141564
UNKNOWNUSER141565
UNKNOWNUSER141566
UNKNOWNUSER141567
UNKNOWNUSER141568
UNKNOWNUSER141569
UNKNOWNUSER141570
UNKNOWNUSER141571
UNKNOWNUSER141572
UNKNOWNUSER141573
UNKNOWNUSER141574
UNKNOWNUSER141575
UNKNOWNUSER141576
UNKNOWNUSER141577
UNKNOWNUSER141578
UNKNOWNUSER141579
UNKNOWNUSER141580
UNKNOWNUSER141581
UNKNOWNUSER141582
UNKNOWNUSER141583
UNKNOWNUSER141584
UNKNOWNUSER141585
UNKNOWNUSER141586
UNKNOWNUSER141587
UNKNOWNUSER141588
UNKNOWNUSER141589
UNKNOWNUSER141590
UNKNOWNUSER141591
UNKNOWNUSER141592
UNKNOWNUSER141593
UNKNOWNUSER141594
UNKNOWNUSER141595
UNKNOWNUSER141596
UNKNOWNUSER141597
UNKNOWNUSER141598
UNKNOWNUSER141599
UNKNOWNUSER141600
UNKNOWNUSER141601
UNKNOWNUSER141602
UNKNOWNUSER141603
UNKNOWNUSER141604
UNKNOWNUSER141605
UNKNOWNUSER141606
UNKNOWNUSER141607
UNKNOWNUSER141608
UNKNOWNUSER141609
UNKNOWNUSER141610
UNKNOWNUSER141611
UNKNOWNUSER141612
UNKNOWNUSER141613
UNKNOWNUSER141614
UNKNOWNUSER141615
UNKNOWNUSER141616
UNKNOWNUSER141617
UNKNOWNUSER141618
UNKNOWNUSER141619
UNKNOWNUSER141620
UNKNOWNUSER141621
UNKNOWNUSER141622
UNKNOWNUSER141623
UNKNOWNUSER141624
UNKNOWNUSER141625
UNKNOWNUSER141626
UNKNOWNUSER141627
UNKNOWNUSER141628
UNKNOWNUSER141629
UNKNOWNUSER141630
UNKNOWNUSER141631
UNKNOWNUSER141632
UNKNOWNUSER141633
UNKNOWNUSER141634
UNKNOWNUSER141635
UNKNOWNUSER141636
UNKNOWNUSER141637
UNKNOWNUSER141638
UNKNOWNUSER141639
UNKNOWNUSER141640
UNKNOWNUSER141641
UNKNOWNUSER141642
UNKNOWNUSER141643
UNKNOWNUSER141644
UNKNOWNUSER141645
UNKNOWNUSER141646
UNKNOWNUSER141647
UNKNOWNUSER141648
UNKNOWNUSER141649
UNKNOWNUSER141650
UNKNOWNUSER141651
UNKNOWNUSER141652
UNKNOWNUSER141653
UNKNOWNUSER141654
UNKNOWNUSER141655
UNKNOWNUSER141656
UNKNOWNUSER141657
UNKNOWNUSER141658
UNKNOWNUSER141659
UNKNOWNUSER141660
UNKNOWNUSER141661
UNKNOWNUSER141662
UNKNOWNUSER141663
UNKNOWNUSER141664
UNKNOWNUSER141665
UNKNOWNUSER141666
UNKNOWNUSER141667
UNKNOWNUSER141668
UNKNOWNUSER141669
UNKNOWNUSER141670
UNKNOWNUSER141671
UNKNOWNUSER141672
UNKNOWNUSER141673
UNKNOWNUSER141674
UNKNOWNUSER141675
UNKNOWNUSER141676
UNKNOWNUSER141677
UNKNOWNUSER141678
UNKNOWNUSER141679
UNKNOWNUSER141680
UNKNOWNUSER141681
UNKNOWNUSER141682
UNKNOWNUSER141683
UNKNOWNUSER141684
UNKNOWNUSER141685
UNKNOWNUSER141686
UNKNOWNUSER141687
UNKNOWNUSER141688
UNKNOWNUSER141689
UNKNOWNUSER141690
UNKNOWNUSER141691
UNKNOWNUSER141692
UNKNOWNUSER141693
UNKNOWNUSER141694
UNKNOWNUSER141695
UNKNOWNUSER141696
UNKNOWNUSER141697
UNKNOWNUSER141698
UNKNOWNUSER141699
UNKNOWNUSER141700
UNKNOWNUSER141701
UNKNOWNUSER141702
UNKNOWNUSER141703
UNKNOWNUSER141704
UNKNOWNUSER141705
UNKNOWNUSER141706
UNKNOWNUSER141707
UNKNOWNUSER141708
UNKNOWNUSER141709
UNKNOWNUSER141710
UNKNOWNUSER141711
UNKNOWNUSER141712
UNKNOWNUSER141713
UNKNOWNUSER141714
UNKNOWNUSER141715
UNKNOWNUSER141716
UNKNOWNUSER141717
UNKNOWNUSER141718
UNKNOWNUSER141719
UNKNOWNUSER141720
UNKNOWNUSER141721
UNKNOWNUSER141722
UNKNOWNUSER141723
UNKNOWNUSER141724
UNKNOWNUSER141725
UNKNOWNUSER141726
UNKNOWNUSER141727
UNKNOWNUSER141728
UNKNOWNUSER141729
UNKNOWNUSER141730
UNKNOWNUSER141731
UNKNOWNUSER141732
UNKNOWNUSER141733
UNKNOWNUSER141734
UNKNOWNUSER141735
UNKNOWNUSER141736
UNKNOWNUSER141737
UNKNOWNUSER141738
UNKNOWNUSER141739
UNKNOWNUSER141740
UNKNOWNUSER141741
UNKNOWNUSER141742
UNKNOWNUSER141743
UNKNOWNUSER141744
UNKNOWNUSER141745
UNKNOWNUSER141746
UNKNOWNUSER141747
UNKNOWNUSER141748
UNKNOWNUSER141749
UNKNOWNUSER141750
UNKNOWNUSER141751
UNKNOWNUSER141752
UNKNOWNUSER141753
UNKNOWNUSER141754
UNKNOWNUSER141755
UNKNOWNUSER141756
UNKNOWNUSER141757
UNKNOWNUSER141758
UNKNOWNUSER141759
UNKNOWNUSER141760
UNKNOWNUSER141761
UNKNOWNUSER141762
UNKNOWNUSER141763
UNKNOWNUSER141764
UNKNOWNUSER141765
UNKNOWNUSER141766
UNKNOWNUSER141767
UNKNOWNUSER141768
UNKNOWNUSER141769
UNKNOWNUSER141770
UNKNOWNUSER141771
UNKNOWNUSER141772
UNKNOWNUSER141773
UNKNOWNUSER141774
UNKNOWNUSER141775
UNKNOWNUSER141776
UNKNOWNUSER141777
UNKNOWNUSER141778
UNKNOWNUSER141779
UNKNOWNUSER141780
UNKNOWNUSER141781
UNKNOWNUSER141782
UNKNOWNUSER141783
UNKNOWNUSER141784
UNKNOWNUSER141786
UNKNOWNUSER141787
UNKNOWNUSER141788
UNKNOWNUSER141789
UNKNOWNUSER141790
UNKNOWNUSER141791
UNKNOWNUSER141792
UNKNOWNUSER141793
UNKNOWNUSER141794
UNKNOWNUSER141795
UNKNOWNUSER141796
UNKNOWNUSER141797
UNKNOWNUSER141798
UNKNOWNUSER141799
UNKNOWNUSER141800
UNKNOWNUSER141801
UNKNOWNUSER141802
UNKNOWNUSER141803
UNKNOWNUSER141804
UNKNOWNUSER141805
UNKNOWNUSER141806
UNKNOWNUSER141807
UNKNOWNUSER141808
UNKNOWNUSER141809
UNKNOWNUSER141810
UNKNOWNUSER141811
UNKNOWNUSER141812
UNKNOWNUSER141813
UNKNOWNUSER141814
UNKNOWNUSER141815
UNKNOWNUSER141816
UNKNOWNUSER141817
UNKNOWNUSER141818
UNKNOWNUSER141819
UNKNOWNUSER141820
UNKNOWNUSER141821
UNKNOWNUSER141822
UNKNOWNUSER141823
UNKNOWNUSER141824
UNKNOWNUSER141825
UNKNOWNUSER141826
UNKNOWNUSER141827
UNKNOWNUSER141828
UNKNOWNUSER141829
UNKNOWNUSER141830
UNKNOWNUSER141831
UNKNOWNUSER141832
UNKNOWNUSER141833
UNKNOWNUSER141834
UNKNOWNUSER141835
UNKNOWNUSER141836
UNKNOWNUSER141837
UNKNOWNUSER141838
UNKNOWNUSER141839
UNKNOWNUSER141840
UNKNOWNUSER141841
UNKNOWNUSER141842
UNKNOWNUSER141843
UNKNOWNUSER141844
UNKNOWNUSER141845
UNKNOWNUSER141846
UNKNOWNUSER141847
UNKNOWNUSER141848
UNKNOWNUSER141849
UNKNOWNUSER141850
UNKNOWNUSER141851
UNKNOWNUSER141852
UNKNOWNUSER141853
UNKNOWNUSER141854
UNKNOWNUSER141855
UNKNOWNUSER141856
UNKNOWNUSER141857
UNKNOWNUSER141858
UNKNOWNUSER141859
UNKNOWNUSER141860
UNKNOWNUSER141861
UNKNOWNUSER141862
UNKNOWNUSER141863
UNKNOWNUSER141864
UNKNOWNUSER141865
UNKNOWNUSER141866
UNKNOWNUSER141867
UNKNOWNUSER141868
UNKNOWNUSER141869
UNKNOWNUSER141870
UNKNOWNUSER141871
UNKNOWNUSER141872
UNKNOWNUSER141873
UNKNOWNUSER141874
UNKNOWNUSER141875
UNKNOWNUSER141876
UNKNOWNUSER141877
UNKNOWNUSER141878
UNKNOWNUSER141879
UNKNOWNUSER141880
UNKNOWNUSER141881
UNKNOWNUSER141882
UNKNOWNUSER141883
UNKNOWNUSER141884
UNKNOWNUSER141885
UNKNOWNUSER141886
UNKNOWNUSER141887
UNKNOWNUSER141888
UNKNOWNUSER141889
UNKNOWNUSER141890
UNKNOWNUSER141891
UNKNOWNUSER141892
UNKNOWNUSER141893
UNKNOWNUSER141894
UNKNOWNUSER141895
UNKNOWNUSER141896
UNKNOWNUSER141897
UNKNOWNUSER141898
UNKNOWNUSER141899
UNKNOWNUSER141900
UNKNOWNUSER141901
UNKNOWNUSER141902
UNKNOWNUSER141903
UNKNOWNUSER141904
UNKNOWNUSER141905
UNKNOWNUSER141906
UNKNOWNUSER141907
UNKNOWNUSER141908
UNKNOWNUSER141909
UNKNOWNUSER141910
UNKNOWNUSER141911
UNKNOWNUSER141912
UNKNOWNUSER141913
UNKNOWNUSER141914
UNKNOWNUSER141915
UNKNOWNUSER141916
UNKNOWNUSER141917
UNKNOWNUSER141918
UNKNOWNUSER141919
UNKNOWNUSER141920
UNKNOWNUSER141921
UNKNOWNUSER141922
UNKNOWNUSER141923
UNKNOWNUSER141924
UNKNOWNUSER141925
UNKNOWNUSER141926
UNKNOWNUSER141927
UNKNOWNUSER141928
UNKNOWNUSER141929
UNKNOWNUSER141930
UNKNOWNUSER141931
UNKNOWNUSER141932
UNKNOWNUSER141933
UNKNOWNUSER141934
UNKNOWNUSER141935
UNKNOWNUSER141936
UNKNOWNUSER141937
UNKNOWNUSER141938
UNKNOWNUSER141939
UNKNOWNUSER141940
UNKNOWNUSER141941
UNKNOWNUSER141942
UNKNOWNUSER141943
UNKNOWNUSER141944
UNKNOWNUSER141946
UNKNOWNUSER141947
UNKNOWNUSER141948
UNKNOWNUSER141949
UNKNOWNUSER141950
UNKNOWNUSER141951
UNKNOWNUSER141952
UNKNOWNUSER141953
UNKNOWNUSER141954
UNKNOWNUSER141955
UNKNOWNUSER141956
UNKNOWNUSER141957
UNKNOWNUSER141958
UNKNOWNUSER141959
UNKNOWNUSER141960
UNKNOWNUSER141961
UNKNOWNUSER141962
UNKNOWNUSER141963
UNKNOWNUSER141964
UNKNOWNUSER141965
UNKNOWNUSER141966
UNKNOWNUSER141967
UNKNOWNUSER141968
UNKNOWNUSER141969
UNKNOWNUSER141970
UNKNOWNUSER141971
UNKNOWNUSER141972
UNKNOWNUSER141973
UNKNOWNUSER141974
UNKNOWNUSER141975
UNKNOWNUSER141976
UNKNOWNUSER141977
UNKNOWNUSER141978
UNKNOWNUSER141979
UNKNOWNUSER141980
UNKNOWNUSER141981
UNKNOWNUSER141982
UNKNOWNUSER141983
UNKNOWNUSER141984
UNKNOWNUSER141985
UNKNOWNUSER141986
UNKNOWNUSER141987
UNKNOWNUSER141988
UNKNOWNUSER141989
UNKNOWNUSER141990
UNKNOWNUSER141991
UNKNOWNUSER141992
UNKNOWNUSER141993
UNKNOWNUSER141994
UNKNOWNUSER141995
UNKNOWNUSER141996
UNKNOWNUSER141997
UNKNOWNUSER141998
UNKNOWNUSER141999
UNKNOWNUSER142000
UNKNOWNUSER142001
UNKNOWNUSER142002
UNKNOWNUSER142003
UNKNOWNUSER142004
UNKNOWNUSER142005
UNKNOWNUSER142006
UNKNOWNUSER142007
UNKNOWNUSER142008
UNKNOWNUSER142009
UNKNOWNUSER142010
UNKNOWNUSER142011
UNKNOWNUSER142012
UNKNOWNUSER142013
UNKNOWNUSER142014
UNKNOWNUSER142015
UNKNOWNUSER142016
UNKNOWNUSER142017
UNKNOWNUSER142018
UNKNOWNUSER142019
UNKNOWNUSER142020
UNKNOWNUSER142021
UNKNOWNUSER142022
UNKNOWNUSER142023
UNKNOWNUSER142024
UNKNOWNUSER142025
UNKNOWNUSER142026
UNKNOWNUSER142027
UNKNOWNUSER142029
UNKNOWNUSER142030
UNKNOWNUSER142031
UNKNOWNUSER142032
UNKNOWNUSER142033
UNKNOWNUSER142034
UNKNOWNUSER142035
UNKNOWNUSER142036
UNKNOWNUSER142037
UNKNOWNUSER142038
UNKNOWNUSER142039
UNKNOWNUSER142040
UNKNOWNUSER142041
UNKNOWNUSER142042
UNKNOWNUSER142043
UNKNOWNUSER142044
UNKNOWNUSER142045
UNKNOWNUSER142046
UNKNOWNUSER142047
UNKNOWNUSER142048
UNKNOWNUSER142049
UNKNOWNUSER142050
UNKNOWNUSER142051
UNKNOWNUSER142052
UNKNOWNUSER142053
UNKNOWNUSER142054
UNKNOWNUSER142055
UNKNOWNUSER142056
UNKNOWNUSER142057
UNKNOWNUSER142058
UNKNOWNUSER142059
UNKNOWNUSER142060
UNKNOWNUSER142061
UNKNOWNUSER142062
UNKNOWNUSER142063
UNKNOWNUSER142064
UNKNOWNUSER142065
UNKNOWNUSER142066
UNKNOWNUSER142067
UNKNOWNUSER142068
UNKNOWNUSER142069
UNKNOWNUSER142070
UNKNOWNUSER142071
UNKNOWNUSER142072
UNKNOWNUSER142073
UNKNOWNUSER142074
UNKNOWNUSER142075
UNKNOWNUSER142076
UNKNOWNUSER142077
UNKNOWNUSER142078
UNKNOWNUSER142079
UNKNOWNUSER142080
UNKNOWNUSER142081
UNKNOWNUSER142082
UNKNOWNUSER142083
UNKNOWNUSER142084
UNKNOWNUSER142085
UNKNOWNUSER142086
UNKNOWNUSER142087
UNKNOWNUSER142088
UNKNOWNUSER142089
UNKNOWNUSER142090
UNKNOWNUSER142093
UNKNOWNUSER142094
UNKNOWNUSER142095
UNKNOWNUSER142096
UNKNOWNUSER142097
UNKNOWNUSER142098
UNKNOWNUSER142099
UNKNOWNUSER142100
UNKNOWNUSER142101
UNKNOWNUSER142102
UNKNOWNUSER142103
UNKNOWNUSER142104
UNKNOWNUSER142105
UNKNOWNUSER142106
UNKNOWNUSER142107
UNKNOWNUSER142108
UNKNOWNUSER142109
UNKNOWNUSER142110
UNKNOWNUSER142111
UNKNOWNUSER142112
UNKNOWNUSER142113
UNKNOWNUSER142114
UNKNOWNUSER142115
UNKNOWNUSER142116
UNKNOWNUSER142117
UNKNOWNUSER142118
UNKNOWNUSER142119
UNKNOWNUSER142120
UNKNOWNUSER142121
UNKNOWNUSER142122
UNKNOWNUSER142123
UNKNOWNUSER142124
UNKNOWNUSER142125
UNKNOWNUSER142126
UNKNOWNUSER142127
UNKNOWNUSER142128
UNKNOWNUSER142129
UNKNOWNUSER142130
UNKNOWNUSER142131
UNKNOWNUSER142132
UNKNOWNUSER142133
UNKNOWNUSER142134
UNKNOWNUSER142135
UNKNOWNUSER142136
UNKNOWNUSER142137
UNKNOWNUSER142138
UNKNOWNUSER142139
UNKNOWNUSER142140
UNKNOWNUSER142141
UNKNOWNUSER142142
UNKNOWNUSER142143
UNKNOWNUSER142144
UNKNOWNUSER142145
UNKNOWNUSER142146
UNKNOWNUSER142147
UNKNOWNUSER142148
UNKNOWNUSER142149
UNKNOWNUSER142150
UNKNOWNUSER142151
UNKNOWNUSER142152
UNKNOWNUSER142153
UNKNOWNUSER142154
UNKNOWNUSER142155
UNKNOWNUSER142156
UNKNOWNUSER142157
UNKNOWNUSER142158
UNKNOWNUSER142159
UNKNOWNUSER142160
UNKNOWNUSER142161
UNKNOWNUSER142162
UNKNOWNUSER142163
UNKNOWNUSER142164
UNKNOWNUSER142165
UNKNOWNUSER142166
UNKNOWNUSER142167
UNKNOWNUSER142168
UNKNOWNUSER142169
UNKNOWNUSER142170
UNKNOWNUSER142171
UNKNOWNUSER142172
UNKNOWNUSER142173
UNKNOWNUSER142174
UNKNOWNUSER142175
UNKNOWNUSER142176
UNKNOWNUSER142177
UNKNOWNUSER142178
UNKNOWNUSER142180
UNKNOWNUSER142181
UNKNOWNUSER142182
UNKNOWNUSER142183
UNKNOWNUSER142184
UNKNOWNUSER142185
UNKNOWNUSER142186
UNKNOWNUSER142187
UNKNOWNUSER142188
UNKNOWNUSER142189
UNKNOWNUSER142190
UNKNOWNUSER142191
UNKNOWNUSER142192
UNKNOWNUSER142193
UNKNOWNUSER142194
UNKNOWNUSER142195
UNKNOWNUSER142196
UNKNOWNUSER142197
UNKNOWNUSER142199
UNKNOWNUSER142200
UNKNOWNUSER142201
UNKNOWNUSER142202
UNKNOWNUSER142203
UNKNOWNUSER142204
UNKNOWNUSER142205
UNKNOWNUSER142206
UNKNOWNUSER142207
UNKNOWNUSER142208
UNKNOWNUSER142209
UNKNOWNUSER142210
UNKNOWNUSER142211
UNKNOWNUSER142212
UNKNOWNUSER142213
UNKNOWNUSER142214
UNKNOWNUSER142215
UNKNOWNUSER142216
UNKNOWNUSER142217
UNKNOWNUSER142218
UNKNOWNUSER142219
UNKNOWNUSER142220
UNKNOWNUSER142221
UNKNOWNUSER142222
UNKNOWNUSER142223
UNKNOWNUSER142224
UNKNOWNUSER142225
UNKNOWNUSER142226
UNKNOWNUSER142227
UNKNOWNUSER142229
UNKNOWNUSER142230
UNKNOWNUSER142231
UNKNOWNUSER142232
UNKNOWNUSER142233
UNKNOWNUSER142234
UNKNOWNUSER142235
UNKNOWNUSER142237
UNKNOWNUSER142238
UNKNOWNUSER142239
UNKNOWNUSER142240
UNKNOWNUSER142241
UNKNOWNUSER142242
UNKNOWNUSER142243
UNKNOWNUSER142244
UNKNOWNUSER142245
UNKNOWNUSER142247
UNKNOWNUSER142248
UNKNOWNUSER142249
UNKNOWNUSER142250
UNKNOWNUSER142252
UNKNOWNUSER142253
UNKNOWNUSER142254
UNKNOWNUSER142255
UNKNOWNUSER142256
UNKNOWNUSER142257
UNKNOWNUSER142258
UNKNOWNUSER142259
UNKNOWNUSER142260
UNKNOWNUSER142261
UNKNOWNUSER142262
UNKNOWNUSER142263
UNKNOWNUSER142264
UNKNOWNUSER142265
UNKNOWNUSER142266
UNKNOWNUSER142267
UNKNOWNUSER142268
UNKNOWNUSER142270
UNKNOWNUSER142271
UNKNOWNUSER142272
UNKNOWNUSER142273
UNKNOWNUSER142274
UNKNOWNUSER142275
UNKNOWNUSER142276
UNKNOWNUSER142277
UNKNOWNUSER142278
UNKNOWNUSER142279
UNKNOWNUSER142280
UNKNOWNUSER142281
UNKNOWNUSER142282
UNKNOWNUSER142283
UNKNOWNUSER142284
UNKNOWNUSER142285
UNKNOWNUSER142286
UNKNOWNUSER142287
UNKNOWNUSER142288
UNKNOWNUSER142289
UNKNOWNUSER142290
UNKNOWNUSER142291
UNKNOWNUSER142292
UNKNOWNUSER142293
UNKNOWNUSER142294
UNKNOWNUSER142295
UNKNOWNUSER142296
UNKNOWNUSER142297
UNKNOWNUSER142298
UNKNOWNUSER142299
UNKNOWNUSER142300
UNKNOWNUSER142301
UNKNOWNUSER142302
UNKNOWNUSER142303
UNKNOWNUSER142304
UNKNOWNUSER142305
UNKNOWNUSER142306
UNKNOWNUSER142307
UNKNOWNUSER142308
UNKNOWNUSER142309
UNKNOWNUSER142310
UNKNOWNUSER142311
UNKNOWNUSER142312
UNKNOWNUSER142313
UNKNOWNUSER142314
UNKNOWNUSER142315
UNKNOWNUSER142316
UNKNOWNUSER142318
UNKNOWNUSER142319
UNKNOWNUSER142320
UNKNOWNUSER142321
UNKNOWNUSER142322
UNKNOWNUSER142323
UNKNOWNUSER142324
UNKNOWNUSER142325
UNKNOWNUSER142326
UNKNOWNUSER142327
UNKNOWNUSER142328
UNKNOWNUSER142329
UNKNOWNUSER142330
UNKNOWNUSER142331
UNKNOWNUSER142332
UNKNOWNUSER142333
UNKNOWNUSER142334
UNKNOWNUSER142335
UNKNOWNUSER142336
UNKNOWNUSER142337
UNKNOWNUSER142338
UNKNOWNUSER142339
UNKNOWNUSER142340
UNKNOWNUSER142341
UNKNOWNUSER142342
UNKNOWNUSER142343
UNKNOWNUSER142344
UNKNOWNUSER142345
UNKNOWNUSER142346
UNKNOWNUSER142347
UNKNOWNUSER142348
UNKNOWNUSER142349
UNKNOWNUSER142350
UNKNOWNUSER142352
UNKNOWNUSER142353
UNKNOWNUSER142354
UNKNOWNUSER142355
UNKNOWNUSER142356
UNKNOWNUSER142357
UNKNOWNUSER142358
UNKNOWNUSER142359
UNKNOWNUSER142360
UNKNOWNUSER142361
UNKNOWNUSER142362
UNKNOWNUSER142363
UNKNOWNUSER142364
UNKNOWNUSER142365
UNKNOWNUSER142366
UNKNOWNUSER142367
UNKNOWNUSER142368
UNKNOWNUSER142369
UNKNOWNUSER142370
UNKNOWNUSER142371
UNKNOWNUSER142372
UNKNOWNUSER142373
UNKNOWNUSER142374
UNKNOWNUSER142375
UNKNOWNUSER142376
UNKNOWNUSER142377
UNKNOWNUSER142378
UNKNOWNUSER142379
UNKNOWNUSER142380
UNKNOWNUSER142381
UNKNOWNUSER142382
UNKNOWNUSER142383
UNKNOWNUSER142384
UNKNOWNUSER142385
UNKNOWNUSER142388
UNKNOWNUSER142389
UNKNOWNUSER142390
UNKNOWNUSER142391
UNKNOWNUSER142392
UNKNOWNUSER142394
UNKNOWNUSER142395
UNKNOWNUSER142396
UNKNOWNUSER142397
UNKNOWNUSER142398
UNKNOWNUSER142399
UNKNOWNUSER142400
UNKNOWNUSER142401
UNKNOWNUSER142402
UNKNOWNUSER142403
UNKNOWNUSER142404
UNKNOWNUSER142405
UNKNOWNUSER142406
UNKNOWNUSER142408
UNKNOWNUSER142409
UNKNOWNUSER142410
UNKNOWNUSER142411
UNKNOWNUSER142412
UNKNOWNUSER142413
UNKNOWNUSER142414
UNKNOWNUSER142415
UNKNOWNUSER142416
UNKNOWNUSER142417
UNKNOWNUSER142418
UNKNOWNUSER142419
UNKNOWNUSER142420
UNKNOWNUSER142421
UNKNOWNUSER142422
UNKNOWNUSER142423
UNKNOWNUSER142424
UNKNOWNUSER142425
UNKNOWNUSER142426
UNKNOWNUSER142427
UNKNOWNUSER142428
UNKNOWNUSER142429
UNKNOWNUSER142430
UNKNOWNUSER142431
UNKNOWNUSER142432
UNKNOWNUSER142433
UNKNOWNUSER142434
UNKNOWNUSER142435
UNKNOWNUSER142436
UNKNOWNUSER142437
UNKNOWNUSER142438
UNKNOWNUSER142439
UNKNOWNUSER142440
UNKNOWNUSER142441
UNKNOWNUSER142442
UNKNOWNUSER142443
UNKNOWNUSER142444
UNKNOWNUSER142446
UNKNOWNUSER142447
UNKNOWNUSER142448
UNKNOWNUSER142449
UNKNOWNUSER142450
UNKNOWNUSER142451
UNKNOWNUSER142452
UNKNOWNUSER142454
UNKNOWNUSER142455
UNKNOWNUSER142456
UNKNOWNUSER142457
UNKNOWNUSER142458
UNKNOWNUSER142459
UNKNOWNUSER142460
UNKNOWNUSER142461
UNKNOWNUSER142462
UNKNOWNUSER142463
UNKNOWNUSER142464
UNKNOWNUSER142465
UNKNOWNUSER142466
UNKNOWNUSER142467
UNKNOWNUSER142468
UNKNOWNUSER142469
UNKNOWNUSER142470
UNKNOWNUSER142471
UNKNOWNUSER142472
UNKNOWNUSER142473
UNKNOWNUSER142474
UNKNOWNUSER142475
UNKNOWNUSER142476
UNKNOWNUSER142477
UNKNOWNUSER142478
UNKNOWNUSER142479
UNKNOWNUSER142480
UNKNOWNUSER142481
UNKNOWNUSER142482
UNKNOWNUSER142483
UNKNOWNUSER142484
UNKNOWNUSER142485
UNKNOWNUSER142486
UNKNOWNUSER142487
UNKNOWNUSER142488
UNKNOWNUSER142489
UNKNOWNUSER142490
UNKNOWNUSER142491
UNKNOWNUSER142492
UNKNOWNUSER142493
UNKNOWNUSER142494
UNKNOWNUSER142495
UNKNOWNUSER142496
UNKNOWNUSER142497
UNKNOWNUSER142498
UNKNOWNUSER142499
UNKNOWNUSER142500
UNKNOWNUSER142501
UNKNOWNUSER142502
UNKNOWNUSER142503
UNKNOWNUSER142504
UNKNOWNUSER142505
UNKNOWNUSER142506
UNKNOWNUSER142507
UNKNOWNUSER142508
UNKNOWNUSER142509
UNKNOWNUSER142510
UNKNOWNUSER142511
UNKNOWNUSER142512
UNKNOWNUSER142513
UNKNOWNUSER142514
UNKNOWNUSER142515
UNKNOWNUSER142516
UNKNOWNUSER142517
UNKNOWNUSER142518
UNKNOWNUSER142519
UNKNOWNUSER142520
UNKNOWNUSER142521
UNKNOWNUSER142522
UNKNOWNUSER142523
UNKNOWNUSER142524
UNKNOWNUSER142525
UNKNOWNUSER142526
UNKNOWNUSER142527
UNKNOWNUSER142528
UNKNOWNUSER142529
UNKNOWNUSER142530
UNKNOWNUSER142531
UNKNOWNUSER142532
UNKNOWNUSER142533
UNKNOWNUSER142534
UNKNOWNUSER142535
UNKNOWNUSER142536
UNKNOWNUSER142537
UNKNOWNUSER142538
UNKNOWNUSER142539
UNKNOWNUSER142540
UNKNOWNUSER142541
UNKNOWNUSER142542
UNKNOWNUSER142543
UNKNOWNUSER142544
UNKNOWNUSER142545
UNKNOWNUSER142546
UNKNOWNUSER142547
UNKNOWNUSER142548
UNKNOWNUSER142550
UNKNOWNUSER142551
UNKNOWNUSER142552
UNKNOWNUSER142553
UNKNOWNUSER142554
UNKNOWNUSER142555
UNKNOWNUSER142556
UNKNOWNUSER142557
UNKNOWNUSER142558
UNKNOWNUSER142559
UNKNOWNUSER142560
UNKNOWNUSER142561
UNKNOWNUSER142562
UNKNOWNUSER142563
UNKNOWNUSER142564
UNKNOWNUSER142565
UNKNOWNUSER142566
UNKNOWNUSER142567
UNKNOWNUSER142568
UNKNOWNUSER142569
UNKNOWNUSER142570
UNKNOWNUSER142571
UNKNOWNUSER142572
UNKNOWNUSER142573
UNKNOWNUSER142574
UNKNOWNUSER142575
UNKNOWNUSER142576
UNKNOWNUSER142577
UNKNOWNUSER142578
UNKNOWNUSER142579
UNKNOWNUSER142580
UNKNOWNUSER142581
UNKNOWNUSER142582
UNKNOWNUSER142583
UNKNOWNUSER142584
UNKNOWNUSER142585
UNKNOWNUSER142586
UNKNOWNUSER142587
UNKNOWNUSER142588
UNKNOWNUSER142589
UNKNOWNUSER142590
UNKNOWNUSER142591
UNKNOWNUSER142593
UNKNOWNUSER142594
UNKNOWNUSER142595
UNKNOWNUSER142596
UNKNOWNUSER142597
UNKNOWNUSER142598
UNKNOWNUSER142599
UNKNOWNUSER142600
UNKNOWNUSER142601
UNKNOWNUSER142602
UNKNOWNUSER142603
UNKNOWNUSER142604
UNKNOWNUSER142605
UNKNOWNUSER142606
UNKNOWNUSER142607
UNKNOWNUSER142608
UNKNOWNUSER142609
UNKNOWNUSER142610
UNKNOWNUSER142611
UNKNOWNUSER142612
UNKNOWNUSER142613
UNKNOWNUSER142614
UNKNOWNUSER142615
UNKNOWNUSER142616
UNKNOWNUSER142617
UNKNOWNUSER142618
UNKNOWNUSER142619
UNKNOWNUSER142620
UNKNOWNUSER142621
UNKNOWNUSER142622
UNKNOWNUSER142623
UNKNOWNUSER142624
UNKNOWNUSER142625
UNKNOWNUSER142626
UNKNOWNUSER142627
UNKNOWNUSER142628
UNKNOWNUSER142629
UNKNOWNUSER142630
UNKNOWNUSER142631
UNKNOWNUSER142632
UNKNOWNUSER142633
UNKNOWNUSER142634
UNKNOWNUSER142635
UNKNOWNUSER142636
UNKNOWNUSER142637
UNKNOWNUSER142638
UNKNOWNUSER142639
UNKNOWNUSER142640
UNKNOWNUSER142641
UNKNOWNUSER142642
UNKNOWNUSER142643
UNKNOWNUSER142644
UNKNOWNUSER142645
UNKNOWNUSER142646
UNKNOWNUSER142647
UNKNOWNUSER142648
UNKNOWNUSER142649
UNKNOWNUSER142650
UNKNOWNUSER142651
UNKNOWNUSER142652
UNKNOWNUSER142653
UNKNOWNUSER142654
UNKNOWNUSER142655
UNKNOWNUSER142656
UNKNOWNUSER142657
UNKNOWNUSER142658
UNKNOWNUSER142659
UNKNOWNUSER142661
UNKNOWNUSER142662
UNKNOWNUSER142663
UNKNOWNUSER142664
UNKNOWNUSER142665
UNKNOWNUSER142666
UNKNOWNUSER142667
UNKNOWNUSER142668
UNKNOWNUSER142669
UNKNOWNUSER142670
UNKNOWNUSER142671
UNKNOWNUSER142672
UNKNOWNUSER142673
UNKNOWNUSER142674
UNKNOWNUSER142675
UNKNOWNUSER142676
UNKNOWNUSER142677
UNKNOWNUSER142678
UNKNOWNUSER142679
UNKNOWNUSER142680
UNKNOWNUSER142681
UNKNOWNUSER142682
UNKNOWNUSER142683
UNKNOWNUSER142684
UNKNOWNUSER142685
UNKNOWNUSER142686
UNKNOWNUSER142687
UNKNOWNUSER142688
UNKNOWNUSER142689
UNKNOWNUSER142690
UNKNOWNUSER142691
UNKNOWNUSER142692
UNKNOWNUSER142693
UNKNOWNUSER142694
UNKNOWNUSER142697
UNKNOWNUSER142698
UNKNOWNUSER142699
UNKNOWNUSER142700
UNKNOWNUSER142701
UNKNOWNUSER142702
UNKNOWNUSER142703
UNKNOWNUSER142704
UNKNOWNUSER142705
UNKNOWNUSER142706
UNKNOWNUSER142707
UNKNOWNUSER142708
UNKNOWNUSER142709
UNKNOWNUSER142710
UNKNOWNUSER142711
UNKNOWNUSER142712
UNKNOWNUSER142713
UNKNOWNUSER142714
UNKNOWNUSER142715
UNKNOWNUSER142716
UNKNOWNUSER142717
UNKNOWNUSER142718
UNKNOWNUSER142719
UNKNOWNUSER142720
UNKNOWNUSER142721
UNKNOWNUSER142722
UNKNOWNUSER142723
UNKNOWNUSER142724
UNKNOWNUSER142726
UNKNOWNUSER142727
UNKNOWNUSER142728
UNKNOWNUSER142729
UNKNOWNUSER142730
UNKNOWNUSER142731
UNKNOWNUSER142732
UNKNOWNUSER142733
UNKNOWNUSER142734
UNKNOWNUSER142735
UNKNOWNUSER142736
UNKNOWNUSER142737
UNKNOWNUSER142738
UNKNOWNUSER142739
UNKNOWNUSER142740
UNKNOWNUSER142741
UNKNOWNUSER142742
UNKNOWNUSER142743
UNKNOWNUSER142744
UNKNOWNUSER142745
UNKNOWNUSER142746
UNKNOWNUSER142747
UNKNOWNUSER142748
UNKNOWNUSER142749
UNKNOWNUSER142750
UNKNOWNUSER142751
UNKNOWNUSER142752
UNKNOWNUSER142753
UNKNOWNUSER142754
UNKNOWNUSER142755
UNKNOWNUSER142756
UNKNOWNUSER142757
UNKNOWNUSER142759
UNKNOWNUSER142760
UNKNOWNUSER142761
UNKNOWNUSER142762
UNKNOWNUSER142763
UNKNOWNUSER142764
UNKNOWNUSER142765
UNKNOWNUSER142766
UNKNOWNUSER142767
UNKNOWNUSER142768
UNKNOWNUSER142769
UNKNOWNUSER142770
UNKNOWNUSER142771
UNKNOWNUSER142772
UNKNOWNUSER142773
UNKNOWNUSER142774
UNKNOWNUSER142775
UNKNOWNUSER142776
UNKNOWNUSER142777
UNKNOWNUSER142778
UNKNOWNUSER142779
UNKNOWNUSER142780
UNKNOWNUSER142781
UNKNOWNUSER142782
UNKNOWNUSER142783
UNKNOWNUSER142784
UNKNOWNUSER142785
UNKNOWNUSER142786
UNKNOWNUSER142787
UNKNOWNUSER142788
UNKNOWNUSER142789
UNKNOWNUSER142790
UNKNOWNUSER142791
UNKNOWNUSER142792
UNKNOWNUSER142793
UNKNOWNUSER142794
UNKNOWNUSER142795
UNKNOWNUSER142796
UNKNOWNUSER142797
UNKNOWNUSER142798
UNKNOWNUSER142799
UNKNOWNUSER142800
UNKNOWNUSER142801
UNKNOWNUSER142802
UNKNOWNUSER142803
UNKNOWNUSER142804
UNKNOWNUSER142805
UNKNOWNUSER142806
UNKNOWNUSER142807
UNKNOWNUSER142808
UNKNOWNUSER142809
UNKNOWNUSER142810
UNKNOWNUSER142811
UNKNOWNUSER142813
UNKNOWNUSER142814
UNKNOWNUSER142815
UNKNOWNUSER142816
UNKNOWNUSER142817
UNKNOWNUSER142818
UNKNOWNUSER142819
UNKNOWNUSER142820
UNKNOWNUSER142822
UNKNOWNUSER142823
UNKNOWNUSER142824
UNKNOWNUSER142826
UNKNOWNUSER142827
UNKNOWNUSER142828
UNKNOWNUSER142829
UNKNOWNUSER142830
UNKNOWNUSER142831
UNKNOWNUSER142832
UNKNOWNUSER142833
UNKNOWNUSER142834
UNKNOWNUSER142835
UNKNOWNUSER142839
UNKNOWNUSER142840
UNKNOWNUSER142841
UNKNOWNUSER142842
UNKNOWNUSER142843
UNKNOWNUSER142844
UNKNOWNUSER142845
UNKNOWNUSER142846
UNKNOWNUSER142847
UNKNOWNUSER142848
UNKNOWNUSER142849
UNKNOWNUSER142850
UNKNOWNUSER142851
UNKNOWNUSER142856
UNKNOWNUSER142857
UNKNOWNUSER142858
UNKNOWNUSER142859
UNKNOWNUSER142860
UNKNOWNUSER142861
UNKNOWNUSER142862
UNKNOWNUSER142863
UNKNOWNUSER142864
UNKNOWNUSER142865
UNKNOWNUSER142866
UNKNOWNUSER142867
UNKNOWNUSER142868
UNKNOWNUSER142869
UNKNOWNUSER142870
UNKNOWNUSER142871
UNKNOWNUSER142872
UNKNOWNUSER142873
UNKNOWNUSER142874
UNKNOWNUSER142875
UNKNOWNUSER142876
UNKNOWNUSER142877
UNKNOWNUSER142878
UNKNOWNUSER142879
UNKNOWNUSER142880
UNKNOWNUSER142881
UNKNOWNUSER142882
UNKNOWNUSER142883
UNKNOWNUSER142884
UNKNOWNUSER142885
UNKNOWNUSER142887
UNKNOWNUSER142888
UNKNOWNUSER142889
UNKNOWNUSER142890
UNKNOWNUSER142891
UNKNOWNUSER142892
UNKNOWNUSER142893
UNKNOWNUSER142894
UNKNOWNUSER142895
UNKNOWNUSER142896
UNKNOWNUSER142897
UNKNOWNUSER142898
UNKNOWNUSER142899
UNKNOWNUSER142900
UNKNOWNUSER142901
UNKNOWNUSER142902
UNKNOWNUSER142903
UNKNOWNUSER142904
UNKNOWNUSER142905
UNKNOWNUSER142906
UNKNOWNUSER142907
UNKNOWNUSER142908
UNKNOWNUSER142909
UNKNOWNUSER142910
UNKNOWNUSER142911
UNKNOWNUSER142912
UNKNOWNUSER142913
UNKNOWNUSER142915
UNKNOWNUSER142916
UNKNOWNUSER142917
UNKNOWNUSER142918
UNKNOWNUSER142919
UNKNOWNUSER142920
UNKNOWNUSER142921
UNKNOWNUSER142922
UNKNOWNUSER142923
UNKNOWNUSER142924
UNKNOWNUSER142925
UNKNOWNUSER142926
UNKNOWNUSER142927
UNKNOWNUSER142928
UNKNOWNUSER142929
UNKNOWNUSER142930
UNKNOWNUSER142931
UNKNOWNUSER142932
UNKNOWNUSER142933
UNKNOWNUSER142934
UNKNOWNUSER142935
UNKNOWNUSER142936
UNKNOWNUSER142937
UNKNOWNUSER142938
UNKNOWNUSER142939
UNKNOWNUSER142940
UNKNOWNUSER142941
UNKNOWNUSER142942
UNKNOWNUSER142943
UNKNOWNUSER142944
UNKNOWNUSER142945
UNKNOWNUSER142946
UNKNOWNUSER142947
UNKNOWNUSER142948
UNKNOWNUSER142949
UNKNOWNUSER142950
UNKNOWNUSER142951
UNKNOWNUSER142952
UNKNOWNUSER142953
UNKNOWNUSER142954
UNKNOWNUSER142955
UNKNOWNUSER142956
UNKNOWNUSER142957
UNKNOWNUSER142958
UNKNOWNUSER142959
UNKNOWNUSER142960
UNKNOWNUSER142961
UNKNOWNUSER142962
UNKNOWNUSER142963
UNKNOWNUSER142964
UNKNOWNUSER142965
UNKNOWNUSER142966
UNKNOWNUSER142967
UNKNOWNUSER142968
UNKNOWNUSER142969
UNKNOWNUSER142971
UNKNOWNUSER142972
UNKNOWNUSER142973
UNKNOWNUSER142974
UNKNOWNUSER142975
UNKNOWNUSER142976
UNKNOWNUSER142977
UNKNOWNUSER142978
UNKNOWNUSER142979
UNKNOWNUSER142980
UNKNOWNUSER142981
UNKNOWNUSER142982
UNKNOWNUSER142983
UNKNOWNUSER142984
UNKNOWNUSER142985
UNKNOWNUSER142986
UNKNOWNUSER142987
UNKNOWNUSER142988
UNKNOWNUSER142989
UNKNOWNUSER142990
UNKNOWNUSER142991
UNKNOWNUSER142992
UNKNOWNUSER142993
UNKNOWNUSER142994
UNKNOWNUSER142995
UNKNOWNUSER142996
UNKNOWNUSER142997
UNKNOWNUSER142998
UNKNOWNUSER142999
UNKNOWNUSER143000
UNKNOWNUSER143001
UNKNOWNUSER143002
UNKNOWNUSER143003
UNKNOWNUSER143004
UNKNOWNUSER143005
UNKNOWNUSER143006
UNKNOWNUSER143007
UNKNOWNUSER143008
UNKNOWNUSER143009
UNKNOWNUSER143010
UNKNOWNUSER143011
UNKNOWNUSER143012
UNKNOWNUSER143013
UNKNOWNUSER143014
UNKNOWNUSER143015
UNKNOWNUSER143016
UNKNOWNUSER143017
UNKNOWNUSER143018
UNKNOWNUSER143019
UNKNOWNUSER143020
UNKNOWNUSER143021
UNKNOWNUSER143022
UNKNOWNUSER143023
UNKNOWNUSER143024
UNKNOWNUSER143025
UNKNOWNUSER143026
UNKNOWNUSER143028
UNKNOWNUSER143029
UNKNOWNUSER143030
UNKNOWNUSER143031
UNKNOWNUSER143032
UNKNOWNUSER143033
UNKNOWNUSER143034
UNKNOWNUSER143035
UNKNOWNUSER143036
UNKNOWNUSER143037
UNKNOWNUSER143038
UNKNOWNUSER143039
UNKNOWNUSER143040
UNKNOWNUSER143041
UNKNOWNUSER143042
UNKNOWNUSER143043
UNKNOWNUSER143044
UNKNOWNUSER143045
UNKNOWNUSER143046
UNKNOWNUSER143047
UNKNOWNUSER143048
UNKNOWNUSER143049
UNKNOWNUSER143050
UNKNOWNUSER143051
UNKNOWNUSER143052
UNKNOWNUSER143053
UNKNOWNUSER143054
UNKNOWNUSER143055
UNKNOWNUSER143056
UNKNOWNUSER143057
UNKNOWNUSER143058
UNKNOWNUSER143059
UNKNOWNUSER143060
UNKNOWNUSER143061
UNKNOWNUSER143062
UNKNOWNUSER143063
UNKNOWNUSER143064
UNKNOWNUSER143065
UNKNOWNUSER143066
UNKNOWNUSER143067
UNKNOWNUSER143068
UNKNOWNUSER143069
UNKNOWNUSER143070
UNKNOWNUSER143071
UNKNOWNUSER143072
UNKNOWNUSER143073
UNKNOWNUSER143074
UNKNOWNUSER143075
UNKNOWNUSER143076
UNKNOWNUSER143077
UNKNOWNUSER143078
UNKNOWNUSER143079
UNKNOWNUSER143080
UNKNOWNUSER143081
UNKNOWNUSER143082
UNKNOWNUSER143083
UNKNOWNUSER143084
UNKNOWNUSER143085
UNKNOWNUSER143086
UNKNOWNUSER143087
UNKNOWNUSER143088
UNKNOWNUSER143089
UNKNOWNUSER143090
UNKNOWNUSER143091
UNKNOWNUSER143092
UNKNOWNUSER143093
UNKNOWNUSER143094
UNKNOWNUSER143095
UNKNOWNUSER143096
UNKNOWNUSER143097
UNKNOWNUSER143098
UNKNOWNUSER143099
UNKNOWNUSER143100
UNKNOWNUSER143101
UNKNOWNUSER143102
UNKNOWNUSER143103
UNKNOWNUSER143104
UNKNOWNUSER143105
UNKNOWNUSER143106
UNKNOWNUSER143107
UNKNOWNUSER143108
UNKNOWNUSER143109
UNKNOWNUSER143110
UNKNOWNUSER143111
UNKNOWNUSER143112
UNKNOWNUSER143113
UNKNOWNUSER143114
UNKNOWNUSER143115
UNKNOWNUSER143116
UNKNOWNUSER143117
UNKNOWNUSER143118
UNKNOWNUSER143119
UNKNOWNUSER143120
UNKNOWNUSER143121
UNKNOWNUSER143122
UNKNOWNUSER143123
UNKNOWNUSER143124
UNKNOWNUSER143125
UNKNOWNUSER143126
UNKNOWNUSER143127
UNKNOWNUSER143129
UNKNOWNUSER143130
UNKNOWNUSER143131
UNKNOWNUSER143132
UNKNOWNUSER143133
UNKNOWNUSER143134
UNKNOWNUSER143136
UNKNOWNUSER143137
UNKNOWNUSER143138
UNKNOWNUSER143139
UNKNOWNUSER143140
UNKNOWNUSER143141
UNKNOWNUSER143142
UNKNOWNUSER143143
UNKNOWNUSER143144
UNKNOWNUSER143145
UNKNOWNUSER143146
UNKNOWNUSER143147
UNKNOWNUSER143148
UNKNOWNUSER143149
UNKNOWNUSER143150
UNKNOWNUSER143151
UNKNOWNUSER143152
UNKNOWNUSER143153
UNKNOWNUSER143154
UNKNOWNUSER143155
UNKNOWNUSER143156
UNKNOWNUSER143157
UNKNOWNUSER143158
UNKNOWNUSER143159
UNKNOWNUSER143160
UNKNOWNUSER143161
UNKNOWNUSER143162
UNKNOWNUSER143163
UNKNOWNUSER143164
UNKNOWNUSER143165
UNKNOWNUSER143166
UNKNOWNUSER143167
UNKNOWNUSER143168
UNKNOWNUSER143169
UNKNOWNUSER143170
UNKNOWNUSER143171
UNKNOWNUSER143172
UNKNOWNUSER143173
UNKNOWNUSER143174
UNKNOWNUSER143175
UNKNOWNUSER143176
UNKNOWNUSER143177
UNKNOWNUSER143178
UNKNOWNUSER143179
UNKNOWNUSER143180
UNKNOWNUSER143181
UNKNOWNUSER143182
UNKNOWNUSER143183
UNKNOWNUSER143184
UNKNOWNUSER143185
UNKNOWNUSER143186
UNKNOWNUSER143187
UNKNOWNUSER143188
UNKNOWNUSER143189
UNKNOWNUSER143190
UNKNOWNUSER143191
UNKNOWNUSER143192
UNKNOWNUSER143193
UNKNOWNUSER143194
UNKNOWNUSER143195
UNKNOWNUSER143196
UNKNOWNUSER143197
UNKNOWNUSER143198
UNKNOWNUSER143199
UNKNOWNUSER143200
UNKNOWNUSER143201
UNKNOWNUSER143202
UNKNOWNUSER143203
UNKNOWNUSER143204
UNKNOWNUSER143205
UNKNOWNUSER143206
UNKNOWNUSER143207
UNKNOWNUSER143208
UNKNOWNUSER143209
UNKNOWNUSER143210
UNKNOWNUSER143211
UNKNOWNUSER143212
UNKNOWNUSER143213
UNKNOWNUSER143214
UNKNOWNUSER143215
UNKNOWNUSER143218
UNKNOWNUSER143219
UNKNOWNUSER143220
UNKNOWNUSER143221
UNKNOWNUSER143222
UNKNOWNUSER143223
UNKNOWNUSER143224
UNKNOWNUSER143225
UNKNOWNUSER143226
UNKNOWNUSER143227
UNKNOWNUSER143228
UNKNOWNUSER143229
UNKNOWNUSER143230
UNKNOWNUSER143231
UNKNOWNUSER143232
UNKNOWNUSER143233
UNKNOWNUSER143234
UNKNOWNUSER143235
UNKNOWNUSER143236
UNKNOWNUSER143237
UNKNOWNUSER143238
UNKNOWNUSER143239
UNKNOWNUSER143240
UNKNOWNUSER143241
UNKNOWNUSER143242
UNKNOWNUSER143243
UNKNOWNUSER143244
UNKNOWNUSER143245
UNKNOWNUSER143246
UNKNOWNUSER143248
UNKNOWNUSER143249
UNKNOWNUSER143250
UNKNOWNUSER143251
UNKNOWNUSER143252
UNKNOWNUSER143253
UNKNOWNUSER143254
UNKNOWNUSER143255
UNKNOWNUSER143256
UNKNOWNUSER143257
UNKNOWNUSER143258
UNKNOWNUSER143259
UNKNOWNUSER143260
UNKNOWNUSER143261
UNKNOWNUSER143262
UNKNOWNUSER143263
UNKNOWNUSER143264
UNKNOWNUSER143265
UNKNOWNUSER143266
UNKNOWNUSER143267
UNKNOWNUSER143268
UNKNOWNUSER143270
UNKNOWNUSER143271
UNKNOWNUSER143272
UNKNOWNUSER143273
UNKNOWNUSER143274
UNKNOWNUSER143275
UNKNOWNUSER143276
UNKNOWNUSER143277
UNKNOWNUSER143278
UNKNOWNUSER143279
UNKNOWNUSER143280
UNKNOWNUSER143281
UNKNOWNUSER143282
UNKNOWNUSER143283
UNKNOWNUSER143285
UNKNOWNUSER143286
UNKNOWNUSER143287
UNKNOWNUSER143288
UNKNOWNUSER143289
UNKNOWNUSER143290
UNKNOWNUSER143292
UNKNOWNUSER143293
UNKNOWNUSER143294
UNKNOWNUSER143295
UNKNOWNUSER143296
UNKNOWNUSER143297
UNKNOWNUSER143298
UNKNOWNUSER143299
UNKNOWNUSER143300
UNKNOWNUSER143301
UNKNOWNUSER143302
UNKNOWNUSER143303
UNKNOWNUSER143304
UNKNOWNUSER143305
UNKNOWNUSER143306
UNKNOWNUSER143307
UNKNOWNUSER143308
UNKNOWNUSER143309
UNKNOWNUSER143311
UNKNOWNUSER143312
UNKNOWNUSER143313
UNKNOWNUSER143314
UNKNOWNUSER143315
UNKNOWNUSER143316
UNKNOWNUSER143317
UNKNOWNUSER143318
UNKNOWNUSER143319
UNKNOWNUSER143320
UNKNOWNUSER143321
UNKNOWNUSER143322
UNKNOWNUSER143323
UNKNOWNUSER143325
UNKNOWNUSER143326
UNKNOWNUSER143327
UNKNOWNUSER143328
UNKNOWNUSER143329
UNKNOWNUSER143330
UNKNOWNUSER143331
UNKNOWNUSER143332
UNKNOWNUSER143333
UNKNOWNUSER143334
UNKNOWNUSER143335
UNKNOWNUSER143336
UNKNOWNUSER143337
UNKNOWNUSER143338
UNKNOWNUSER143339
UNKNOWNUSER143340
UNKNOWNUSER143341
UNKNOWNUSER143342
UNKNOWNUSER143343
UNKNOWNUSER143344
UNKNOWNUSER143345
UNKNOWNUSER143347
UNKNOWNUSER143348
UNKNOWNUSER143349
UNKNOWNUSER143350
UNKNOWNUSER143351
UNKNOWNUSER143352
UNKNOWNUSER143353
UNKNOWNUSER143354
UNKNOWNUSER143355
UNKNOWNUSER143356
UNKNOWNUSER143357
UNKNOWNUSER143358
UNKNOWNUSER143359
UNKNOWNUSER143361
UNKNOWNUSER143362
UNKNOWNUSER143363
UNKNOWNUSER143364
UNKNOWNUSER143365
UNKNOWNUSER143366
UNKNOWNUSER143367
UNKNOWNUSER143368
UNKNOWNUSER143369
UNKNOWNUSER143370
UNKNOWNUSER143371
UNKNOWNUSER143372
UNKNOWNUSER143373
UNKNOWNUSER143374
UNKNOWNUSER143375
UNKNOWNUSER143376
UNKNOWNUSER143377
UNKNOWNUSER143378
UNKNOWNUSER143379
UNKNOWNUSER143380
UNKNOWNUSER143381
UNKNOWNUSER143382
UNKNOWNUSER143383
UNKNOWNUSER143384
UNKNOWNUSER143385
UNKNOWNUSER143386
UNKNOWNUSER143387
UNKNOWNUSER143388
UNKNOWNUSER143390
UNKNOWNUSER143391
UNKNOWNUSER143392
UNKNOWNUSER143393
UNKNOWNUSER143394
UNKNOWNUSER143395
UNKNOWNUSER143396
UNKNOWNUSER143397
UNKNOWNUSER143398
UNKNOWNUSER143399
UNKNOWNUSER143400
UNKNOWNUSER143401
UNKNOWNUSER143402
UNKNOWNUSER143403
UNKNOWNUSER143404
UNKNOWNUSER143405
UNKNOWNUSER143406
UNKNOWNUSER143407
UNKNOWNUSER143408
UNKNOWNUSER143409
UNKNOWNUSER143410
UNKNOWNUSER143411
UNKNOWNUSER143412
UNKNOWNUSER143413
UNKNOWNUSER143414
UNKNOWNUSER143415
UNKNOWNUSER143416
UNKNOWNUSER143417
UNKNOWNUSER143418
UNKNOWNUSER143419
UNKNOWNUSER143420
UNKNOWNUSER143421
UNKNOWNUSER143422
UNKNOWNUSER143423
UNKNOWNUSER143424
UNKNOWNUSER143425
UNKNOWNUSER143426
UNKNOWNUSER143427
UNKNOWNUSER143428
UNKNOWNUSER143429
UNKNOWNUSER143430
UNKNOWNUSER143431
UNKNOWNUSER143432
UNKNOWNUSER143433
UNKNOWNUSER143434
UNKNOWNUSER143435
UNKNOWNUSER143436
UNKNOWNUSER143437
UNKNOWNUSER143438
UNKNOWNUSER143440
UNKNOWNUSER143441
UNKNOWNUSER143442
UNKNOWNUSER143443
UNKNOWNUSER143444
UNKNOWNUSER143445
UNKNOWNUSER143446
UNKNOWNUSER143447
UNKNOWNUSER143448
UNKNOWNUSER143449
UNKNOWNUSER143450
UNKNOWNUSER143451
UNKNOWNUSER143452
UNKNOWNUSER143453
UNKNOWNUSER143454
UNKNOWNUSER143455
UNKNOWNUSER143456
UNKNOWNUSER143457
UNKNOWNUSER143458
UNKNOWNUSER143459
UNKNOWNUSER143460
UNKNOWNUSER143461
UNKNOWNUSER143462
UNKNOWNUSER143463
UNKNOWNUSER143464
UNKNOWNUSER143465
UNKNOWNUSER143467
UNKNOWNUSER143468
UNKNOWNUSER143469
UNKNOWNUSER143470
UNKNOWNUSER143471
UNKNOWNUSER143472
UNKNOWNUSER143473
UNKNOWNUSER143474
UNKNOWNUSER143475
UNKNOWNUSER143476
UNKNOWNUSER143477
UNKNOWNUSER143478
UNKNOWNUSER143479
UNKNOWNUSER143480
UNKNOWNUSER143481
UNKNOWNUSER143482
UNKNOWNUSER143483
UNKNOWNUSER143484
UNKNOWNUSER143485
UNKNOWNUSER143486
UNKNOWNUSER143487
UNKNOWNUSER143488
UNKNOWNUSER143489
UNKNOWNUSER143490
UNKNOWNUSER143491
UNKNOWNUSER143492
UNKNOWNUSER143493
UNKNOWNUSER143495
UNKNOWNUSER143496
UNKNOWNUSER143497
UNKNOWNUSER143498
UNKNOWNUSER143499
UNKNOWNUSER143500
UNKNOWNUSER143501
UNKNOWNUSER143502
UNKNOWNUSER143503
UNKNOWNUSER143504
UNKNOWNUSER143505
UNKNOWNUSER143506
UNKNOWNUSER143507
UNKNOWNUSER143508
UNKNOWNUSER143509
UNKNOWNUSER143510
UNKNOWNUSER143511
UNKNOWNUSER143512
UNKNOWNUSER143513
UNKNOWNUSER143514
UNKNOWNUSER143515
UNKNOWNUSER143516
UNKNOWNUSER143517
UNKNOWNUSER143518
UNKNOWNUSER143519
UNKNOWNUSER143520
UNKNOWNUSER143521
UNKNOWNUSER143522
UNKNOWNUSER143524
UNKNOWNUSER143525
UNKNOWNUSER143526
UNKNOWNUSER143527
UNKNOWNUSER143528
UNKNOWNUSER143529
UNKNOWNUSER143530
UNKNOWNUSER143531
UNKNOWNUSER143532
UNKNOWNUSER143533
UNKNOWNUSER143534
UNKNOWNUSER143535
UNKNOWNUSER143536
UNKNOWNUSER143537
UNKNOWNUSER143538
UNKNOWNUSER143539
UNKNOWNUSER143540
UNKNOWNUSER143541
UNKNOWNUSER143542
UNKNOWNUSER143543
UNKNOWNUSER143544
UNKNOWNUSER143545
UNKNOWNUSER143546
UNKNOWNUSER143547
UNKNOWNUSER143548
UNKNOWNUSER143549
UNKNOWNUSER143550
UNKNOWNUSER143551
UNKNOWNUSER143552
UNKNOWNUSER143553
UNKNOWNUSER143554
UNKNOWNUSER143555
UNKNOWNUSER143556
UNKNOWNUSER143557
UNKNOWNUSER143558
UNKNOWNUSER143559
UNKNOWNUSER143560
UNKNOWNUSER143561
UNKNOWNUSER143562
UNKNOWNUSER143563
UNKNOWNUSER143564
UNKNOWNUSER143565
UNKNOWNUSER143567
UNKNOWNUSER143568
UNKNOWNUSER143570
UNKNOWNUSER143571
UNKNOWNUSER143572
UNKNOWNUSER143573
UNKNOWNUSER143574
UNKNOWNUSER143575
UNKNOWNUSER143576
UNKNOWNUSER143577
UNKNOWNUSER143578
UNKNOWNUSER143579
UNKNOWNUSER143580
UNKNOWNUSER143581
UNKNOWNUSER143582
UNKNOWNUSER143583
UNKNOWNUSER143584
UNKNOWNUSER143585
UNKNOWNUSER143586
UNKNOWNUSER143587
UNKNOWNUSER143588
UNKNOWNUSER143589
UNKNOWNUSER143590
UNKNOWNUSER143591
UNKNOWNUSER143592
UNKNOWNUSER143593
UNKNOWNUSER143594
UNKNOWNUSER143595
UNKNOWNUSER143596
UNKNOWNUSER143597
UNKNOWNUSER143598
UNKNOWNUSER143599
UNKNOWNUSER143600
UNKNOWNUSER143601
UNKNOWNUSER143602
UNKNOWNUSER143603
UNKNOWNUSER143604
UNKNOWNUSER143605
UNKNOWNUSER143606
UNKNOWNUSER143607
UNKNOWNUSER143608
UNKNOWNUSER143609
UNKNOWNUSER143610
UNKNOWNUSER143611
UNKNOWNUSER143612
UNKNOWNUSER143613
UNKNOWNUSER143614
UNKNOWNUSER143615
UNKNOWNUSER143616
UNKNOWNUSER143617
UNKNOWNUSER143618
UNKNOWNUSER143619
UNKNOWNUSER143620
UNKNOWNUSER143621
UNKNOWNUSER143622
UNKNOWNUSER143623
UNKNOWNUSER143624
UNKNOWNUSER143625
UNKNOWNUSER143626
UNKNOWNUSER143627
UNKNOWNUSER143628
UNKNOWNUSER143629
UNKNOWNUSER143630
UNKNOWNUSER143631
UNKNOWNUSER143632
UNKNOWNUSER143633
UNKNOWNUSER143634
UNKNOWNUSER143635
UNKNOWNUSER143636
UNKNOWNUSER143637
UNKNOWNUSER143638
UNKNOWNUSER143639
UNKNOWNUSER143640
UNKNOWNUSER143641
UNKNOWNUSER143642
UNKNOWNUSER143643
UNKNOWNUSER143644
UNKNOWNUSER143645
UNKNOWNUSER143646
UNKNOWNUSER143647
UNKNOWNUSER143648
UNKNOWNUSER143649
UNKNOWNUSER143650
UNKNOWNUSER143651
UNKNOWNUSER143652
UNKNOWNUSER143653
UNKNOWNUSER143654
UNKNOWNUSER143655
UNKNOWNUSER143656
UNKNOWNUSER143657
UNKNOWNUSER143658
UNKNOWNUSER143659
UNKNOWNUSER143660
UNKNOWNUSER143661
UNKNOWNUSER143662
UNKNOWNUSER143663
UNKNOWNUSER143664
UNKNOWNUSER143665
UNKNOWNUSER143666
UNKNOWNUSER143667
UNKNOWNUSER143669
UNKNOWNUSER143670
UNKNOWNUSER143671
UNKNOWNUSER143672
UNKNOWNUSER143673
UNKNOWNUSER143674
UNKNOWNUSER143675
UNKNOWNUSER143676
UNKNOWNUSER143677
UNKNOWNUSER143678
UNKNOWNUSER143679
UNKNOWNUSER143680
UNKNOWNUSER143681
UNKNOWNUSER143682
UNKNOWNUSER143683
UNKNOWNUSER143684
UNKNOWNUSER143685
UNKNOWNUSER143686
UNKNOWNUSER143687
UNKNOWNUSER143688
UNKNOWNUSER143689
UNKNOWNUSER143690
UNKNOWNUSER143691
UNKNOWNUSER143692
UNKNOWNUSER143693
UNKNOWNUSER143694
UNKNOWNUSER143695
UNKNOWNUSER143696
UNKNOWNUSER143697
UNKNOWNUSER143698
UNKNOWNUSER143699
UNKNOWNUSER143700
UNKNOWNUSER143701
UNKNOWNUSER143702
UNKNOWNUSER143704
UNKNOWNUSER143705
UNKNOWNUSER143706
UNKNOWNUSER143707
UNKNOWNUSER143708
UNKNOWNUSER143709
UNKNOWNUSER143710
UNKNOWNUSER143711
UNKNOWNUSER143712
UNKNOWNUSER143713
UNKNOWNUSER143714
UNKNOWNUSER143715
UNKNOWNUSER143716
UNKNOWNUSER143717
UNKNOWNUSER143718
UNKNOWNUSER143719
UNKNOWNUSER143720
UNKNOWNUSER143721
UNKNOWNUSER143722
UNKNOWNUSER143723
UNKNOWNUSER143724
UNKNOWNUSER143725
UNKNOWNUSER143726
UNKNOWNUSER143727
UNKNOWNUSER143728
UNKNOWNUSER143729
UNKNOWNUSER143730
UNKNOWNUSER143731
UNKNOWNUSER143732
UNKNOWNUSER143733
UNKNOWNUSER143734
UNKNOWNUSER143735
UNKNOWNUSER143736
UNKNOWNUSER143737
UNKNOWNUSER143738
UNKNOWNUSER143739
UNKNOWNUSER143740
UNKNOWNUSER143741
UNKNOWNUSER143742
UNKNOWNUSER143743
UNKNOWNUSER143744
UNKNOWNUSER143745
UNKNOWNUSER143746
UNKNOWNUSER143747
UNKNOWNUSER143748
UNKNOWNUSER143749
UNKNOWNUSER143750
UNKNOWNUSER143751
UNKNOWNUSER143752
UNKNOWNUSER143754
UNKNOWNUSER143755
UNKNOWNUSER143756
UNKNOWNUSER143757
UNKNOWNUSER143758
UNKNOWNUSER143759
UNKNOWNUSER143760
UNKNOWNUSER143761
UNKNOWNUSER143762
UNKNOWNUSER143763
UNKNOWNUSER143764
UNKNOWNUSER143765
UNKNOWNUSER143766
UNKNOWNUSER143768
UNKNOWNUSER143769
UNKNOWNUSER143770
UNKNOWNUSER143771
UNKNOWNUSER143772
UNKNOWNUSER143773
UNKNOWNUSER143774
UNKNOWNUSER143775
UNKNOWNUSER143776
UNKNOWNUSER143777
UNKNOWNUSER143778
UNKNOWNUSER143779
UNKNOWNUSER143780
UNKNOWNUSER143781
UNKNOWNUSER143782
UNKNOWNUSER143783
UNKNOWNUSER143784
UNKNOWNUSER143785
UNKNOWNUSER143786
UNKNOWNUSER143788
UNKNOWNUSER143789
UNKNOWNUSER143790
UNKNOWNUSER143791
UNKNOWNUSER143792
UNKNOWNUSER143793
UNKNOWNUSER143795
UNKNOWNUSER143796
UNKNOWNUSER143797
UNKNOWNUSER143798
UNKNOWNUSER143799
UNKNOWNUSER143800
UNKNOWNUSER143801
UNKNOWNUSER143802
UNKNOWNUSER143803
UNKNOWNUSER143804
UNKNOWNUSER143805
UNKNOWNUSER143806
UNKNOWNUSER143807
UNKNOWNUSER143808
UNKNOWNUSER143809
UNKNOWNUSER143810
UNKNOWNUSER143811
UNKNOWNUSER143812
UNKNOWNUSER143813
UNKNOWNUSER143814
UNKNOWNUSER143815
UNKNOWNUSER143816
UNKNOWNUSER143817
UNKNOWNUSER143818
UNKNOWNUSER143819
UNKNOWNUSER143820
UNKNOWNUSER143821
UNKNOWNUSER143822
UNKNOWNUSER143823
UNKNOWNUSER143824
UNKNOWNUSER143825
UNKNOWNUSER143826
UNKNOWNUSER143827
UNKNOWNUSER143828
UNKNOWNUSER143829
UNKNOWNUSER143830
UNKNOWNUSER143831
UNKNOWNUSER143832
UNKNOWNUSER143833
UNKNOWNUSER143834
UNKNOWNUSER143835
UNKNOWNUSER143836
UNKNOWNUSER143837
UNKNOWNUSER143838
UNKNOWNUSER143839
UNKNOWNUSER143840
UNKNOWNUSER143841
UNKNOWNUSER143842
UNKNOWNUSER143843
UNKNOWNUSER143844
UNKNOWNUSER143845
UNKNOWNUSER143846
UNKNOWNUSER143847
UNKNOWNUSER143848
UNKNOWNUSER143849
UNKNOWNUSER143850
UNKNOWNUSER143851
UNKNOWNUSER143852
UNKNOWNUSER143853
UNKNOWNUSER143854
UNKNOWNUSER143855
UNKNOWNUSER143856
UNKNOWNUSER143857
UNKNOWNUSER143858
UNKNOWNUSER143859
UNKNOWNUSER143860
UNKNOWNUSER143861
UNKNOWNUSER143862
UNKNOWNUSER143863
UNKNOWNUSER143864
UNKNOWNUSER143865
UNKNOWNUSER143866
UNKNOWNUSER143867
UNKNOWNUSER143868
UNKNOWNUSER143869
UNKNOWNUSER143870
UNKNOWNUSER143871
UNKNOWNUSER143872
UNKNOWNUSER143873
UNKNOWNUSER143874
UNKNOWNUSER143875
UNKNOWNUSER143876
UNKNOWNUSER143877
UNKNOWNUSER143878
UNKNOWNUSER143879
UNKNOWNUSER143880
UNKNOWNUSER143881
UNKNOWNUSER143882
UNKNOWNUSER143883
UNKNOWNUSER143884
UNKNOWNUSER143886
UNKNOWNUSER143887
UNKNOWNUSER143888
UNKNOWNUSER143889
UNKNOWNUSER143890
UNKNOWNUSER143891
UNKNOWNUSER143892
UNKNOWNUSER143893
UNKNOWNUSER143894
UNKNOWNUSER143895
UNKNOWNUSER143896
UNKNOWNUSER143897
UNKNOWNUSER143898
UNKNOWNUSER143899
UNKNOWNUSER143900
UNKNOWNUSER143901
UNKNOWNUSER143902
UNKNOWNUSER143903
UNKNOWNUSER143904
UNKNOWNUSER143905
UNKNOWNUSER143906
UNKNOWNUSER143907
UNKNOWNUSER143908
UNKNOWNUSER143910
UNKNOWNUSER143911
UNKNOWNUSER143912
UNKNOWNUSER143913
UNKNOWNUSER143914
UNKNOWNUSER143915
UNKNOWNUSER143916
UNKNOWNUSER143917
UNKNOWNUSER143918
UNKNOWNUSER143920
UNKNOWNUSER143921
UNKNOWNUSER143922
UNKNOWNUSER143923
UNKNOWNUSER143924
UNKNOWNUSER143925
UNKNOWNUSER143927
UNKNOWNUSER143928
UNKNOWNUSER143929
UNKNOWNUSER143930
UNKNOWNUSER143931
UNKNOWNUSER143932
UNKNOWNUSER143933
UNKNOWNUSER143934
UNKNOWNUSER143935
UNKNOWNUSER143936
UNKNOWNUSER143937
UNKNOWNUSER143938
UNKNOWNUSER143939
UNKNOWNUSER143940
UNKNOWNUSER143941
UNKNOWNUSER143942
UNKNOWNUSER143943
UNKNOWNUSER143944
UNKNOWNUSER143945
UNKNOWNUSER143946
UNKNOWNUSER143947
UNKNOWNUSER143948
UNKNOWNUSER143949
UNKNOWNUSER143950
UNKNOWNUSER143951
UNKNOWNUSER143952
UNKNOWNUSER143953
UNKNOWNUSER143954
UNKNOWNUSER143955
UNKNOWNUSER143956
UNKNOWNUSER143957
UNKNOWNUSER143958
UNKNOWNUSER143959
UNKNOWNUSER143960
UNKNOWNUSER143961
UNKNOWNUSER143962
UNKNOWNUSER143963
UNKNOWNUSER143964
UNKNOWNUSER143965
UNKNOWNUSER143967
UNKNOWNUSER143968
UNKNOWNUSER143969
UNKNOWNUSER143970
UNKNOWNUSER143971
UNKNOWNUSER143972
UNKNOWNUSER143973
UNKNOWNUSER143974
UNKNOWNUSER143975
UNKNOWNUSER143976
UNKNOWNUSER143977
UNKNOWNUSER143978
UNKNOWNUSER143979
UNKNOWNUSER143980
UNKNOWNUSER143981
UNKNOWNUSER143982
UNKNOWNUSER143983
UNKNOWNUSER143984
UNKNOWNUSER143985
UNKNOWNUSER143986
UNKNOWNUSER143987
UNKNOWNUSER143988
UNKNOWNUSER143989
UNKNOWNUSER143990
UNKNOWNUSER143991
UNKNOWNUSER143992
UNKNOWNUSER143993
UNKNOWNUSER143994
UNKNOWNUSER143995
UNKNOWNUSER143996
UNKNOWNUSER143997
UNKNOWNUSER143998
UNKNOWNUSER143999
UNKNOWNUSER144000
UNKNOWNUSER144001
UNKNOWNUSER144002
UNKNOWNUSER144003
UNKNOWNUSER144004
UNKNOWNUSER144005
UNKNOWNUSER144006
UNKNOWNUSER144007
UNKNOWNUSER144008
UNKNOWNUSER144009
UNKNOWNUSER144010
UNKNOWNUSER144011
UNKNOWNUSER144012
UNKNOWNUSER144013
UNKNOWNUSER144014
UNKNOWNUSER144015
UNKNOWNUSER144016
UNKNOWNUSER144017
UNKNOWNUSER144018
UNKNOWNUSER144019
UNKNOWNUSER144020
UNKNOWNUSER144021
UNKNOWNUSER144022
UNKNOWNUSER144023
UNKNOWNUSER144024
UNKNOWNUSER144025
UNKNOWNUSER144026
UNKNOWNUSER144027
UNKNOWNUSER144028
UNKNOWNUSER144029
UNKNOWNUSER144030
UNKNOWNUSER144031
UNKNOWNUSER144032
UNKNOWNUSER144033
UNKNOWNUSER144034
UNKNOWNUSER144035
UNKNOWNUSER144036
UNKNOWNUSER144037
UNKNOWNUSER144038
UNKNOWNUSER144039
UNKNOWNUSER144040
UNKNOWNUSER144041
UNKNOWNUSER144042
UNKNOWNUSER144043
UNKNOWNUSER144044
UNKNOWNUSER144045
UNKNOWNUSER144046
UNKNOWNUSER144047
UNKNOWNUSER144048
UNKNOWNUSER144049
UNKNOWNUSER144050
UNKNOWNUSER144051
UNKNOWNUSER144052
UNKNOWNUSER144053
UNKNOWNUSER144054
UNKNOWNUSER144055
UNKNOWNUSER144056
UNKNOWNUSER144057
UNKNOWNUSER144058
UNKNOWNUSER144059
UNKNOWNUSER144060
UNKNOWNUSER144061
UNKNOWNUSER144063
UNKNOWNUSER144064
UNKNOWNUSER144065
UNKNOWNUSER144066
UNKNOWNUSER144067
UNKNOWNUSER144068
UNKNOWNUSER144069
UNKNOWNUSER144070
UNKNOWNUSER144071
UNKNOWNUSER144072
UNKNOWNUSER144073
UNKNOWNUSER144074
UNKNOWNUSER144075
UNKNOWNUSER144076
UNKNOWNUSER144077
UNKNOWNUSER144078
UNKNOWNUSER144080
UNKNOWNUSER144081
UNKNOWNUSER144083
UNKNOWNUSER144084
UNKNOWNUSER144085
UNKNOWNUSER144086
UNKNOWNUSER144087
UNKNOWNUSER144088
UNKNOWNUSER144089
UNKNOWNUSER144090
UNKNOWNUSER144091
UNKNOWNUSER144092
UNKNOWNUSER144093
UNKNOWNUSER144094
UNKNOWNUSER144095
UNKNOWNUSER144096
UNKNOWNUSER144097
UNKNOWNUSER144098
UNKNOWNUSER144099
UNKNOWNUSER144100
UNKNOWNUSER144101
UNKNOWNUSER144102
UNKNOWNUSER144103
UNKNOWNUSER144104
UNKNOWNUSER144105
UNKNOWNUSER144106
UNKNOWNUSER144107
UNKNOWNUSER144108
UNKNOWNUSER144109
UNKNOWNUSER144110
UNKNOWNUSER144111
UNKNOWNUSER144112
UNKNOWNUSER144113
UNKNOWNUSER144114
UNKNOWNUSER144115
UNKNOWNUSER144116
UNKNOWNUSER144117
UNKNOWNUSER144118
UNKNOWNUSER144119
UNKNOWNUSER144120
UNKNOWNUSER144121
UNKNOWNUSER144122
UNKNOWNUSER144123
UNKNOWNUSER144124
UNKNOWNUSER144125
UNKNOWNUSER144126
UNKNOWNUSER144127
UNKNOWNUSER144128
UNKNOWNUSER144129
UNKNOWNUSER144130
UNKNOWNUSER144131
UNKNOWNUSER144132
UNKNOWNUSER144133
UNKNOWNUSER144134
UNKNOWNUSER144135
UNKNOWNUSER144136
UNKNOWNUSER144137
UNKNOWNUSER144138
UNKNOWNUSER144139
UNKNOWNUSER144140
UNKNOWNUSER144141
UNKNOWNUSER144142
UNKNOWNUSER144143
UNKNOWNUSER144144
UNKNOWNUSER144146
UNKNOWNUSER144147
UNKNOWNUSER144148
UNKNOWNUSER144149
UNKNOWNUSER144150
UNKNOWNUSER144151
UNKNOWNUSER144152
UNKNOWNUSER144153
UNKNOWNUSER144154
UNKNOWNUSER144155
UNKNOWNUSER144156
UNKNOWNUSER144157
UNKNOWNUSER144158
UNKNOWNUSER144159
UNKNOWNUSER144160
UNKNOWNUSER144161
UNKNOWNUSER144162
UNKNOWNUSER144163
UNKNOWNUSER144164
UNKNOWNUSER144165
UNKNOWNUSER144166
UNKNOWNUSER144169
UNKNOWNUSER144170
UNKNOWNUSER144171
UNKNOWNUSER144172
UNKNOWNUSER144173
UNKNOWNUSER144174
UNKNOWNUSER144175
UNKNOWNUSER144176
UNKNOWNUSER144177
UNKNOWNUSER144178
UNKNOWNUSER144179
UNKNOWNUSER144180
UNKNOWNUSER144181
UNKNOWNUSER144182
UNKNOWNUSER144183
UNKNOWNUSER144184
UNKNOWNUSER144185
UNKNOWNUSER144186
UNKNOWNUSER144187
UNKNOWNUSER144188
UNKNOWNUSER144189
UNKNOWNUSER144190
UNKNOWNUSER144191
UNKNOWNUSER144192
UNKNOWNUSER144193
UNKNOWNUSER144194
UNKNOWNUSER144195
UNKNOWNUSER144196
UNKNOWNUSER144197
UNKNOWNUSER144198
UNKNOWNUSER144199
UNKNOWNUSER144200
UNKNOWNUSER144201
UNKNOWNUSER144202
UNKNOWNUSER144203
UNKNOWNUSER144204
UNKNOWNUSER144205
UNKNOWNUSER144206
UNKNOWNUSER144207
UNKNOWNUSER144208
UNKNOWNUSER144209
UNKNOWNUSER144210
UNKNOWNUSER144211
UNKNOWNUSER144212
UNKNOWNUSER144213
UNKNOWNUSER144214
UNKNOWNUSER144216
UNKNOWNUSER144217
UNKNOWNUSER144218
UNKNOWNUSER144219
UNKNOWNUSER144220
UNKNOWNUSER144221
UNKNOWNUSER144222
UNKNOWNUSER144223
UNKNOWNUSER144224
UNKNOWNUSER144225
UNKNOWNUSER144226
UNKNOWNUSER144227
UNKNOWNUSER144228
UNKNOWNUSER144229
UNKNOWNUSER144230
UNKNOWNUSER144231
UNKNOWNUSER144232
UNKNOWNUSER144233
UNKNOWNUSER144234
UNKNOWNUSER144235
UNKNOWNUSER144236
UNKNOWNUSER144237
UNKNOWNUSER144238
UNKNOWNUSER144239
UNKNOWNUSER144240
UNKNOWNUSER144241
UNKNOWNUSER144242
UNKNOWNUSER144243
UNKNOWNUSER144244
UNKNOWNUSER144245
UNKNOWNUSER144246
UNKNOWNUSER144247
UNKNOWNUSER144248
UNKNOWNUSER144249
UNKNOWNUSER144250
UNKNOWNUSER144251
UNKNOWNUSER144252
UNKNOWNUSER144253
UNKNOWNUSER144255
UNKNOWNUSER144257
UNKNOWNUSER144258
UNKNOWNUSER144259
UNKNOWNUSER144260
UNKNOWNUSER144261
UNKNOWNUSER144262
UNKNOWNUSER144263
UNKNOWNUSER144264
UNKNOWNUSER144265
UNKNOWNUSER144266
UNKNOWNUSER144267
UNKNOWNUSER144268
UNKNOWNUSER144269
UNKNOWNUSER144270
UNKNOWNUSER144271
UNKNOWNUSER144272
UNKNOWNUSER144273
UNKNOWNUSER144274
UNKNOWNUSER144275
UNKNOWNUSER144276
UNKNOWNUSER144277
UNKNOWNUSER144278
UNKNOWNUSER144279
UNKNOWNUSER144280
UNKNOWNUSER144281
UNKNOWNUSER144282
UNKNOWNUSER144283
UNKNOWNUSER144284
UNKNOWNUSER144285
UNKNOWNUSER144286
UNKNOWNUSER144287
UNKNOWNUSER144288
UNKNOWNUSER144289
UNKNOWNUSER144290
UNKNOWNUSER144291
UNKNOWNUSER144292
UNKNOWNUSER144293
UNKNOWNUSER144294
UNKNOWNUSER144295
UNKNOWNUSER144296
UNKNOWNUSER144298
UNKNOWNUSER144300
UNKNOWNUSER144301
UNKNOWNUSER144302
UNKNOWNUSER144304
UNKNOWNUSER144305
UNKNOWNUSER144306
UNKNOWNUSER144307
UNKNOWNUSER144308
UNKNOWNUSER144309
UNKNOWNUSER144310
UNKNOWNUSER144311
UNKNOWNUSER144312
UNKNOWNUSER144313
UNKNOWNUSER144315
UNKNOWNUSER144316
UNKNOWNUSER144317
UNKNOWNUSER144318
UNKNOWNUSER144319
UNKNOWNUSER144320
UNKNOWNUSER144321
UNKNOWNUSER144322
UNKNOWNUSER144323
UNKNOWNUSER144324
UNKNOWNUSER144327
UNKNOWNUSER144328
UNKNOWNUSER144329
UNKNOWNUSER144330
UNKNOWNUSER144332
UNKNOWNUSER144333
UNKNOWNUSER144334
UNKNOWNUSER144335
UNKNOWNUSER144336
UNKNOWNUSER144337
UNKNOWNUSER144338
UNKNOWNUSER144339
UNKNOWNUSER144341
UNKNOWNUSER144342
UNKNOWNUSER144343
UNKNOWNUSER144344
UNKNOWNUSER144345
UNKNOWNUSER144346
UNKNOWNUSER144347
UNKNOWNUSER144348
UNKNOWNUSER144349
UNKNOWNUSER144350
UNKNOWNUSER144351
UNKNOWNUSER144352
UNKNOWNUSER144353
UNKNOWNUSER144354
UNKNOWNUSER144355
UNKNOWNUSER144356
UNKNOWNUSER144357
UNKNOWNUSER144358
UNKNOWNUSER144359
UNKNOWNUSER144360
UNKNOWNUSER144361
UNKNOWNUSER144362
UNKNOWNUSER144363
UNKNOWNUSER144364
UNKNOWNUSER144365
UNKNOWNUSER144366
UNKNOWNUSER144367
UNKNOWNUSER144369
UNKNOWNUSER144370
UNKNOWNUSER144371
UNKNOWNUSER144372
UNKNOWNUSER144374
UNKNOWNUSER144375
UNKNOWNUSER144376
UNKNOWNUSER144377
UNKNOWNUSER144378
UNKNOWNUSER144379
UNKNOWNUSER144380
UNKNOWNUSER144381
UNKNOWNUSER144382
UNKNOWNUSER144383
UNKNOWNUSER144384
UNKNOWNUSER144385
UNKNOWNUSER144386
UNKNOWNUSER144387
UNKNOWNUSER144388
UNKNOWNUSER144389
UNKNOWNUSER144390
UNKNOWNUSER144391
UNKNOWNUSER144392
UNKNOWNUSER144393
UNKNOWNUSER144394
UNKNOWNUSER144395
UNKNOWNUSER144396
UNKNOWNUSER144397
UNKNOWNUSER144398
UNKNOWNUSER144399
UNKNOWNUSER144400
UNKNOWNUSER144401
UNKNOWNUSER144403
UNKNOWNUSER144404
UNKNOWNUSER144405
UNKNOWNUSER144406
UNKNOWNUSER144407
UNKNOWNUSER144408
UNKNOWNUSER144409
UNKNOWNUSER144410
UNKNOWNUSER144411
UNKNOWNUSER144412
UNKNOWNUSER144413
UNKNOWNUSER144414
UNKNOWNUSER144415
UNKNOWNUSER144416
UNKNOWNUSER144417
UNKNOWNUSER144418
UNKNOWNUSER144419
UNKNOWNUSER144420
UNKNOWNUSER144421
UNKNOWNUSER144422
UNKNOWNUSER144423
UNKNOWNUSER144424
UNKNOWNUSER144425
UNKNOWNUSER144426
UNKNOWNUSER144427
UNKNOWNUSER144428
UNKNOWNUSER144429
UNKNOWNUSER144430
UNKNOWNUSER144431
UNKNOWNUSER144433
UNKNOWNUSER144434
UNKNOWNUSER144435
UNKNOWNUSER144436
UNKNOWNUSER144437
UNKNOWNUSER144438
UNKNOWNUSER144439
UNKNOWNUSER144440
UNKNOWNUSER144441
UNKNOWNUSER144443
UNKNOWNUSER144444
UNKNOWNUSER144445
UNKNOWNUSER144446
UNKNOWNUSER144447
UNKNOWNUSER144448
UNKNOWNUSER144449
UNKNOWNUSER144450
UNKNOWNUSER144451
UNKNOWNUSER144452
UNKNOWNUSER144454
UNKNOWNUSER144455
UNKNOWNUSER144456
UNKNOWNUSER144457
UNKNOWNUSER144458
UNKNOWNUSER144459
UNKNOWNUSER144460
UNKNOWNUSER144462
UNKNOWNUSER144463
UNKNOWNUSER144464
UNKNOWNUSER144465
UNKNOWNUSER144466
UNKNOWNUSER144467
UNKNOWNUSER144468
UNKNOWNUSER144469
UNKNOWNUSER144470
UNKNOWNUSER144471
UNKNOWNUSER144472
UNKNOWNUSER144473
UNKNOWNUSER144474
UNKNOWNUSER144475
UNKNOWNUSER144476
UNKNOWNUSER144477
UNKNOWNUSER144478
UNKNOWNUSER144479
UNKNOWNUSER144480
UNKNOWNUSER144481
UNKNOWNUSER144482
UNKNOWNUSER144483
UNKNOWNUSER144484
UNKNOWNUSER144485
UNKNOWNUSER144487
UNKNOWNUSER144488
UNKNOWNUSER144489
UNKNOWNUSER144490
UNKNOWNUSER144491
UNKNOWNUSER144492
UNKNOWNUSER144493
UNKNOWNUSER144494
UNKNOWNUSER144495
UNKNOWNUSER144496
UNKNOWNUSER144497
UNKNOWNUSER144498
UNKNOWNUSER144499
UNKNOWNUSER144500
UNKNOWNUSER144501
UNKNOWNUSER144502
UNKNOWNUSER144503
UNKNOWNUSER144504
UNKNOWNUSER144505
UNKNOWNUSER144506
UNKNOWNUSER144507
UNKNOWNUSER144508
UNKNOWNUSER144509
UNKNOWNUSER144511
UNKNOWNUSER144513
UNKNOWNUSER144514
UNKNOWNUSER144515
UNKNOWNUSER144516
UNKNOWNUSER144518
UNKNOWNUSER144519
UNKNOWNUSER144520
UNKNOWNUSER144521
UNKNOWNUSER144522
UNKNOWNUSER144523
UNKNOWNUSER144524
UNKNOWNUSER144525
UNKNOWNUSER144526
UNKNOWNUSER144527
UNKNOWNUSER144528
UNKNOWNUSER144529
UNKNOWNUSER144530
UNKNOWNUSER144531
UNKNOWNUSER144532
UNKNOWNUSER144533
UNKNOWNUSER144534
UNKNOWNUSER144535
UNKNOWNUSER144536
UNKNOWNUSER144537
UNKNOWNUSER144538
UNKNOWNUSER144539
UNKNOWNUSER144540
UNKNOWNUSER144541
UNKNOWNUSER144542
UNKNOWNUSER144544
UNKNOWNUSER144545
UNKNOWNUSER144546
UNKNOWNUSER144547
UNKNOWNUSER144548
UNKNOWNUSER144549
UNKNOWNUSER144550
UNKNOWNUSER144552
UNKNOWNUSER144553
UNKNOWNUSER144554
UNKNOWNUSER144556
UNKNOWNUSER144557
UNKNOWNUSER144558
UNKNOWNUSER144559
UNKNOWNUSER144561
UNKNOWNUSER144562
UNKNOWNUSER144563
UNKNOWNUSER144564
UNKNOWNUSER144565
UNKNOWNUSER144566
UNKNOWNUSER144567
UNKNOWNUSER144568
UNKNOWNUSER144569
UNKNOWNUSER144570
UNKNOWNUSER144571
UNKNOWNUSER144572
UNKNOWNUSER144573
UNKNOWNUSER144574
UNKNOWNUSER144575
UNKNOWNUSER144577
UNKNOWNUSER144578
UNKNOWNUSER144579
UNKNOWNUSER144580
UNKNOWNUSER144581
UNKNOWNUSER144582
UNKNOWNUSER144583
UNKNOWNUSER144584
UNKNOWNUSER144585
UNKNOWNUSER144589
UNKNOWNUSER144590
UNKNOWNUSER144591
UNKNOWNUSER144592
UNKNOWNUSER144593
UNKNOWNUSER144594
UNKNOWNUSER144595
UNKNOWNUSER144596
UNKNOWNUSER144597
UNKNOWNUSER144598
UNKNOWNUSER144599
UNKNOWNUSER144600
UNKNOWNUSER144601
UNKNOWNUSER144602
UNKNOWNUSER144603
UNKNOWNUSER144604
UNKNOWNUSER144605
UNKNOWNUSER144606
UNKNOWNUSER144608
UNKNOWNUSER144609
UNKNOWNUSER144610
UNKNOWNUSER144611
UNKNOWNUSER144612
UNKNOWNUSER144613
UNKNOWNUSER144614
UNKNOWNUSER144615
UNKNOWNUSER144616
UNKNOWNUSER144617
UNKNOWNUSER144618
UNKNOWNUSER144619
UNKNOWNUSER144620
UNKNOWNUSER144621
UNKNOWNUSER144622
UNKNOWNUSER144623
UNKNOWNUSER144624
UNKNOWNUSER144625
UNKNOWNUSER144626
UNKNOWNUSER144627
UNKNOWNUSER144632
UNKNOWNUSER144633
UNKNOWNUSER144634
UNKNOWNUSER144635
UNKNOWNUSER144636
UNKNOWNUSER144637
UNKNOWNUSER144638
UNKNOWNUSER144639
UNKNOWNUSER144640
UNKNOWNUSER144641
UNKNOWNUSER144642
UNKNOWNUSER144643
UNKNOWNUSER144644
UNKNOWNUSER144645
UNKNOWNUSER144646
UNKNOWNUSER144647
UNKNOWNUSER144648
UNKNOWNUSER144649
UNKNOWNUSER144650
UNKNOWNUSER144651
UNKNOWNUSER144652
UNKNOWNUSER144653
UNKNOWNUSER144654
UNKNOWNUSER144655
UNKNOWNUSER144656
UNKNOWNUSER144657
UNKNOWNUSER144658
UNKNOWNUSER144659
UNKNOWNUSER144660
UNKNOWNUSER144661
UNKNOWNUSER144662
UNKNOWNUSER144663
UNKNOWNUSER144664
UNKNOWNUSER144665
UNKNOWNUSER144666
UNKNOWNUSER144667
UNKNOWNUSER144668
UNKNOWNUSER144669
UNKNOWNUSER144670
UNKNOWNUSER144671
UNKNOWNUSER144672
UNKNOWNUSER144673
UNKNOWNUSER144674
UNKNOWNUSER144675
UNKNOWNUSER144676
UNKNOWNUSER144677
UNKNOWNUSER144678
UNKNOWNUSER144679
UNKNOWNUSER144680
UNKNOWNUSER144681
UNKNOWNUSER144682
UNKNOWNUSER144683
UNKNOWNUSER144684
UNKNOWNUSER144685
UNKNOWNUSER144686
UNKNOWNUSER144687
UNKNOWNUSER144688
UNKNOWNUSER144690
UNKNOWNUSER144691
UNKNOWNUSER144692
UNKNOWNUSER144693
UNKNOWNUSER144695
UNKNOWNUSER144696
UNKNOWNUSER144697
UNKNOWNUSER144698
UNKNOWNUSER144699
UNKNOWNUSER144700
UNKNOWNUSER144701
UNKNOWNUSER144702
UNKNOWNUSER144703
UNKNOWNUSER144704
UNKNOWNUSER144705
UNKNOWNUSER144706
UNKNOWNUSER144707
UNKNOWNUSER144708
UNKNOWNUSER144709
UNKNOWNUSER144710
UNKNOWNUSER144711
UNKNOWNUSER144712
UNKNOWNUSER144713
UNKNOWNUSER144714
UNKNOWNUSER144715
UNKNOWNUSER144716
UNKNOWNUSER144717
UNKNOWNUSER144718
UNKNOWNUSER144719
UNKNOWNUSER144720
UNKNOWNUSER144721
UNKNOWNUSER144722
UNKNOWNUSER144723
UNKNOWNUSER144724
UNKNOWNUSER144725
UNKNOWNUSER144726
UNKNOWNUSER144727
UNKNOWNUSER144728
UNKNOWNUSER144729
UNKNOWNUSER144730
UNKNOWNUSER144732
UNKNOWNUSER144733
UNKNOWNUSER144734
UNKNOWNUSER144735
UNKNOWNUSER144736
UNKNOWNUSER144737
UNKNOWNUSER144738
UNKNOWNUSER144739
UNKNOWNUSER144740
UNKNOWNUSER144741
UNKNOWNUSER144742
UNKNOWNUSER144743
UNKNOWNUSER144744
UNKNOWNUSER144745
UNKNOWNUSER144746
UNKNOWNUSER144748
UNKNOWNUSER144749
UNKNOWNUSER144750
UNKNOWNUSER144751
UNKNOWNUSER144752
UNKNOWNUSER144753
UNKNOWNUSER144754
UNKNOWNUSER144755
UNKNOWNUSER144756
UNKNOWNUSER144757
UNKNOWNUSER144758
UNKNOWNUSER144759
UNKNOWNUSER144760
UNKNOWNUSER144761
UNKNOWNUSER144762
UNKNOWNUSER144763
UNKNOWNUSER144764
UNKNOWNUSER144765
UNKNOWNUSER144766
UNKNOWNUSER144767
UNKNOWNUSER144768
UNKNOWNUSER144769
UNKNOWNUSER144770
UNKNOWNUSER144771
UNKNOWNUSER144772
UNKNOWNUSER144773
UNKNOWNUSER144774
UNKNOWNUSER144775
UNKNOWNUSER144776
UNKNOWNUSER144777
UNKNOWNUSER144778
UNKNOWNUSER144779
UNKNOWNUSER144780
UNKNOWNUSER144781
UNKNOWNUSER144782
UNKNOWNUSER144783
UNKNOWNUSER144784
UNKNOWNUSER144785
UNKNOWNUSER144786
UNKNOWNUSER144787
UNKNOWNUSER144788
UNKNOWNUSER144789
UNKNOWNUSER144790
UNKNOWNUSER144791
UNKNOWNUSER144792
UNKNOWNUSER144793
UNKNOWNUSER144794
UNKNOWNUSER144795
UNKNOWNUSER144796
UNKNOWNUSER144797
UNKNOWNUSER144798
UNKNOWNUSER144799
UNKNOWNUSER144800
UNKNOWNUSER144801
UNKNOWNUSER144802
UNKNOWNUSER144803
UNKNOWNUSER144804
UNKNOWNUSER144805
UNKNOWNUSER144806
UNKNOWNUSER144807
UNKNOWNUSER144808
UNKNOWNUSER144809
UNKNOWNUSER144810
UNKNOWNUSER144811
UNKNOWNUSER144812
UNKNOWNUSER144813
UNKNOWNUSER144814
UNKNOWNUSER144815
UNKNOWNUSER144816
UNKNOWNUSER144817
UNKNOWNUSER144818
UNKNOWNUSER144819
UNKNOWNUSER144820
UNKNOWNUSER144821
UNKNOWNUSER144822
UNKNOWNUSER144824
UNKNOWNUSER144825
UNKNOWNUSER144826
UNKNOWNUSER144827
UNKNOWNUSER144828
UNKNOWNUSER144829
UNKNOWNUSER144830
UNKNOWNUSER144831
UNKNOWNUSER144832
UNKNOWNUSER144833
UNKNOWNUSER144834
UNKNOWNUSER144835
UNKNOWNUSER144836
UNKNOWNUSER144837
UNKNOWNUSER144839
UNKNOWNUSER144841
UNKNOWNUSER144842
UNKNOWNUSER144843
UNKNOWNUSER144844
UNKNOWNUSER144845
UNKNOWNUSER144846
UNKNOWNUSER144847
UNKNOWNUSER144848
UNKNOWNUSER144849
UNKNOWNUSER144850
UNKNOWNUSER144851
UNKNOWNUSER144852
UNKNOWNUSER144853
UNKNOWNUSER144854
UNKNOWNUSER144855
UNKNOWNUSER144856
UNKNOWNUSER144857
UNKNOWNUSER144858
UNKNOWNUSER144859
UNKNOWNUSER144860
UNKNOWNUSER144862
UNKNOWNUSER144863
UNKNOWNUSER144864
UNKNOWNUSER144865
UNKNOWNUSER144866
UNKNOWNUSER144867
UNKNOWNUSER144868
UNKNOWNUSER144869
UNKNOWNUSER144870
UNKNOWNUSER144871
UNKNOWNUSER144872
UNKNOWNUSER144873
UNKNOWNUSER144874
UNKNOWNUSER144875
UNKNOWNUSER144876
UNKNOWNUSER144877
UNKNOWNUSER144878
UNKNOWNUSER144879
UNKNOWNUSER144880
UNKNOWNUSER144881
UNKNOWNUSER144882
UNKNOWNUSER144883
UNKNOWNUSER144884
UNKNOWNUSER144885
UNKNOWNUSER144886
UNKNOWNUSER144887
UNKNOWNUSER144888
UNKNOWNUSER144889
UNKNOWNUSER144890
UNKNOWNUSER144891
UNKNOWNUSER144892
UNKNOWNUSER144893
UNKNOWNUSER144894
UNKNOWNUSER144895
UNKNOWNUSER144896
UNKNOWNUSER144897
UNKNOWNUSER144898
UNKNOWNUSER144899
UNKNOWNUSER144900
UNKNOWNUSER144901
UNKNOWNUSER144902
UNKNOWNUSER144903
UNKNOWNUSER144904
UNKNOWNUSER144905
UNKNOWNUSER144906
UNKNOWNUSER144907
UNKNOWNUSER144908
UNKNOWNUSER144909
UNKNOWNUSER144910
UNKNOWNUSER144911
UNKNOWNUSER144912
UNKNOWNUSER144913
UNKNOWNUSER144914
UNKNOWNUSER144915
UNKNOWNUSER144916
UNKNOWNUSER144917
UNKNOWNUSER144918
UNKNOWNUSER144919
UNKNOWNUSER144920
UNKNOWNUSER144921
UNKNOWNUSER144922
UNKNOWNUSER144923
UNKNOWNUSER144924
UNKNOWNUSER144926
UNKNOWNUSER144927
UNKNOWNUSER144928
UNKNOWNUSER144929
UNKNOWNUSER144930
UNKNOWNUSER144931
UNKNOWNUSER144932
UNKNOWNUSER144933
UNKNOWNUSER144934
UNKNOWNUSER144935
UNKNOWNUSER144936
UNKNOWNUSER144937
UNKNOWNUSER144938
UNKNOWNUSER144939
UNKNOWNUSER144940
UNKNOWNUSER144942
UNKNOWNUSER144943
UNKNOWNUSER144944
UNKNOWNUSER144945
UNKNOWNUSER144947
UNKNOWNUSER144948
UNKNOWNUSER144949
UNKNOWNUSER144950
UNKNOWNUSER144951
UNKNOWNUSER144952
UNKNOWNUSER144953
UNKNOWNUSER144954
UNKNOWNUSER144955
UNKNOWNUSER144956
UNKNOWNUSER144957
UNKNOWNUSER144958
UNKNOWNUSER144959
UNKNOWNUSER144960
UNKNOWNUSER144961
UNKNOWNUSER144962
UNKNOWNUSER144963
UNKNOWNUSER144964
UNKNOWNUSER144965
UNKNOWNUSER144967
UNKNOWNUSER144968
UNKNOWNUSER144969
UNKNOWNUSER144970
UNKNOWNUSER144971
UNKNOWNUSER144972
UNKNOWNUSER144973
UNKNOWNUSER144974
UNKNOWNUSER144976
UNKNOWNUSER144977
UNKNOWNUSER144978
UNKNOWNUSER144979
UNKNOWNUSER144980
UNKNOWNUSER144981
UNKNOWNUSER144982
UNKNOWNUSER144983
UNKNOWNUSER144984
UNKNOWNUSER144985
UNKNOWNUSER144986
UNKNOWNUSER144987
UNKNOWNUSER144989
UNKNOWNUSER144990
UNKNOWNUSER144991
UNKNOWNUSER144992
UNKNOWNUSER144993
UNKNOWNUSER144994
UNKNOWNUSER144995
UNKNOWNUSER144996
UNKNOWNUSER144997
UNKNOWNUSER144998
UNKNOWNUSER144999
UNKNOWNUSER145000
UNKNOWNUSER145001
UNKNOWNUSER145002
UNKNOWNUSER145003
UNKNOWNUSER145004
UNKNOWNUSER145005
UNKNOWNUSER145006
UNKNOWNUSER145008
UNKNOWNUSER145009
UNKNOWNUSER145010
UNKNOWNUSER145011
UNKNOWNUSER145012
UNKNOWNUSER145013
UNKNOWNUSER145014
UNKNOWNUSER145015
UNKNOWNUSER145016
UNKNOWNUSER145017
UNKNOWNUSER145018
UNKNOWNUSER145019
UNKNOWNUSER145020
UNKNOWNUSER145021
UNKNOWNUSER145022
UNKNOWNUSER145023
UNKNOWNUSER145024
UNKNOWNUSER145025
UNKNOWNUSER145026
UNKNOWNUSER145027
UNKNOWNUSER145028
UNKNOWNUSER145029
UNKNOWNUSER145030
UNKNOWNUSER145031
UNKNOWNUSER145032
UNKNOWNUSER145033
UNKNOWNUSER145035
UNKNOWNUSER145036
UNKNOWNUSER145037
UNKNOWNUSER145038
UNKNOWNUSER145039
UNKNOWNUSER145040
UNKNOWNUSER145041
UNKNOWNUSER145042
UNKNOWNUSER145043
UNKNOWNUSER145044
UNKNOWNUSER145045
UNKNOWNUSER145046
UNKNOWNUSER145047
UNKNOWNUSER145049
UNKNOWNUSER145050
UNKNOWNUSER145051
UNKNOWNUSER145052
UNKNOWNUSER145053
UNKNOWNUSER145054
UNKNOWNUSER145055
UNKNOWNUSER145056
UNKNOWNUSER145057
UNKNOWNUSER145058
UNKNOWNUSER145059
UNKNOWNUSER145060
UNKNOWNUSER145061
UNKNOWNUSER145062
UNKNOWNUSER145063
UNKNOWNUSER145065
UNKNOWNUSER145066
UNKNOWNUSER145067
UNKNOWNUSER145068
UNKNOWNUSER145069
UNKNOWNUSER145070
UNKNOWNUSER145071
UNKNOWNUSER145072
UNKNOWNUSER145073
UNKNOWNUSER145074
UNKNOWNUSER145075
UNKNOWNUSER145076
UNKNOWNUSER145078
UNKNOWNUSER145080
UNKNOWNUSER145081
UNKNOWNUSER145082
UNKNOWNUSER145083
UNKNOWNUSER145084
UNKNOWNUSER145086
UNKNOWNUSER145087
UNKNOWNUSER145088
UNKNOWNUSER145089
UNKNOWNUSER145090
UNKNOWNUSER145091
UNKNOWNUSER145092
UNKNOWNUSER145093
UNKNOWNUSER145094
UNKNOWNUSER145095
UNKNOWNUSER145096
UNKNOWNUSER145097
UNKNOWNUSER145098
UNKNOWNUSER145099
UNKNOWNUSER145100
UNKNOWNUSER145101
UNKNOWNUSER145102
UNKNOWNUSER145103
UNKNOWNUSER145104
UNKNOWNUSER145105
UNKNOWNUSER145106
UNKNOWNUSER145107
UNKNOWNUSER145108
UNKNOWNUSER145109
UNKNOWNUSER145110
UNKNOWNUSER145111
UNKNOWNUSER145112
UNKNOWNUSER145113
UNKNOWNUSER145114
UNKNOWNUSER145115
UNKNOWNUSER145116
UNKNOWNUSER145117
UNKNOWNUSER145118
UNKNOWNUSER145119
UNKNOWNUSER145120
UNKNOWNUSER145121
UNKNOWNUSER145122
UNKNOWNUSER145123
UNKNOWNUSER145124
UNKNOWNUSER145125
UNKNOWNUSER145126
UNKNOWNUSER145127
UNKNOWNUSER145128
UNKNOWNUSER145129
UNKNOWNUSER145130
UNKNOWNUSER145131
UNKNOWNUSER145132
UNKNOWNUSER145133
UNKNOWNUSER145135
UNKNOWNUSER145136
UNKNOWNUSER145137
UNKNOWNUSER145138
UNKNOWNUSER145139
UNKNOWNUSER145140
UNKNOWNUSER145141
UNKNOWNUSER145142
UNKNOWNUSER145143
UNKNOWNUSER145144
UNKNOWNUSER145145
UNKNOWNUSER145146
UNKNOWNUSER145147
UNKNOWNUSER145148
UNKNOWNUSER145149
UNKNOWNUSER145150
UNKNOWNUSER145151
UNKNOWNUSER145152
UNKNOWNUSER145154
UNKNOWNUSER145155
UNKNOWNUSER145156
UNKNOWNUSER145157
UNKNOWNUSER145158
UNKNOWNUSER145159
UNKNOWNUSER145160
UNKNOWNUSER145161
UNKNOWNUSER145162
UNKNOWNUSER145163
UNKNOWNUSER145164
UNKNOWNUSER145165
UNKNOWNUSER145166
UNKNOWNUSER145167
UNKNOWNUSER145168
UNKNOWNUSER145169
UNKNOWNUSER145170
UNKNOWNUSER145171
UNKNOWNUSER145172
UNKNOWNUSER145173
UNKNOWNUSER145174
UNKNOWNUSER145175
UNKNOWNUSER145176
UNKNOWNUSER145177
UNKNOWNUSER145178
UNKNOWNUSER145179
UNKNOWNUSER145180
UNKNOWNUSER145181
UNKNOWNUSER145182
UNKNOWNUSER145183
UNKNOWNUSER145184
UNKNOWNUSER145185
UNKNOWNUSER145186
UNKNOWNUSER145187
UNKNOWNUSER145188
UNKNOWNUSER145189
UNKNOWNUSER145190
UNKNOWNUSER145191
UNKNOWNUSER145192
UNKNOWNUSER145193
UNKNOWNUSER145194
UNKNOWNUSER145195
UNKNOWNUSER145196
UNKNOWNUSER145197
UNKNOWNUSER145198
UNKNOWNUSER145199
UNKNOWNUSER145200
UNKNOWNUSER145201
UNKNOWNUSER145202
UNKNOWNUSER145203
UNKNOWNUSER145204
UNKNOWNUSER145205
UNKNOWNUSER145206
UNKNOWNUSER145207
UNKNOWNUSER145208
UNKNOWNUSER145209
UNKNOWNUSER145211
UNKNOWNUSER145212
UNKNOWNUSER145213
UNKNOWNUSER145214
UNKNOWNUSER145215
UNKNOWNUSER145216
UNKNOWNUSER145218
UNKNOWNUSER145219
UNKNOWNUSER145220
UNKNOWNUSER145221
UNKNOWNUSER145222
UNKNOWNUSER145223
UNKNOWNUSER145224
UNKNOWNUSER145225
UNKNOWNUSER145226
UNKNOWNUSER145227
UNKNOWNUSER145228
UNKNOWNUSER145229
UNKNOWNUSER145230
UNKNOWNUSER145231
UNKNOWNUSER145232
UNKNOWNUSER145233
UNKNOWNUSER145234
UNKNOWNUSER145235
UNKNOWNUSER145236
UNKNOWNUSER145237
UNKNOWNUSER145238
UNKNOWNUSER145240
UNKNOWNUSER145241
UNKNOWNUSER145242
UNKNOWNUSER145243
UNKNOWNUSER145244
UNKNOWNUSER145245
UNKNOWNUSER145247
UNKNOWNUSER145248
UNKNOWNUSER145249
UNKNOWNUSER145250
UNKNOWNUSER145251
UNKNOWNUSER145252
UNKNOWNUSER145253
UNKNOWNUSER145254
UNKNOWNUSER145255
UNKNOWNUSER145256
UNKNOWNUSER145258
UNKNOWNUSER145259
UNKNOWNUSER145260
UNKNOWNUSER145261
UNKNOWNUSER145262
UNKNOWNUSER145263
UNKNOWNUSER145264
UNKNOWNUSER145265
UNKNOWNUSER145266
UNKNOWNUSER145267
UNKNOWNUSER145268
UNKNOWNUSER145269
UNKNOWNUSER145270
UNKNOWNUSER145271
UNKNOWNUSER145272
UNKNOWNUSER145273
UNKNOWNUSER145274
UNKNOWNUSER145275
UNKNOWNUSER145276
UNKNOWNUSER145277
UNKNOWNUSER145278
UNKNOWNUSER145279
UNKNOWNUSER145280
UNKNOWNUSER145281
UNKNOWNUSER145282
UNKNOWNUSER145283
UNKNOWNUSER145284
UNKNOWNUSER145285
UNKNOWNUSER145286
UNKNOWNUSER145287
UNKNOWNUSER145289
UNKNOWNUSER145290
UNKNOWNUSER145291
UNKNOWNUSER145292
UNKNOWNUSER145293
UNKNOWNUSER145294
UNKNOWNUSER145295
UNKNOWNUSER145296
UNKNOWNUSER145297
UNKNOWNUSER145298
UNKNOWNUSER145299
UNKNOWNUSER145300
UNKNOWNUSER145301
UNKNOWNUSER145302
UNKNOWNUSER145303
UNKNOWNUSER145304
UNKNOWNUSER145305
UNKNOWNUSER145306
UNKNOWNUSER145307
UNKNOWNUSER145308
UNKNOWNUSER145309
UNKNOWNUSER145310
UNKNOWNUSER145311
UNKNOWNUSER145312
UNKNOWNUSER145313
UNKNOWNUSER145314
UNKNOWNUSER145315
UNKNOWNUSER145317
UNKNOWNUSER145318
UNKNOWNUSER145319
UNKNOWNUSER145320
UNKNOWNUSER145322
UNKNOWNUSER145323
UNKNOWNUSER145324
UNKNOWNUSER145325
UNKNOWNUSER145326
UNKNOWNUSER145327
UNKNOWNUSER145328
UNKNOWNUSER145329
UNKNOWNUSER145330
UNKNOWNUSER145331
UNKNOWNUSER145332
UNKNOWNUSER145333
UNKNOWNUSER145334
UNKNOWNUSER145335
UNKNOWNUSER145336
UNKNOWNUSER145337
UNKNOWNUSER145339
UNKNOWNUSER145340
UNKNOWNUSER145341
UNKNOWNUSER145342
UNKNOWNUSER145343
UNKNOWNUSER145344
UNKNOWNUSER145345
UNKNOWNUSER145346
UNKNOWNUSER145347
UNKNOWNUSER145348
UNKNOWNUSER145349
UNKNOWNUSER145350
UNKNOWNUSER145351
UNKNOWNUSER145352
UNKNOWNUSER145353
UNKNOWNUSER145354
UNKNOWNUSER145355
UNKNOWNUSER145356
UNKNOWNUSER145357
UNKNOWNUSER145358
UNKNOWNUSER145359
UNKNOWNUSER145360
UNKNOWNUSER145361
UNKNOWNUSER145362
UNKNOWNUSER145363
UNKNOWNUSER145364
UNKNOWNUSER145365
UNKNOWNUSER145366
UNKNOWNUSER145367
UNKNOWNUSER145368
UNKNOWNUSER145369
UNKNOWNUSER145370
UNKNOWNUSER145371
UNKNOWNUSER145372
UNKNOWNUSER145373
UNKNOWNUSER145374
UNKNOWNUSER145375
UNKNOWNUSER145376
UNKNOWNUSER145377
UNKNOWNUSER145378
UNKNOWNUSER145379
UNKNOWNUSER145380
UNKNOWNUSER145381
UNKNOWNUSER145382
UNKNOWNUSER145383
UNKNOWNUSER145384
UNKNOWNUSER145385
UNKNOWNUSER145386
UNKNOWNUSER145387
UNKNOWNUSER145388
UNKNOWNUSER145389
UNKNOWNUSER145390
UNKNOWNUSER145391
UNKNOWNUSER145392
UNKNOWNUSER145393
UNKNOWNUSER145394
UNKNOWNUSER145395
UNKNOWNUSER145396
UNKNOWNUSER145397
UNKNOWNUSER145398
UNKNOWNUSER145399
UNKNOWNUSER145400
UNKNOWNUSER145401
UNKNOWNUSER145403
UNKNOWNUSER145404
UNKNOWNUSER145405
UNKNOWNUSER145406
UNKNOWNUSER145407
UNKNOWNUSER145408
UNKNOWNUSER145409
UNKNOWNUSER145410
UNKNOWNUSER145411
UNKNOWNUSER145412
UNKNOWNUSER145413
UNKNOWNUSER145414
UNKNOWNUSER145415
UNKNOWNUSER145416
UNKNOWNUSER145417
UNKNOWNUSER145418
UNKNOWNUSER145419
UNKNOWNUSER145420
UNKNOWNUSER145421
UNKNOWNUSER145422
UNKNOWNUSER145423
UNKNOWNUSER145424
UNKNOWNUSER145425
UNKNOWNUSER145426
UNKNOWNUSER145427
UNKNOWNUSER145428
UNKNOWNUSER145429
UNKNOWNUSER145430
UNKNOWNUSER145431
UNKNOWNUSER145432
UNKNOWNUSER145433
UNKNOWNUSER145434
UNKNOWNUSER145435
UNKNOWNUSER145436
UNKNOWNUSER145437
UNKNOWNUSER145438
UNKNOWNUSER145439
UNKNOWNUSER145440
UNKNOWNUSER145441
UNKNOWNUSER145442
UNKNOWNUSER145443
UNKNOWNUSER145444
UNKNOWNUSER145445
UNKNOWNUSER145446
UNKNOWNUSER145447
UNKNOWNUSER145448
UNKNOWNUSER145449
UNKNOWNUSER145450
UNKNOWNUSER145451
UNKNOWNUSER145452
UNKNOWNUSER145453
UNKNOWNUSER145454
UNKNOWNUSER145455
UNKNOWNUSER145456
UNKNOWNUSER145457
UNKNOWNUSER145458
UNKNOWNUSER145459
UNKNOWNUSER145460
UNKNOWNUSER145461
UNKNOWNUSER145462
UNKNOWNUSER145463
UNKNOWNUSER145464
UNKNOWNUSER145465
UNKNOWNUSER145466
UNKNOWNUSER145467
UNKNOWNUSER145468
UNKNOWNUSER145469
UNKNOWNUSER145470
UNKNOWNUSER145471
UNKNOWNUSER145473
UNKNOWNUSER145474
UNKNOWNUSER145475
UNKNOWNUSER145476
UNKNOWNUSER145477
UNKNOWNUSER145478
UNKNOWNUSER145479
UNKNOWNUSER145480
UNKNOWNUSER145481
UNKNOWNUSER145482
UNKNOWNUSER145483
UNKNOWNUSER145484
UNKNOWNUSER145485
UNKNOWNUSER145486
UNKNOWNUSER145487
UNKNOWNUSER145488
UNKNOWNUSER145489
UNKNOWNUSER145490
UNKNOWNUSER145491
UNKNOWNUSER145492
UNKNOWNUSER145493
UNKNOWNUSER145494
UNKNOWNUSER145495
UNKNOWNUSER145496
UNKNOWNUSER145497
UNKNOWNUSER145498
UNKNOWNUSER145499
UNKNOWNUSER145500
UNKNOWNUSER145501
UNKNOWNUSER145502
UNKNOWNUSER145503
UNKNOWNUSER145506
UNKNOWNUSER145507
UNKNOWNUSER145508
UNKNOWNUSER145509
UNKNOWNUSER145510
UNKNOWNUSER145511
UNKNOWNUSER145512
UNKNOWNUSER145513
UNKNOWNUSER145514
UNKNOWNUSER145515
UNKNOWNUSER145516
UNKNOWNUSER145517
UNKNOWNUSER145518
UNKNOWNUSER145519
UNKNOWNUSER145520
UNKNOWNUSER145521
UNKNOWNUSER145522
UNKNOWNUSER145523
UNKNOWNUSER145524
UNKNOWNUSER145525
UNKNOWNUSER145526
UNKNOWNUSER145527
UNKNOWNUSER145528
UNKNOWNUSER145529
UNKNOWNUSER145530
UNKNOWNUSER145531
UNKNOWNUSER145532
UNKNOWNUSER145533
UNKNOWNUSER145534
UNKNOWNUSER145535
UNKNOWNUSER145536
UNKNOWNUSER145537
UNKNOWNUSER145538
UNKNOWNUSER145539
UNKNOWNUSER145540
UNKNOWNUSER145541
UNKNOWNUSER145542
UNKNOWNUSER145543
UNKNOWNUSER145544
UNKNOWNUSER145545
UNKNOWNUSER145546
UNKNOWNUSER145547
UNKNOWNUSER145548
UNKNOWNUSER145549
UNKNOWNUSER145550
UNKNOWNUSER145551
UNKNOWNUSER145552
UNKNOWNUSER145553
UNKNOWNUSER145554
UNKNOWNUSER145555
UNKNOWNUSER145556
UNKNOWNUSER145557
UNKNOWNUSER145558
UNKNOWNUSER145559
UNKNOWNUSER145560
UNKNOWNUSER145561
UNKNOWNUSER145562
UNKNOWNUSER145563
UNKNOWNUSER145564
UNKNOWNUSER145565
UNKNOWNUSER145566
UNKNOWNUSER145567
UNKNOWNUSER145568
UNKNOWNUSER145569
UNKNOWNUSER145570
UNKNOWNUSER145571
UNKNOWNUSER145572
UNKNOWNUSER145573
UNKNOWNUSER145574
UNKNOWNUSER145575
UNKNOWNUSER145576
UNKNOWNUSER145577
UNKNOWNUSER145578
UNKNOWNUSER145579
UNKNOWNUSER145580
UNKNOWNUSER145581
UNKNOWNUSER145582
UNKNOWNUSER145583
UNKNOWNUSER145584
UNKNOWNUSER145585
UNKNOWNUSER145586
UNKNOWNUSER145587
UNKNOWNUSER145588
UNKNOWNUSER145589
UNKNOWNUSER145590
UNKNOWNUSER145591
UNKNOWNUSER145592
UNKNOWNUSER145593
UNKNOWNUSER145594
UNKNOWNUSER145595
UNKNOWNUSER145596
UNKNOWNUSER145597
